What is John Mayne's occupation?	Insufficient evidence
What is Kathy Saltzman's occupation?	Insufficient evidence
What is Eleanor Davis's occupation?	Insufficient evidence
What is William Murray, 1st Earl of Mansfield's occupation?	Insufficient evidence
What is Þorsteinn Bachmann's occupation?	Insufficient evidence
What is Jacob Kraemer's occupation?	Insufficient evidence
What is Bae Geu-rin's occupation?	Insufficient evidence
What is John Floyd's occupation?	Insufficient evidence
What is Sachiko Kokubu's occupation?	Insufficient evidence
What is Akari Hayami's occupation?	Insufficient evidence
What is Paris's occupation?	Insufficient evidence
What is Fairfax M. Cone's occupation?	Insufficient evidence
What is Albert Bates's occupation?	Insufficient evidence
What is Heath's occupation?	Insufficient evidence
What is Yoshiki Tonogai's occupation?	Insufficient evidence
What is Thomas R. Whitney's occupation?	Insufficient evidence
What is Edwin Wallock's occupation?	Insufficient evidence
What is Tsutomu Seki's occupation?	Insufficient evidence
What is Matthew McKay's occupation?	Insufficient evidence
What is Dominick Bellizzi's occupation?	Insufficient evidence
What is Brendan Canty's occupation?	Insufficient evidence
What is María Elena Marqués's occupation?	Insufficient evidence
What is Patrick O'Brien Demsey's occupation?	Insufficient evidence
What is Boutheina Jabnoun's occupation?	Insufficient evidence
What is Modou Dia's occupation?	Insufficient evidence
What is Glenn Albrecht's occupation?	Insufficient evidence
What is Tobias Lindholm's occupation?	Insufficient evidence
What is Ingrid Martinez's occupation?	Insufficient evidence
What is Tolis Voskopoulos's occupation?	Insufficient evidence
What is Marco Ameglio's occupation?	Insufficient evidence
What is Mohd Sharkar Shamsudin's occupation?	Insufficient evidence
What is Anthony Sharp's occupation?	Insufficient evidence
What is Claire Berlinski's occupation?	Insufficient evidence
What is Russell Stokes's occupation?	Insufficient evidence
What is C. E. Webber's occupation?	Insufficient evidence
What is Muhammad Ali Luqman's occupation?	Insufficient evidence
What is Ivo Perilli's occupation?	Insufficient evidence
What is Joseph Weydemeyer's occupation?	Insufficient evidence
What is Ai's occupation?	Insufficient evidence
What is Rinaldo del Mel's occupation?	Insufficient evidence
What is Annie Beustes's occupation?	Insufficient evidence
What is Elisa Bridges's occupation?	Insufficient evidence
What is Domingo Eyzaguirre's occupation?	Insufficient evidence
What is Suzanne Lilar's occupation?	Insufficient evidence
What is Karen Redman's occupation?	Insufficient evidence
What is Eduard Looijenga's occupation?	Insufficient evidence
What is Petrus Camper's occupation?	Insufficient evidence
What is Jacopo Melani's occupation?	Insufficient evidence
What is Charlotte von Hagn's occupation?	Insufficient evidence
What is Michael Hutchings's occupation?	Insufficient evidence
What is James Alex Msekela's occupation?	Insufficient evidence
What is Hiroyuki Arai's occupation?	Insufficient evidence
What is Melinda Mullins's occupation?	Insufficient evidence
What is Meyer Lutz's occupation?	Insufficient evidence
What is Ludwig Lichtschein's occupation?	Insufficient evidence
What is Władysław Sławny's occupation?	Insufficient evidence
What is Johnson's occupation?	Insufficient evidence
What is Walter Köbel's occupation?	Insufficient evidence
What is Debbie Johnson's occupation?	Insufficient evidence
What is Kekko Fornarelli's occupation?	Insufficient evidence
What is Adil Shamoo's occupation?	Insufficient evidence
What is Patrick Mulvany's occupation?	Insufficient evidence
What is Gerard Kennedy's occupation?	Insufficient evidence
What is Giora Godik's occupation?	Insufficient evidence
What is Lillian Lawrence's occupation?	Insufficient evidence
What is Philip Rosenberg's occupation?	Insufficient evidence
What is Mariana Vicente's occupation?	Insufficient evidence
What is Huntington Wilson's occupation?	Insufficient evidence
What is Bala's occupation?	Insufficient evidence
What is Steve Tom's occupation?	Insufficient evidence
What is Ilja Rosendahl's occupation?	Insufficient evidence
What is Thanasis Pafilis's occupation?	Insufficient evidence
What is Christopher Butson's occupation?	Insufficient evidence
What is Hate Man's occupation?	Insufficient evidence
What is Rich Brightman's occupation?	Insufficient evidence
What is Edward Norton's occupation?	Insufficient evidence
What is Jonathan Le Billon's occupation?	Insufficient evidence
What is Eliza Lawrence's occupation?	Insufficient evidence
What is Charles Combe's occupation?	Insufficient evidence
What is GQ's occupation?	Insufficient evidence
What is John D. Maurice's occupation?	Insufficient evidence
What is Harvey Benge's occupation?	Insufficient evidence
What is Alan Huckle's occupation?	Insufficient evidence
What is Sylwester Braun's occupation?	Insufficient evidence
What is Jack Mackenzie's occupation?	Insufficient evidence
What is Ernst Theodor Echtermeyer's occupation?	Insufficient evidence
What is Felicia Chateloin's occupation?	Insufficient evidence
What is Bedřich Feigl's occupation?	Insufficient evidence
What is Björn Böhning's occupation?	Insufficient evidence
What is Stanley Peiris's occupation?	Insufficient evidence
What is J. Da Silva's occupation?	Insufficient evidence
What is Carsten Carlsen's occupation?	Insufficient evidence
What is Shiva Nageswara Rao's occupation?	Insufficient evidence
What is Fritz Goos's occupation?	Insufficient evidence
What is Alexander Gadolin's occupation?	Insufficient evidence
What is Kamya Panjabi's occupation?	Insufficient evidence
What is John Strange's occupation?	Insufficient evidence
What is Everley Gregg's occupation?	Insufficient evidence
What is Meg McCall's occupation?	Insufficient evidence
What is Todd Verow's occupation?	Insufficient evidence
What is Kyaw Swe's occupation?	Insufficient evidence
What is Edwin H. Knopf's occupation?	Insufficient evidence
What is Tatiana Doronina's occupation?	Insufficient evidence
What is Marina Baker's occupation?	Insufficient evidence
What is Giuseppe Demachi's occupation?	Insufficient evidence
What is Atsushi Kaneko's occupation?	Insufficient evidence
What is Richard Faith's occupation?	Insufficient evidence
What is E. David Redwine's occupation?	Insufficient evidence
What is Chiara Zanni's occupation?	Insufficient evidence
What is P. J. Moloney's occupation?	Insufficient evidence
What is Andreas Rüdiger's occupation?	Insufficient evidence
What is Guillem Ramon de Gironella's occupation?	Insufficient evidence
What is Dima Grigoriev's occupation?	Insufficient evidence
What is Paddy Mullins's occupation?	Insufficient evidence
What is Alan Mauritz Swanson's occupation?	Insufficient evidence
What is Harvey William Burk's occupation?	Insufficient evidence
What is Richard Sandrak's occupation?	Insufficient evidence
What is Jim Boyd's occupation?	Insufficient evidence
What is Nosrat Karimi's occupation?	Insufficient evidence
What is Jörg A. Eggers's occupation?	Insufficient evidence
What is Duilio Forte's occupation?	Insufficient evidence
What is Giovanni Grasso's occupation?	Insufficient evidence
What is Adam Darr's occupation?	Insufficient evidence
What is Paul Lieber's occupation?	Insufficient evidence
What is Keiko Aizawa's occupation?	Insufficient evidence
What is Petros Efthymiou's occupation?	Insufficient evidence
What is Isobel Pravda's occupation?	Insufficient evidence
What is Seungri's occupation?	Insufficient evidence
What is DM Sevilla's occupation?	Insufficient evidence
What is Carlo Giustini's occupation?	Insufficient evidence
What is Hugo Becker's occupation?	Insufficient evidence
What is Per Risvik's occupation?	Insufficient evidence
What is Eleanor Yule's occupation?	Insufficient evidence
What is Claire Adams's occupation?	Insufficient evidence
What is Lothrop Stoddard's occupation?	Insufficient evidence
What is Chris Lang's occupation?	Insufficient evidence
What is Pamela Winslow's occupation?	Insufficient evidence
What is Zoran Rankić's occupation?	Insufficient evidence
What is George Minor's occupation?	Insufficient evidence
What is Anjali Sudhakar's occupation?	Insufficient evidence
What is Jean Gabriel Marie's occupation?	Insufficient evidence
What is George Birnie Esslemont's occupation?	Insufficient evidence
What is Ajay Kumar Parida's occupation?	Insufficient evidence
What is A. Lawrence Kocher's occupation?	Insufficient evidence
What is John Andrew Martin's occupation?	Insufficient evidence
What is Maurice Le Boucher's occupation?	Insufficient evidence
What is Martin Shapiro's occupation?	Insufficient evidence
What is Lewis J. Rachmil's occupation?	Insufficient evidence
What is René Bégin's occupation?	Insufficient evidence
What is Louis O'Dea's occupation?	Insufficient evidence
What is Guo Gengmao's occupation?	Insufficient evidence
What is Jacques Monasch's occupation?	Insufficient evidence
What is Robert Antoine's occupation?	Insufficient evidence
What is Howard Fowles's occupation?	Insufficient evidence
What is Đurđa Ivezić's occupation?	Insufficient evidence
What is Jeet Ganguly's occupation?	Insufficient evidence
What is Akimasa Nakamura's occupation?	Insufficient evidence
What is Jean-Marie-Victor Viel's occupation?	Insufficient evidence
What is Eckart von Hirschhausen's occupation?	Insufficient evidence
What is Val McLane's occupation?	Insufficient evidence
What is Edwin N. Hubbell's occupation?	Insufficient evidence
What is Mariví Bilbao's occupation?	Insufficient evidence
What is Dick Rude's occupation?	Insufficient evidence
What is Harding of Bristol's occupation?	Insufficient evidence
What is Gina Krog's occupation?	Insufficient evidence
What is Petr Mlsna's occupation?	Insufficient evidence
What is Neville Ashenheim's occupation?	Insufficient evidence
What is Lorena Corona Valdés's occupation?	Insufficient evidence
What is Honor Harger's occupation?	Insufficient evidence
What is Clement Baker's occupation?	Insufficient evidence
What is Alleppey Vincent's occupation?	Insufficient evidence
In what city was Belarmino Mario Chipongue born?	Insufficient evidence
In what city was Raju Kaji Shakya born?	Insufficient evidence
In what city was Alastair Heathcote born?	Insufficient evidence
In what city was William Marshall Craig born?	Insufficient evidence
In what city was Philipp Crone born?	Insufficient evidence
In what city was Danie Mellor born?	Insufficient evidence
In what city was Endre Bálint born?	Insufficient evidence
In what city was Aleksandr Nekrasov born?	Insufficient evidence
In what city was Charles Joseph Bonaparte born?	Insufficient evidence
In what city was Louis François Antoine Arbogast born?	Insufficient evidence
In what city was Austin Cuvillier born?	Insufficient evidence
In what city was Bert Myers born?	Insufficient evidence
In what city was Scott Fraser born?	Insufficient evidence
In what city was Giuseppe Castelli born?	Insufficient evidence
In what city was Jacob Duck born?	Insufficient evidence
In what city was Parnelli Jones born?	Insufficient evidence
In what city was Fernand Cornez born?	Insufficient evidence
In what city was Yinka Ayenuwa born?	Insufficient evidence
In what city was Phil Williams born?	Insufficient evidence
In what city was James M. Bingham born?	Insufficient evidence
In what city was Jack Kachkar born?	Insufficient evidence
In what city was Gustavo Grondona born?	Insufficient evidence
In what city was Bastien Lecouffe-Deharme born?	Insufficient evidence
In what city was Betty Francisco born?	Insufficient evidence
In what city was Hans-Jörg Voigt born?	Insufficient evidence
In what city was Charlie Davis born?	Insufficient evidence
In what city was Marnus Labuschagne born?	Insufficient evidence
In what city was Leslie Douglas Jackson born?	Insufficient evidence
In what city was Ricardo Maliandi born?	Insufficient evidence
In what city was Alfred Jefferis Turner born?	Insufficient evidence
In what city was Ernest Willows born?	Insufficient evidence
In what city was Andranik Migranyan born?	Insufficient evidence
In what city was Suad Nasr born?	Insufficient evidence
In what city was Jason Bourque born?	Insufficient evidence
In what city was Kurt Baschwitz born?	Insufficient evidence
In what city was Tim Alexander born?	Insufficient evidence
In what city was Léopold Robert born?	Insufficient evidence
In what city was Wang Yaping born?	Insufficient evidence
In what city was Bob Cremins born?	Insufficient evidence
In what city was David Oppenheim born?	Insufficient evidence
In what city was Luis Reece born?	Insufficient evidence
In what city was Eduardo Gudiño Kieffer born?	Insufficient evidence
In what city was Greg Windsperger born?	Insufficient evidence
In what city was Matt Moralee born?	Insufficient evidence
In what city was Petar Stambolić born?	Insufficient evidence
In what city was Jorge Betancourt born?	Insufficient evidence
In what city was Paul Humphries born?	Insufficient evidence
In what city was Barbara Engel born?	Insufficient evidence
In what city was Elena Romagnolo born?	Insufficient evidence
In what city was Joris Delle born?	Insufficient evidence
In what city was Stone born?	Insufficient evidence
In what city was Maarten van Severen born?	Insufficient evidence
In what city was Clarence Beck born?	Insufficient evidence
In what city was Aloïs Boudry born?	Insufficient evidence
In what city was Tony Shields born?	Insufficient evidence
In what city was Amoene van Haersolte born?	Insufficient evidence
In what city was Jim Baker born?	Insufficient evidence
In what city was Piotr Balcerzak born?	Insufficient evidence
In what city was John Edgerton born?	Insufficient evidence
In what city was Gustavo A. Madero born?	Insufficient evidence
In what city was Andrea di Alessandro born?	Insufficient evidence
In what city was Francisco Maldonado born?	Insufficient evidence
In what city was Roy A. Roberts born?	Insufficient evidence
In what city was Donald De Lue born?	Insufficient evidence
In what city was Tameem Al-Kubati born?	Insufficient evidence
In what city was August Brand born?	Insufficient evidence
In what city was Aina Kusuda born?	Insufficient evidence
In what city was Giovanni Speranza born?	Insufficient evidence
In what city was William Collins born?	Insufficient evidence
In what city was Anton Lui born?	Insufficient evidence
In what city was Paul Walker born?	Insufficient evidence
In what city was Margaret Coit born?	Insufficient evidence
In what city was Belly born?	Insufficient evidence
In what city was Thomas D. Schall born?	Insufficient evidence
In what city was Johann Heinrich Roos born?	Insufficient evidence
In what city was Antigoni Goni born?	Insufficient evidence
In what city was Emil Marschalk von Ostheim born?	Insufficient evidence
In what city was Esau Tjiuoro born?	Insufficient evidence
In what city was Leena Peisa born?	Insufficient evidence
In what city was Robert Creamer born?	Insufficient evidence
In what city was Lois Bancroft Long born?	Insufficient evidence
In what city was Manon born?	Insufficient evidence
In what city was Dilson Torres born?	Insufficient evidence
In what city was Vera Dua born?	Insufficient evidence
In what city was John A. Shaud born?	Insufficient evidence
In what city was Paris born?	Insufficient evidence
In what city was Martyn Liadov born?	Insufficient evidence
In what city was Edgar Manas born?	Insufficient evidence
In what city was Simon Callery born?	Insufficient evidence
In what city was Doc Parker born?	Insufficient evidence
In what city was William Perry Hay born?	Insufficient evidence
In what city was Kirk O'Bee born?	Insufficient evidence
In what city was Joachim Olsen born?	Insufficient evidence
In what city was John Robinson born?	Insufficient evidence
In what city was Monster born?	Insufficient evidence
In what city was Anders Orvin born?	Insufficient evidence
In what city was Florence Marie Harsant born?	Insufficient evidence
In what city was Steve McDonald born?	Insufficient evidence
In what city was Harry W. Kvebæk born?	Insufficient evidence
In what city was Rose Bampton born?	Insufficient evidence
In what city was Geert Brusselers born?	Insufficient evidence
In what city was Grant Bramwell born?	Insufficient evidence
In what city was Valentin Avrorin born?	Insufficient evidence
In what city was Alfred Frank Hardiman born?	Insufficient evidence
In what city was Baptiste Lecaplain born?	Insufficient evidence
In what city was Zsuzsanna Németh born?	Insufficient evidence
In what city was Joel Johnson born?	Insufficient evidence
In what city was John Anderson born?	Insufficient evidence
In what city was Wayne Cooper born?	Insufficient evidence
In what city was David Ogrin born?	Insufficient evidence
In what city was Amir Syamsuddin born?	Insufficient evidence
In what city was Jürgen W. Falter born?	Insufficient evidence
In what city was Blair Bush born?	Insufficient evidence
In what city was Spartaco Schergat born?	Insufficient evidence
In what city was H. Hugh Bancroft born?	Insufficient evidence
In what city was Heinrich August Jäschke born?	Insufficient evidence
In what city was Julia Jones born?	Insufficient evidence
In what city was Gary Freear born?	Insufficient evidence
In what city was Thomas Seaton Scott born?	Insufficient evidence
In what city was Alfredo Ramos Martínez born?	Insufficient evidence
In what city was Andrew Carnie born?	Insufficient evidence
In what city was Julee Cruise born?	Insufficient evidence
In what city was Irving Amen born?	Insufficient evidence
In what city was Paweł Blehm born?	Insufficient evidence
In what city was Keri Lees born?	Insufficient evidence
In what city was Robin Williams born?	Insufficient evidence
In what city was John Keating born?	Insufficient evidence
In what city was John O'Brien born?	Insufficient evidence
In what city was Ralph Campney born?	Insufficient evidence
In what city was Din Joe Crowley born?	Insufficient evidence
In what city was Jakob Kaiser born?	Insufficient evidence
In what city was Emmanuel Biron born?	Insufficient evidence
In what city was Percy Scholes born?	Insufficient evidence
In what city was Nicholas French born?	Insufficient evidence
In what city was David Harris Willson born?	Insufficient evidence
In what city was Ed Parker Jr. born?	Insufficient evidence
In what city was Alois Rašín born?	Insufficient evidence
In what city was Joseph Moncure March born?	Insufficient evidence
In what city was Juha Jokela born?	Insufficient evidence
In what city was Juan Manuel Montero Vázquez born?	Insufficient evidence
In what city was Evan Abraham born?	Insufficient evidence
In what city was Teri DeSario born?	Insufficient evidence
In what city was Bianca Guaccero born?	Insufficient evidence
In what city was Dennis Havig born?	Insufficient evidence
In what city was Petros Tabouris born?	Insufficient evidence
In what city was Szymon Kataszek born?	Insufficient evidence
In what city was John Mant born?	Insufficient evidence
In what city was Marilyn Ferguson born?	Insufficient evidence
In what city was Andrea Magi born?	Insufficient evidence
In what city was Joe English born?	Insufficient evidence
In what city was Renato Bartilotti born?	Insufficient evidence
In what city was Sam Storey born?	Insufficient evidence
In what city was Everett Glass born?	Insufficient evidence
In what city was Shagari Mohammed born?	Insufficient evidence
In what city was Frederick Mackenzie born?	Insufficient evidence
In what city was Brian Kerwin born?	Insufficient evidence
In what city was Louis Renault born?	Insufficient evidence
In what city was Walter W. Arndt born?	Insufficient evidence
In what city was Jörg Bergmeister born?	Insufficient evidence
In what city was Karim Ojjeh born?	Insufficient evidence
In what city was Édouard Vaillant born?	Insufficient evidence
In what city was Gerhard Ludwig born?	Insufficient evidence
In what city was Gaston-François de Witte born?	Insufficient evidence
In what city was Farman Behboud born?	Insufficient evidence
In what city was Francisco María Oreamuno Bonilla born?	Insufficient evidence
In what city was Martin Simonson born?	Insufficient evidence
In what city was Hittman born?	Insufficient evidence
In what city was William Bell Scott born?	Insufficient evidence
In what city was Karl Bartholomaeus Heller born?	Insufficient evidence
In what city was Richie Ashburn born?	Insufficient evidence
In what city was Domenico Bologna born?	Insufficient evidence
In what city was Bruce Charles Heezen born?	Insufficient evidence
In what city was Alexandros Matsas born?	Insufficient evidence
In what city was Hans Tikkanen born?	Insufficient evidence
In what city was Kazuhiro Suzuki born?	Insufficient evidence
In what city was Gino Bianco born?	Insufficient evidence
In what city was Pieter van Laer born?	Insufficient evidence
In what city was Gösta Eriksson born?	Insufficient evidence
In what city was Todd Sieben born?	Insufficient evidence
In what city was John Edward Campbell born?	Insufficient evidence
In what city was Klaus Wunder born?	Insufficient evidence
In what city was Norbert Grund born?	Insufficient evidence
In what city was Jaakko Laakso born?	Insufficient evidence
In what city was Mikael Eriksson born?	Insufficient evidence
In what city was Cooper Smeaton born?	Insufficient evidence
In what city was Liam Carroll born?	Insufficient evidence
In what city was George Chambers born?	Insufficient evidence
In what city was Cloe Elmo born?	Insufficient evidence
In what city was Marie-Hélène Aubert born?	Insufficient evidence
In what city was Juan Landázuri Ricketts born?	Insufficient evidence
In what city was hamza koudri born?	Insufficient evidence
In what city was Francisco Fernández de la Cueva, 10th Duke of Alburquerque born?	Insufficient evidence
In what city was Stig Kleven born?	Insufficient evidence
In what city was María Milagros Véliz born?	Insufficient evidence
In what city was Bill Fellowes born?	Insufficient evidence
What genre is Black President?	Insufficient evidence
What genre is Technology?	Insufficient evidence
What genre is The Details?	Insufficient evidence
What genre is The Cross?	Insufficient evidence
What genre is Organisation?	Insufficient evidence
What genre is Intersect?	Insufficient evidence
What genre is At This Moment?	Insufficient evidence
What genre is All About Them?	Insufficient evidence
What genre is Removal?	Insufficient evidence
What genre is Celebration?	Insufficient evidence
What genre is Terri?	Insufficient evidence
What genre is The Void?	Insufficient evidence
What genre is 2001?	Insufficient evidence
What genre is Unknown?	Insufficient evidence
What genre is Tomato?	Insufficient evidence
What genre is Roper?	Insufficient evidence
What genre is Erin Beck?	Insufficient evidence
What genre is Ark?	Insufficient evidence
What genre is Infinity?	Insufficient evidence
What genre is Reach?	Insufficient evidence
What genre is Zoo?	Insufficient evidence
What genre is No Man Friday?	Insufficient evidence
What genre is Troy?	Insufficient evidence
What genre is The Gang?	Insufficient evidence
What genre is The Complex?	Insufficient evidence
What genre is Passenger?	Insufficient evidence
What genre is The Thorn in the Heart?	Insufficient evidence
What genre is Bryan Spring?	Insufficient evidence
What genre is Arthur William Devis?	Insufficient evidence
What genre is Operation Sabotage?	Insufficient evidence
What genre is Rides?	Insufficient evidence
What genre is Rain?	Insufficient evidence
What genre is The Amazing Catfish?	Insufficient evidence
What genre is Executioner's Song?	Insufficient evidence
What genre is Chaotic?	Insufficient evidence
What genre is A Brokedown Melody?	Insufficient evidence
What genre is Brain Slaves?	Insufficient evidence
What genre is Addicted to Beauty?	Insufficient evidence
What genre is The New World?	Insufficient evidence
What genre is Never Better?	Insufficient evidence
What genre is McKendree Long?	Insufficient evidence
What genre is Settle?	Insufficient evidence
What genre is A Taste of Honey?	Insufficient evidence
What genre is Target?	Insufficient evidence
What genre is Champion?	Insufficient evidence
What genre is Pioneer?	Insufficient evidence
What genre is Bullet?	Insufficient evidence
What genre is The Lost?	Insufficient evidence
What genre is Discount?	Insufficient evidence
What genre is Marty Marsala?	Insufficient evidence
What genre is Brand New?	Insufficient evidence
What genre is Really Me?	Insufficient evidence
What genre is C. L. Blast?	Insufficient evidence
What genre is Million Dollar Baby?	Insufficient evidence
What genre is Jacks?	Insufficient evidence
What genre is 22?	Insufficient evidence
What genre is Worse Things Waiting?	Insufficient evidence
What genre is Protocol?	Insufficient evidence
What genre is Corrupted?	Insufficient evidence
What genre is Mercy?	Insufficient evidence
What genre is The Millions?	Insufficient evidence
What genre is Driven?	Insufficient evidence
What genre is Gasoline?	Insufficient evidence
What genre is Pictures from an Institution?	Insufficient evidence
What genre is Charles Hayter?	Insufficient evidence
What genre is Irwin Goodman?	Insufficient evidence
What genre is You Again?	Insufficient evidence
What genre is The Song of the Suburbs?	Insufficient evidence
What genre is Shaping Up?	Insufficient evidence
What genre is The Club?	Insufficient evidence
What genre is Marble?	Insufficient evidence
What genre is Nely?	Insufficient evidence
What genre is Results?	Insufficient evidence
What genre is Waves?	Insufficient evidence
What genre is Cut?	Insufficient evidence
What genre is Stories?	Insufficient evidence
What genre is MASH?	Insufficient evidence
What genre is Most of Me?	Insufficient evidence
What genre is New Favorite?	Insufficient evidence
What genre is Pulse?	Insufficient evidence
What genre is Positive?	Insufficient evidence
What genre is Sly?	Insufficient evidence
What genre is Eve?	Insufficient evidence
What genre is Wave?	Insufficient evidence
What genre is Pre?	Insufficient evidence
What genre is Deivos?	Insufficient evidence
What genre is The Wall?	Insufficient evidence
What genre is Something Near?	Insufficient evidence
What genre is Slow?	Insufficient evidence
What genre is Normal Life?	Insufficient evidence
What genre is Chariot Race?	Insufficient evidence
What genre is United States?	Insufficient evidence
What genre is In My Life?	Insufficient evidence
What genre is Ef?	Insufficient evidence
What genre is The Take?	Insufficient evidence
What genre is Agboola Shadare?	Insufficient evidence
What genre is Mystery Date?	Insufficient evidence
What genre is Second Time Around?	Insufficient evidence
What genre is The Unlovables?	Insufficient evidence
What genre is With a Little Help?	Insufficient evidence
What genre is Satanic Slaughter?	Insufficient evidence
What genre is David Cobb?	Insufficient evidence
What genre is Love in Magic?	Insufficient evidence
What genre is Q?	Insufficient evidence
What genre is Chocolate?	Insufficient evidence
What genre is Mars?	Insufficient evidence
What genre is Spiral?	Insufficient evidence
What genre is Return?	Insufficient evidence
What genre is Morning?	Insufficient evidence
What genre is Gone?	Insufficient evidence
What genre is Early B?	Insufficient evidence
What genre is Overseas?	Insufficient evidence
What genre is Rest?	Insufficient evidence
What genre is Hamilton?	Insufficient evidence
What genre is Se Amar Mon Kereche?	Insufficient evidence
What genre is Tempting Danger?	Insufficient evidence
What genre is Amen?	Insufficient evidence
What genre is TEEN?	Insufficient evidence
What genre is Quick?	Insufficient evidence
What genre is The Sea?	Insufficient evidence
What genre is Asa Higuchi?	Insufficient evidence
What genre is The Good Guy?	Insufficient evidence
What genre is Paris?	Insufficient evidence
What genre is Brown Sugar?	Insufficient evidence
What genre is Drama?	Insufficient evidence
What genre is 58?	Insufficient evidence
What genre is Snow?	Insufficient evidence
What genre is Prestige?	Insufficient evidence
What genre is Punishment?	Insufficient evidence
What genre is Deep End?	Insufficient evidence
What genre is Chambers?	Insufficient evidence
What genre is Wake?	Insufficient evidence
What genre is Compass?	Insufficient evidence
What genre is A Little More Love?	Insufficient evidence
What genre is Nine?	Insufficient evidence
What genre is Masterpiece?	Insufficient evidence
What genre is Hot Cop?	Insufficient evidence
What genre is Servant?	Insufficient evidence
What genre is Off the Black?	Insufficient evidence
What genre is Idaho?	Insufficient evidence
What genre is Creatures?	Insufficient evidence
What genre is Nova?	Insufficient evidence
What genre is Ruth Berman Harris?	Insufficient evidence
What genre is This Is Not?	Insufficient evidence
What genre is Mario Talavera?	Insufficient evidence
What genre is The Attack?	Insufficient evidence
What genre is Ordeal in Space?	Insufficient evidence
What genre is Just a Matter of Time?	Insufficient evidence
What genre is Shin?	Insufficient evidence
What genre is The Fashion?	Insufficient evidence
What genre is Sripada Pinakapani?	Insufficient evidence
What genre is Children Without?	Insufficient evidence
What genre is For a Friend?	Insufficient evidence
What genre is Eight Days?	Insufficient evidence
What genre is Surgery?	Insufficient evidence
What genre is El honorable Señor Valdez?	Insufficient evidence
What genre is Piel?	Insufficient evidence
What genre is Wolf?	Insufficient evidence
What genre is Thomas Morris?	Insufficient evidence
What genre is Collaboration West?	Insufficient evidence
What genre is 7B?	Insufficient evidence
What genre is Joe Mooney?	Insufficient evidence
What genre is Still Life?	Insufficient evidence
What genre is The Candidate?	Insufficient evidence
What genre is The Prize?	Insufficient evidence
What genre is Caught?	Insufficient evidence
What genre is Coral Records?	Insufficient evidence
What genre is Foxy Brown?	Insufficient evidence
What genre is Zones?	Insufficient evidence
What genre is Options?	Insufficient evidence
What genre is Disturbed?	Insufficient evidence
What genre is Eating?	Insufficient evidence
What genre is The Dive?	Insufficient evidence
What genre is White House?	Insufficient evidence
What genre is Ripped Off?	Insufficient evidence
What genre is Motor?	Insufficient evidence
What genre is Tug?	Insufficient evidence
What genre is Gene?	Insufficient evidence
What genre is The Institute?	Insufficient evidence
What genre is Bone Eater?	Insufficient evidence
What genre is World of Men?	Insufficient evidence
What genre is You Are Free?	Insufficient evidence
What genre is Puzzle Series?	Insufficient evidence
What genre is Omen?	Insufficient evidence
What genre is Storm Master?	Insufficient evidence
What genre is The Expert?	Insufficient evidence
What genre is Shark Monroe?	Insufficient evidence
What genre is The Unknown?	Insufficient evidence
What genre is The Storm?	Insufficient evidence
What genre is About Us?	Insufficient evidence
What genre is Minnesota?	Insufficient evidence
What genre is Zipper?	Insufficient evidence
What genre is Hunter?	Insufficient evidence
What genre is Motherland?	Insufficient evidence
What genre is Maximiano de Sousa?	Insufficient evidence
What genre is Culture?	Insufficient evidence
What genre is Hellgate?	Insufficient evidence
What genre is Strength?	Insufficient evidence
What genre is The City?	Insufficient evidence
What genre is Deadline?	Insufficient evidence
What genre is Touring Band 2000?	Insufficient evidence
What genre is Good News?	Insufficient evidence
What genre is The Firm?	Insufficient evidence
What genre is The Marauders?	Insufficient evidence
What genre is Stranger?	Insufficient evidence
What genre is Trouble?	Insufficient evidence
What genre is Let It Go?	Insufficient evidence
What genre is The Body?	Insufficient evidence
What genre is The Congress?	Insufficient evidence
What genre is Junction?	Insufficient evidence
What genre is Caught?	Insufficient evidence
What genre is Cover You?	Insufficient evidence
What genre is Right of Way?	Insufficient evidence
What genre is Oni?	Insufficient evidence
What genre is Will to Power?	Insufficient evidence
What genre is Proof?	Insufficient evidence
What genre is Enzo Pietropaoli?	Insufficient evidence
What genre is Betrayal?	Insufficient evidence
What genre is Look Around You?	Insufficient evidence
What genre is Discount?	Insufficient evidence
What genre is Colors?	Insufficient evidence
What genre is HiM?	Insufficient evidence
What genre is The Shot?	Insufficient evidence
What genre is ID A?	Insufficient evidence
What genre is Incorporated?	Insufficient evidence
What genre is The Governor?	Insufficient evidence
What genre is Jeffrey?	Insufficient evidence
What genre is Francesco Guardi?	Insufficient evidence
What genre is Right There?	Insufficient evidence
What genre is El usurpador?	Insufficient evidence
What genre is The Moment?	Insufficient evidence
What genre is El Aura?	Insufficient evidence
What genre is Symbolic?	Insufficient evidence
What genre is The Secret?	Insufficient evidence
What genre is Being There?	Insufficient evidence
What genre is The Great Outdoors?	Insufficient evidence
What genre is Info?	Insufficient evidence
What genre is Niall Toner?	Insufficient evidence
What genre is Tilt?	Insufficient evidence
What genre is Ben Branch?	Insufficient evidence
What genre is Background?	Insufficient evidence
What genre is Node?	Insufficient evidence
What genre is THC?	Insufficient evidence
What genre is Snake River Conspiracy?	Insufficient evidence
What genre is La nudité toute nue?	Insufficient evidence
What genre is Lagoon?	Insufficient evidence
What genre is The Planet?	Insufficient evidence
What genre is The Fifth Wheel?	Insufficient evidence
What genre is Light Years?	Insufficient evidence
What genre is Turbo?	Insufficient evidence
What genre is Fishing?	Insufficient evidence
What genre is Pur?	Insufficient evidence
What genre is How to Deal?	Insufficient evidence
What genre is The Rev?	Insufficient evidence
What genre is Plus?	Insufficient evidence
What genre is The Arab?	Insufficient evidence
What genre is Angel?	Insufficient evidence
What genre is West?	Insufficient evidence
What genre is All Over Me?	Insufficient evidence
What genre is Speak?	Insufficient evidence
What genre is Glass?	Insufficient evidence
What genre is The Very Things?	Insufficient evidence
What genre is LETTERS?	Insufficient evidence
What genre is The Good Life?	Insufficient evidence
What genre is SIG?	Insufficient evidence
What genre is Together?	Insufficient evidence
What genre is The Copper?	Insufficient evidence
What genre is Brave?	Insufficient evidence
What genre is The Blue Aura?	Insufficient evidence
What genre is The Well?	Insufficient evidence
What genre is Silence?	Insufficient evidence
What genre is Close to Home?	Insufficient evidence
What genre is Delete Yourself!?	Insufficient evidence
What genre is Royal Journey?	Insufficient evidence
What genre is Between God?	Insufficient evidence
What genre is Report?	Insufficient evidence
What genre is Alexander Beggrov?	Insufficient evidence
What genre is Wives?	Insufficient evidence
What genre is Signal?	Insufficient evidence
Who is the father of Remco Campert?	Insufficient evidence
Who is the father of Isaac II Angelos?	Insufficient evidence
Who is the father of Hampton?	Insufficient evidence
Who is the father of Huw Edwards?	Insufficient evidence
Who is the father of MacGregor Knox?	Insufficient evidence
Who is the father of Alexander?	Insufficient evidence
Who is the father of Shi Jian?	Insufficient evidence
Who is the father of Carl Valentin Falsen?	Insufficient evidence
Who is the father of Sune Sik?	Insufficient evidence
Who is the father of Radim Gaudentius?	Insufficient evidence
Who is the father of George Washington?	Insufficient evidence
Who is the father of Carlo de' Medici?	Insufficient evidence
Who is the father of Sally Aw?	Insufficient evidence
Who is the father of Meleager?	Insufficient evidence
Who is the father of Kebek?	Insufficient evidence
Who is the father of Eleanor Beaufort?	Insufficient evidence
Who is the father of Efficient?	Insufficient evidence
Who is the father of Sophie of Legnica?	Insufficient evidence
Who is the father of Reveal?	Insufficient evidence
Who is the father of Li Xian?	Insufficient evidence
Who is the father of Abby Rockefeller?	Insufficient evidence
Who is the father of Ariarathes V of Cappadocia?	Insufficient evidence
Who is the father of Goi?	Insufficient evidence
Who is the father of Natalia Kukulska?	Insufficient evidence
Who is the father of Sebastian Asch?	Insufficient evidence
Who is the father of Johann VII, Duke of Mecklenburg?	Insufficient evidence
Who is the father of Erwin Neutzsky-Wulff?	Insufficient evidence
Who is the father of Zhang Tianxi?	Insufficient evidence
Who is the father of Ermengarde, Viscountess of Narbonne?	Insufficient evidence
Who is the father of Rajshree?	Insufficient evidence
Who is the father of Blue Peter?	Insufficient evidence
Who is the father of Iorwerth Drwyndwn?	Insufficient evidence
Who is the father of Brad Armstrong?	Insufficient evidence
Who is the father of Frederick Converse Beach?	Insufficient evidence
Who is the father of Archduchess Assunta of Austria?	Insufficient evidence
Who is the father of Abbot Oliba?	Insufficient evidence
Who is the father of George II of Brieg?	Insufficient evidence
Who is the father of Princess Maria of Greece and Denmark?	Insufficient evidence
Who is the father of Theobald Butler, 1st Viscount Butler of Tulleophelim?	Insufficient evidence
Who is the father of Arjun Sarja?	Insufficient evidence
Who is the father of Alexander Graham Bell?	Insufficient evidence
Who is the father of Frans Pourbus the Elder?	Insufficient evidence
Who is the father of Jitendra Narayan?	Insufficient evidence
Who is the father of Melora Hardin?	Insufficient evidence
Who is the father of Richard Somerset, 2nd Baron Raglan?	Insufficient evidence
Who is the father of Arvinder Singh Lovely?	Insufficient evidence
Who is the father of Zhuozi?	Insufficient evidence
Who is the father of Eudamidas III?	Insufficient evidence
Who is the father of Joan of Arc?	Insufficient evidence
Who is the father of Charites?	Insufficient evidence
Who is the father of Skyline?	Insufficient evidence
Who is the father of Prized?	Insufficient evidence
Who is the father of Emma Portman, Viscountess Portman?	Insufficient evidence
Who is the father of Anagarika Dharmapala?	Insufficient evidence
Who is the father of Regal Embrace?	Insufficient evidence
Who is the father of Brew?	Insufficient evidence
Who is the father of Liu Ruyi?	Insufficient evidence
Who is the father of Susan Landau Finch?	Insufficient evidence
Who is the father of Colcu mac Domnaill?	Insufficient evidence
Who is the father of Daud Khan Karrani?	Insufficient evidence
Who is the father of Isaac B. Desha?	Insufficient evidence
Who is the father of Yang Wo?	Insufficient evidence
Who is the father of Bal Thackeray?	Insufficient evidence
Who is the father of Dagobert III?	Insufficient evidence
Who is the father of Lee Baxter?	Insufficient evidence
Who is the father of Ki?	Insufficient evidence
Who is the father of Corbin Bleu?	Insufficient evidence
Who is the father of Michael II Apafi?	Insufficient evidence
Who is the father of Levan Gruzinsky?	Insufficient evidence
Who is the father of Dahyabhai Patel?	Insufficient evidence
Who is the father of Came Home?	Insufficient evidence
Who is the father of Count Palatine Joseph Charles of Sulzbach?	Insufficient evidence
Who is the father of Clem Michael?	Insufficient evidence
Who is the father of Konstanty Władysław Filip Sobieski?	Insufficient evidence
Who is the father of Eric Anundsson?	Insufficient evidence
Who is the father of Dance in the Dark?	Insufficient evidence
Who is the father of Pierre Joxe?	Insufficient evidence
Who is the father of Susan Crown?	Insufficient evidence
Who is the father of Sybilla of Normandy?	Insufficient evidence
Who is the father of Stephen Lee?	Insufficient evidence
Who is the father of Seol Chong?	Insufficient evidence
Who is the father of Aun?	Insufficient evidence
Who is the father of But Why Not?	Insufficient evidence
Who is the father of Match II?	Insufficient evidence
Who is the father of Concern?	Insufficient evidence
Who is the father of Amenemopet?	Insufficient evidence
Who is the father of Hormizd II?	Insufficient evidence
Who is the father of Reset?	Insufficient evidence
Who is the father of Frederick IV, Elector Palatine?	Insufficient evidence
Who is the father of Court Martial?	Insufficient evidence
Who is the father of Isaac Bowman?	Insufficient evidence
Who is the father of Caveat?	Insufficient evidence
Who is the father of Anton II of Georgia?	Insufficient evidence
Who is the father of Leir of Britain?	Insufficient evidence
Who is the father of Salmon?	Insufficient evidence
Who is the father of Charismatic?	Insufficient evidence
Who is the father of Mojmir II?	Insufficient evidence
Who is the father of Dixie Union?	Insufficient evidence
Who is the father of Herbert Richmond?	Insufficient evidence
Who is the father of Edward Lloyd-Mostyn, 2nd Baron Mostyn?	Insufficient evidence
Who is the father of Djer?	Insufficient evidence
Who is the father of Proud Clarion?	Insufficient evidence
Who is the father of Marvell Thomas?	Insufficient evidence
Who is the father of Manila?	Insufficient evidence
Who is the father of Ragnall mac Gofraid?	Insufficient evidence
Who is the father of John Shaw-Lefevre?	Insufficient evidence
Who is the father of Ghazan Marri?	Insufficient evidence
Who is the father of Azazel Jacobs?	Insufficient evidence
Who is the father of Now What?	Insufficient evidence
Who is the father of Robert?	Insufficient evidence
Who is the father of Charlotte Napoléone Bonaparte?	Insufficient evidence
Who is the father of William de Mandeville, 3rd Earl of Essex?	Insufficient evidence
Who is the father of Ludwig Feuerbach?	Insufficient evidence
Who is the father of Therese Huber?	Insufficient evidence
Who is the father of Sir Capel Molyneux, 3rd Baronet?	Insufficient evidence
Who is the father of Emperor Saga?	Insufficient evidence
Who is the father of Jeremy Howard?	Insufficient evidence
Who is the father of John?	Insufficient evidence
Who is the father of Karyn Kupcinet?	Insufficient evidence
Who is the father of John Donkin?	Insufficient evidence
Who is the father of One Count?	Insufficient evidence
Who is the father of Ours?	Insufficient evidence
Who is the father of Searching?	Insufficient evidence
Who is the father of Hedwig of France, Countess of Nevers?	Insufficient evidence
Who is the father of Yonglin?	Insufficient evidence
Who is the father of Coastal?	Insufficient evidence
Who is the father of Yoko Yazawa?	Insufficient evidence
Who is the father of Armed?	Insufficient evidence
Who is the father of Smile?	Insufficient evidence
Who is the father of Eunomia?	Insufficient evidence
Who is the father of Tanya?	Insufficient evidence
In what country is Ago?	Insufficient evidence
In what country is Dublin?	Insufficient evidence
In what country is Footes?	Insufficient evidence
In what country is Seishi Ursula Gakuen Junior College?	Insufficient evidence
In what country is Kawahigashi Station?	Insufficient evidence
In what country is Genoa?	Insufficient evidence
In what country is Lent?	Insufficient evidence
In what country is Lambertz Open by STAWAG?	Insufficient evidence
Who was the producer of Maari?	Insufficient evidence
Who was the producer of The Master?	Insufficient evidence
Who was the producer of Game?	Insufficient evidence
Who was the producer of The Formula?	Insufficient evidence
Who was the producer of Hero?	Insufficient evidence
Who was the producer of Hell?	Insufficient evidence
Who was the producer of Money?	Insufficient evidence
Who was the producer of Alice?	Insufficient evidence
Who was the producer of Lanka?	Insufficient evidence
Who was the producer of Peck's Bad Girl?	Insufficient evidence
Who was the producer of Power?	Insufficient evidence
Who was the producer of Be Cool?	Insufficient evidence
Who was the producer of Jane?	Insufficient evidence
Who was the producer of Flame?	Insufficient evidence
Who was the producer of Rehab?	Insufficient evidence
Who was the producer of Hen Hop?	Insufficient evidence
Who was the producer of Episode?	Insufficient evidence
Who was the producer of Day After Day?	Insufficient evidence
Who was the producer of A Better Place?	Insufficient evidence
Who was the producer of Billions?	Insufficient evidence
Who was the producer of D?	Insufficient evidence
Who was the producer of Five Children and It?	Insufficient evidence
Who was the producer of The Bait?	Insufficient evidence
Who was the producer of RV?	Insufficient evidence
Who was the producer of Mission Kashmir?	Insufficient evidence
Who was the producer of LOL?	Insufficient evidence
Who was the producer of Most?	Insufficient evidence
Who was the producer of Criminal?	Insufficient evidence
Who was the producer of The Drum?	Insufficient evidence
Who was the producer of Q?	Insufficient evidence
Who was the producer of The Lost Bridegroom?	Insufficient evidence
Who was the producer of Numbers?	Insufficient evidence
Who was the producer of The Situation?	Insufficient evidence
Who was the producer of Da?	Insufficient evidence
Who was the producer of The Meeting?	Insufficient evidence
Who was the producer of The Little Prince?	Insufficient evidence
Who was the producer of Circus?	Insufficient evidence
Who was the producer of The Gorilla?	Insufficient evidence
Who was the producer of Bush?	Insufficient evidence
Who was the producer of Taken?	Insufficient evidence
Who was the producer of The Pioneers?	Insufficient evidence
Who was the producer of Jay?	Insufficient evidence
Who was the producer of Another Year?	Insufficient evidence
Who was the producer of Storms?	Insufficient evidence
Who was the producer of Let America Laugh?	Insufficient evidence
Who was the producer of The Trial?	Insufficient evidence
Who was the producer of Trick?	Insufficient evidence
Who was the producer of The Promise?	Insufficient evidence
Who was the producer of Arena?	Insufficient evidence
Who was the producer of The Baby on the Barge?	Insufficient evidence
Who was the producer of Skyline?	Insufficient evidence
Who was the producer of Dawn?	Insufficient evidence
Who was the producer of Fear?	Insufficient evidence
Who was the producer of New?	Insufficient evidence
Who was the producer of The Cocoanuts?	Insufficient evidence
Who was the producer of Swan Lake?	Insufficient evidence
Who was the producer of Smart People?	Insufficient evidence
Who was the producer of Rain?	Insufficient evidence
Who was the producer of The Trap?	Insufficient evidence
Who was the producer of Evidence?	Insufficient evidence
Who was the producer of Brothers?	Insufficient evidence
Who was the producer of Dil?	Insufficient evidence
Who was the producer of Pumpkin?	Insufficient evidence
Who was the producer of Cracks?	Insufficient evidence
Who was the producer of Restless?	Insufficient evidence
Who was the producer of Tenure?	Insufficient evidence
Who was the producer of About Face?	Insufficient evidence
Who was the producer of Wave?	Insufficient evidence
Who was the producer of The Cheyenne Social Club?	Insufficient evidence
Who was the producer of Family Law?	Insufficient evidence
Who was the producer of Chrome?	Insufficient evidence
Who was the producer of Daddy?	Insufficient evidence
Who was the producer of 76?	Insufficient evidence
Who was the producer of The Harvest Shall Come?	Insufficient evidence
Who was the producer of Red Light?	Insufficient evidence
Who was the producer of PK?	Insufficient evidence
Who was the producer of Run?	Insufficient evidence
Who was the producer of Jeans?	Insufficient evidence
Who was the producer of Ugly?	Insufficient evidence
Who was the producer of From Now On?	Insufficient evidence
Who was the producer of Ondu Kshanadalli?	Insufficient evidence
Who was the producer of Ekkees Toppon Ki Salaami?	Insufficient evidence
Who was the producer of Little Man?	Insufficient evidence
Who was the producer of Northern Lights?	Insufficient evidence
Who was the producer of Les Girls?	Insufficient evidence
Who was the producer of Squeeze?	Insufficient evidence
Who was the producer of Green?	Insufficient evidence
Who was the producer of Hurt?	Insufficient evidence
Who was the producer of Epic?	Insufficient evidence
Who was the producer of L?	Insufficient evidence
Who was the producer of Persona?	Insufficient evidence
Who was the producer of Vachan?	Insufficient evidence
Who was the producer of Glorifying the American Girl?	Insufficient evidence
Who was the producer of Compromise?	Insufficient evidence
Who was the producer of Freak?	Insufficient evidence
Who was the producer of Jab We Met?	Insufficient evidence
Who was the producer of The Best Man?	Insufficient evidence
Who was the producer of Skin?	Insufficient evidence
Who was the producer of Leaving?	Insufficient evidence
Who was the producer of The Lovers?	Insufficient evidence
Who was the producer of The Rescue?	Insufficient evidence
Who was the producer of Metro?	Insufficient evidence
Who was the producer of 3 Minutes?	Insufficient evidence
Who was the producer of Hoffmeyer's Legacy?	Insufficient evidence
Who was the producer of Go for Broke!?	Insufficient evidence
Who was the producer of The Swan?	Insufficient evidence
Who was the producer of Sing?	Insufficient evidence
Who was the producer of Elsewhere?	Insufficient evidence
Who was the producer of Nuremberg Trials?	Insufficient evidence
Who was the producer of We Were Young?	Insufficient evidence
Who was the producer of Privilege?	Insufficient evidence
Who was the producer of Hero?	Insufficient evidence
Who was the producer of Victim?	Insufficient evidence
Who was the producer of Les Retrouvailles?	Insufficient evidence
Who was the producer of Accident?	Insufficient evidence
Who was the producer of 21st Century?	Insufficient evidence
Who was the producer of Don't Forget?	Insufficient evidence
Who was the producer of Tarzan and the Great River?	Insufficient evidence
Who was the producer of Grounds for Marriage?	Insufficient evidence
Who was the producer of Friday?	Insufficient evidence
Who was the producer of A Son of Satan?	Insufficient evidence
Who was the producer of The Plague?	Insufficient evidence
Who was the producer of The Railroad?	Insufficient evidence
Who was the producer of The Moment?	Insufficient evidence
Who was the producer of The Sale?	Insufficient evidence
Who was the producer of Clerk?	Insufficient evidence
Who was the producer of Vitti Dandu?	Insufficient evidence
Who was the producer of Breaking Point?	Insufficient evidence
Who was the producer of In the Room?	Insufficient evidence
Who was the producer of Good Vibrations?	Insufficient evidence
Who was the producer of Intense?	Insufficient evidence
Who was the producer of Jennifer?	Insufficient evidence
Who was the producer of Handel's Last Chance?	Insufficient evidence
Who was the producer of Monster?	Insufficient evidence
Who was the producer of Girlfriend?	Insufficient evidence
Who was the producer of The Mind Benders?	Insufficient evidence
Who was the producer of Fuel?	Insufficient evidence
Who was the producer of One Way?	Insufficient evidence
Who was the producer of One of Those?	Insufficient evidence
Who was the producer of Positive?	Insufficient evidence
Who was the producer of Seeking Justice?	Insufficient evidence
Who was the producer of Us Two?	Insufficient evidence
Who was the producer of Threads?	Insufficient evidence
Who was the producer of Happy?	Insufficient evidence
Who was the producer of They?	Insufficient evidence
Who was the producer of Nell?	Insufficient evidence
Who was the producer of Buzz?	Insufficient evidence
Who was the producer of Thinking of You?	Insufficient evidence
Who was the producer of Love Story 2050?	Insufficient evidence
Who was the producer of Love?	Insufficient evidence
Who was the producer of Set Up?	Insufficient evidence
Who was the producer of Desire?	Insufficient evidence
Who was the producer of Mickey?	Insufficient evidence
Who was the producer of Trade?	Insufficient evidence
Who was the producer of Aag?	Insufficient evidence
Who was the producer of Lucky?	Insufficient evidence
Who was the producer of The Boss?	Insufficient evidence
Who was the producer of Enthiran?	Insufficient evidence
Who was the producer of Jungle?	Insufficient evidence
Who was the producer of Turn to You?	Insufficient evidence
Who was the producer of Da Game of Life?	Insufficient evidence
Who was the producer of Of the People?	Insufficient evidence
Who was the producer of The Lady?	Insufficient evidence
Who was the producer of Junior?	Insufficient evidence
Who was the producer of Marc?	Insufficient evidence
Who was the producer of Warning?	Insufficient evidence
Who was the producer of The Reach?	Insufficient evidence
Who was the producer of Wall Street?	Insufficient evidence
Who was the producer of No Problem?	Insufficient evidence
Who was the producer of The Miracle?	Insufficient evidence
Who was the producer of The Darling of Paris?	Insufficient evidence
Who was the producer of Condition?	Insufficient evidence
Who was the producer of Master?	Insufficient evidence
Who was the producer of Go?	Insufficient evidence
Who was the producer of The Exile?	Insufficient evidence
Who was the producer of A Night to Remember?	Insufficient evidence
Who was the producer of Never Give Up?	Insufficient evidence
Who was the producer of Vinci?	Insufficient evidence
Who was the producer of Holiday?	Insufficient evidence
Who was the producer of Cro?	Insufficient evidence
Who was the producer of A Moment?	Insufficient evidence
Who was the producer of The Journey?	Insufficient evidence
Who was the producer of H?	Insufficient evidence
Who was the producer of The Treatment?	Insufficient evidence
Who was the producer of Leader?	Insufficient evidence
Who was the producer of Kaaka Muttai?	Insufficient evidence
Who was the producer of Night in Paradise?	Insufficient evidence
Who was the producer of Sailor?	Insufficient evidence
Who was the producer of Time Piece?	Insufficient evidence
Who was the producer of Candy?	Insufficient evidence
Who was the producer of Mass?	Insufficient evidence
Who was the producer of Paid?	Insufficient evidence
Who was the producer of Magica?	Insufficient evidence
Who was the producer of Parade of the Award Nominees?	Insufficient evidence
Who was the producer of Cinderella?	Insufficient evidence
Who was the producer of Jesus?	Insufficient evidence
Who was the producer of The Best of Everything?	Insufficient evidence
Who was the producer of Expectations?	Insufficient evidence
Who was the producer of Onaayum Aattukkuttiyum?	Insufficient evidence
Who was the producer of The Lover?	Insufficient evidence
Who was the producer of Airport?	Insufficient evidence
Who was the producer of Rendu?	Insufficient evidence
Who was the producer of Cocktails?	Insufficient evidence
Who was the producer of The Train?	Insufficient evidence
Who was the producer of Baba?	Insufficient evidence
Who was the producer of The Pointer?	Insufficient evidence
Who was the producer of Peter Gabriel?	Insufficient evidence
Who was the producer of Star?	Insufficient evidence
Who was the producer of Perfect Day?	Insufficient evidence
Who was the producer of The Assault?	Insufficient evidence
Who was the producer of Shaft?	Insufficient evidence
Who was the producer of September?	Insufficient evidence
Who was the producer of Butterfly?	Insufficient evidence
Who was the producer of Waterworld?	Insufficient evidence
Who was the producer of Through the Dark?	Insufficient evidence
Who was the producer of I Am?	Insufficient evidence
Who was the producer of The Man Without Desire?	Insufficient evidence
Who was the producer of The Test?	Insufficient evidence
Who was the producer of One Love?	Insufficient evidence
Who was the producer of W?	Insufficient evidence
Who was the producer of Backstage?	Insufficient evidence
Who was the producer of Less Than the Dust?	Insufficient evidence
Who was the producer of Evergreen?	Insufficient evidence
Who was the producer of Michael?	Insufficient evidence
Who was the producer of Shock?	Insufficient evidence
Who was the producer of Ride?	Insufficient evidence
Who was the producer of The Woods?	Insufficient evidence
Who was the producer of The Overnight?	Insufficient evidence
Who was the producer of Healers of the Dead Sea?	Insufficient evidence
Who was the producer of Shine?	Insufficient evidence
Who was the producer of The Little Teacher?	Insufficient evidence
Who was the producer of Morning Sun?	Insufficient evidence
Who was the producer of Teeth?	Insufficient evidence
Who was the producer of Nuclear Tipping Point?	Insufficient evidence
Who was the producer of Jump?	Insufficient evidence
Who was the producer of Show Me?	Insufficient evidence
Who was the producer of Harvest?	Insufficient evidence
Who was the producer of Believe in Me?	Insufficient evidence
Who was the producer of Yellow?	Insufficient evidence
Who was the producer of Angel?	Insufficient evidence
Who was the producer of Hero?	Insufficient evidence
Who was the producer of Fresh?	Insufficient evidence
Who was the producer of On Record?	Insufficient evidence
Who was the producer of Arrive Alive?	Insufficient evidence
Who was the producer of The Late Show?	Insufficient evidence
Who was the producer of Trains of Winnipeg?	Insufficient evidence
Who was the producer of Menu?	Insufficient evidence
Who was the producer of Getting Acquainted?	Insufficient evidence
Who was the producer of The Rescue?	Insufficient evidence
Who was the producer of Cinema?	Insufficient evidence
Who was the producer of The Bond?	Insufficient evidence
Who was the producer of Homeland?	Insufficient evidence
Who was the producer of The Victim?	Insufficient evidence
Who was the producer of The King and I?	Insufficient evidence
Who was the producer of The Crew?	Insufficient evidence
Who was the producer of Boy?	Insufficient evidence
Who was the producer of M?	Insufficient evidence
Who was the producer of Cops and Robbers?	Insufficient evidence
Who was the producer of Vincent?	Insufficient evidence
Who was the producer of Legion?	Insufficient evidence
Who was the producer of Contract?	Insufficient evidence
Who was the producer of Changes?	Insufficient evidence
Who was the producer of Highway?	Insufficient evidence
Who was the producer of Dirty?	Insufficient evidence
Who was the producer of Genre?	Insufficient evidence
Who was the producer of Breathe?	Insufficient evidence
Who was the producer of The Cup?	Insufficient evidence
Who was the producer of The Distance?	Insufficient evidence
Who was the producer of Saanch Ko Aanch Nahin?	Insufficient evidence
Who was the producer of Drift?	Insufficient evidence
Who was the director of The Road?	Insufficient evidence
Who was the director of Wedding in White?	Insufficient evidence
Who was the director of The Island of Desire?	Insufficient evidence
Who was the director of Desperate?	Insufficient evidence
Who was the director of Anybody's Woman?	Insufficient evidence
Who was the director of Elena Undone?	Insufficient evidence
Who was the director of Passion?	Insufficient evidence
Who was the director of Number Our Days?	Insufficient evidence
Who was the director of Only People?	Insufficient evidence
Who was the director of By Indian Post?	Insufficient evidence
Who was the director of Go Go Amigo?	Insufficient evidence
Who was the director of Treasure Island?	Insufficient evidence
Who was the director of Red Rose?	Insufficient evidence
Who was the director of Bhoopathi Ranga?	Insufficient evidence
Who was the director of Hunger?	Insufficient evidence
Who was the director of Thomas Jefferson?	Insufficient evidence
Who was the director of The Idea?	Insufficient evidence
Who was the director of Iris and the Lieutenant?	Insufficient evidence
Who was the director of No Limit?	Insufficient evidence
Who was the director of More?	Insufficient evidence
Who was the director of The King?	Insufficient evidence
Who was the director of The Mutants?	Insufficient evidence
Who was the director of Love Letter?	Insufficient evidence
Who was the director of The Sisters?	Insufficient evidence
Who was the director of Washed Out?	Insufficient evidence
Who was the director of College?	Insufficient evidence
Who was the director of Abandoned?	Insufficient evidence
Who was the director of Lovers?	Insufficient evidence
Who was the director of The Gathering?	Insufficient evidence
Who was the director of A Matter of Honor?	Insufficient evidence
Who was the director of AK-47?	Insufficient evidence
Who was the director of Perfect Understanding?	Insufficient evidence
Who was the director of Trail of the Vigilantes?	Insufficient evidence
Who was the director of Making Angels?	Insufficient evidence
Who was the director of The Clinic?	Insufficient evidence
Who was the director of Those Who Love?	Insufficient evidence
Who was the director of What Every Woman Learns?	Insufficient evidence
Who was the director of Traffic?	Insufficient evidence
Who was the director of Stepping Out?	Insufficient evidence
Who was the director of Chairman George?	Insufficient evidence
Who was the director of Asphalt?	Insufficient evidence
Who was the director of The White Suit?	Insufficient evidence
Who was the director of The Happy Family?	Insufficient evidence
Who was the director of The Challenge?	Insufficient evidence
Who was the director of Pilot?	Insufficient evidence
Who was the director of Hawaii?	Insufficient evidence
Who was the director of Wanted?	Insufficient evidence
Who was the director of In the Money?	Insufficient evidence
Who was the director of The Greatest?	Insufficient evidence
Who was the director of Tears of April?	Insufficient evidence
Who was the director of Little 'Tinker?	Insufficient evidence
Who was the director of Kitchen?	Insufficient evidence
Who was the director of The African Woman?	Insufficient evidence
Who was the director of The Truth?	Insufficient evidence
Who was the director of Cycle?	Insufficient evidence
Who was the director of I Love You?	Insufficient evidence
Who was the director of The Lie?	Insufficient evidence
Who was the director of The Secret?	Insufficient evidence
Who was the director of The Trust?	Insufficient evidence
Who was the director of Get Well Soon?	Insufficient evidence
Who was the director of Like You Know It All?	Insufficient evidence
Who was the director of Christopher?	Insufficient evidence
Who was the director of Goodbye?	Insufficient evidence
Who was the director of Normal Life?	Insufficient evidence
Who was the director of Porky's Duck Hunt?	Insufficient evidence
Who was the director of Youth?	Insufficient evidence
Who was the director of Female?	Insufficient evidence
Who was the director of The Only Woman?	Insufficient evidence
Who was the director of Look?	Insufficient evidence
Who was the director of The Note?	Insufficient evidence
Who was the director of Allow Me?	Insufficient evidence
Who was the director of Thicker than Water?	Insufficient evidence
Who was the director of Pilot?	Insufficient evidence
Who was the director of Drive?	Insufficient evidence
Who was the director of The Signal?	Insufficient evidence
Who was the director of The Suspect?	Insufficient evidence
Who was the director of American Gothic?	Insufficient evidence
Who was the director of Crazy?	Insufficient evidence
Who was the director of Mahjong?	Insufficient evidence
Who was the director of The First Time?	Insufficient evidence
Who was the director of Pirates of Malaysia?	Insufficient evidence
Who was the director of Avatar?	Insufficient evidence
Who was the director of Restless?	Insufficient evidence
Who was the director of The Dream?	Insufficient evidence
Who was the director of Animal Crackers?	Insufficient evidence
Who was the director of The System?	Insufficient evidence
Who was the director of Champions?	Insufficient evidence
Who was the director of Monte Carlo Madness?	Insufficient evidence
Who was the director of The Heart?	Insufficient evidence
Who was the director of No Good Deed?	Insufficient evidence
Who was the director of Salvage?	Insufficient evidence
Who was the director of Gudachari No.1?	Insufficient evidence
Who was the director of Intruder?	Insufficient evidence
Who was the director of Homecoming?	Insufficient evidence
Who was the director of Life Story?	Insufficient evidence
Who was the director of R?	Insufficient evidence
Who was the director of Festival?	Insufficient evidence
Who was the director of Revelations?	Insufficient evidence
Who was the director of Pilot?	Insufficient evidence
Who was the director of The Distance?	Insufficient evidence
Who was the director of Choices?	Insufficient evidence
Who was the director of Silver?	Insufficient evidence
Who was the director of all things?	Insufficient evidence
Who was the director of Safety First?	Insufficient evidence
Who was the director of Marina's Destiny?	Insufficient evidence
Who was the director of Impulse?	Insufficient evidence
Who was the director of The Valley?	Insufficient evidence
Who was the director of Out of Control?	Insufficient evidence
Who was the director of Green Tea?	Insufficient evidence
Who was the director of Sunset Limousine?	Insufficient evidence
Who was the director of Dolls?	Insufficient evidence
Who was the director of The Wave?	Insufficient evidence
Who was the director of Masks?	Insufficient evidence
Who was the director of The Hard Way?	Insufficient evidence
Who was the director of The Incident?	Insufficient evidence
Who was the director of No Name on the Bullet?	Insufficient evidence
Who was the director of Tomorrow?	Insufficient evidence
Who was the director of Milan?	Insufficient evidence
Who was the director of Goodbye, Toby?	Insufficient evidence
Who was the director of Regeneration?	Insufficient evidence
Who was the director of Gunahon Ka Faisla?	Insufficient evidence
Who was the director of Chicken Party?	Insufficient evidence
Who was the director of La renzoni?	Insufficient evidence
Who was the director of Safe?	Insufficient evidence
Who was the director of The Cardinal?	Insufficient evidence
Who was the director of Second Thoughts?	Insufficient evidence
Who was the director of Pirivom Santhippom?	Insufficient evidence
Who was the director of The Order?	Insufficient evidence
Who was the director of Helen?	Insufficient evidence
Who was the director of One Life?	Insufficient evidence
Who was the director of Pilot?	Insufficient evidence
Who was the director of Les Palmes de M. Schutz?	Insufficient evidence
Who was the director of Flame?	Insufficient evidence
Who was the director of Took?	Insufficient evidence
Who was the director of The Doll?	Insufficient evidence
Who was the director of Shiki-Jitsu?	Insufficient evidence
Who was the director of Out to Win?	Insufficient evidence
Who was the director of Chicago?	Insufficient evidence
Who was the director of Temple Tower?	Insufficient evidence
Who was the director of I Love You?	Insufficient evidence
Who was the director of The Clairvoyant?	Insufficient evidence
Who was the director of Angel on the Right?	Insufficient evidence
Who was the director of Rails?	Insufficient evidence
Who was the director of Commissioner?	Insufficient evidence
Who was the director of Homework?	Insufficient evidence
Who was the director of Army?	Insufficient evidence
Who was the director of The Mountain?	Insufficient evidence
Who was the director of The Other Person?	Insufficient evidence
Who was the director of Here?	Insufficient evidence
Who was the director of Encounter?	Insufficient evidence
Who was the director of Broke?	Insufficient evidence
Who was the director of Day One?	Insufficient evidence
Who was the director of The Reef?	Insufficient evidence
Who was the director of Josh?	Insufficient evidence
Who was the director of The Silence?	Insufficient evidence
Who was the director of Sagina?	Insufficient evidence
Who was the director of Occupation?	Insufficient evidence
Who was the director of Love You More?	Insufficient evidence
Who was the director of No Pressure?	Insufficient evidence
Who was the director of Control?	Insufficient evidence
Who was the director of Mohini 9886788888?	Insufficient evidence
Who was the director of The Heroes?	Insufficient evidence
Who was the director of The Circle?	Insufficient evidence
Who was the director of Berlin Calling?	Insufficient evidence
Who was the director of The Collective?	Insufficient evidence
Who was the director of Thank You, Madame?	Insufficient evidence
Who was the director of Freedom?	Insufficient evidence
Who was the director of Endurance?	Insufficient evidence
Who was the director of Pilot?	Insufficient evidence
Who was the director of Relentless?	Insufficient evidence
Who was the director of The Christmas Tree?	Insufficient evidence
Who was the director of The Commissioner?	Insufficient evidence
Who was the director of All the Way Up?	Insufficient evidence
Who was the director of The Child?	Insufficient evidence
Who was the director of The Den?	Insufficient evidence
Who was the director of Essence?	Insufficient evidence
Who was the director of On Guard?	Insufficient evidence
Who was the director of The Mighty?	Insufficient evidence
Who was the director of The Forest?	Insufficient evidence
Who was the director of Festival?	Insufficient evidence
Who was the director of Sara?	Insufficient evidence
Who was the director of D?	Insufficient evidence
Who was the director of Days of Tomorrow?	Insufficient evidence
Who was the director of Home?	Insufficient evidence
Who was the director of Eggs?	Insufficient evidence
Who was the director of Lady Bouvier's Lover?	Insufficient evidence
Who was the director of Fortuna?	Insufficient evidence
Who was the director of Escape to Victory?	Insufficient evidence
Who was the director of The Moor?	Insufficient evidence
Who was the director of Alarm?	Insufficient evidence
Who was the director of College?	Insufficient evidence
Who was the director of The Boys?	Insufficient evidence
Who was the director of The Ring?	Insufficient evidence
Who was the director of Distant Trumpet?	Insufficient evidence
Who was the director of Practical Jokers?	Insufficient evidence
Who was the director of Blessed?	Insufficient evidence
Who was the director of Crossing the Bridge?	Insufficient evidence
Who was the director of Possessed?	Insufficient evidence
Who was the director of The Family?	Insufficient evidence
Who was the director of The Scientific Cardplayer?	Insufficient evidence
Who was the director of The Best Man?	Insufficient evidence
Who was the director of Molon Labe?	Insufficient evidence
Who was the director of Love You?	Insufficient evidence
Who was the director of Innocent?	Insufficient evidence
Who was the director of New World?	Insufficient evidence
Who was the director of Top of the World?	Insufficient evidence
Who was the director of The Tree?	Insufficient evidence
Who was the director of Live and Learn?	Insufficient evidence
Who was the director of Kadal Kadannoru Mathukkutty?	Insufficient evidence
Who was the director of Big Time?	Insufficient evidence
Who was the director of Stepping Out?	Insufficient evidence
Who was the director of California?	Insufficient evidence
Who was the director of Driven?	Insufficient evidence
Who was the director of Hide and Q?	Insufficient evidence
Who was the director of The Emerald City?	Insufficient evidence
Who was the director of Remains to Be Seen?	Insufficient evidence
Who was the director of Rudeness?	Insufficient evidence
Who was the director of Funk?	Insufficient evidence
Who was the director of In the City?	Insufficient evidence
Who was the director of Skull Heads?	Insufficient evidence
Who was the director of The Little Ones?	Insufficient evidence
Who was the director of Recon?	Insufficient evidence
Who was the director of The Easy Way?	Insufficient evidence
Who was the director of Friends?	Insufficient evidence
Who was the director of The Man in the Fallout Shelter?	Insufficient evidence
Who was the director of Il bandito dagli occhi azzurri?	Insufficient evidence
Who was the director of Gotti?	Insufficient evidence
Who was the director of Sons?	Insufficient evidence
Who was the director of Son contento?	Insufficient evidence
Who was the director of Rocky?	Insufficient evidence
Who was the director of Taxi at Midnight?	Insufficient evidence
Who was the director of Pitch?	Insufficient evidence
Who was the director of Lifted?	Insufficient evidence
Who was the director of The Other?	Insufficient evidence
Who was the director of Turf War?	Insufficient evidence
Who was the director of The Old Lady?	Insufficient evidence
Who was the director of The Gorilla?	Insufficient evidence
Who was the director of Max?	Insufficient evidence
Who was the director of Serial?	Insufficient evidence
Who was the director of Going Away?	Insufficient evidence
Who was the director of Mela?	Insufficient evidence
Who was the director of The Knitting?	Insufficient evidence
Who was the director of The First Time?	Insufficient evidence
Who was the director of A Boy... a Girl?	Insufficient evidence
Who was the director of A?	Insufficient evidence
Who was the director of Family Life?	Insufficient evidence
Who was the director of La liceale al mare con l'amica di papà?	Insufficient evidence
Who was the director of The Nest?	Insufficient evidence
Who was the director of Five?	Insufficient evidence
Who was the director of Album?	Insufficient evidence
Who was the director of Love Letter?	Insufficient evidence
Who was the director of Bang?	Insufficient evidence
Who was the director of Private Life?	Insufficient evidence
Who was the director of The New Age?	Insufficient evidence
Who was the director of Cousin Bobby?	Insufficient evidence
Who was the director of Fame?	Insufficient evidence
Who was the director of Balance?	Insufficient evidence
Who was the director of The Pioneers?	Insufficient evidence
Who was the director of So Young?	Insufficient evidence
Who was the director of New Frontier?	Insufficient evidence
Who was the director of You for Me?	Insufficient evidence
Who was the director of Fashions in Love?	Insufficient evidence
Who was the director of Wings of Destiny?	Insufficient evidence
Who was the director of The Show?	Insufficient evidence
Who was the director of Local Ad?	Insufficient evidence
Who was the director of Champion?	Insufficient evidence
Who was the director of Nelson?	Insufficient evidence
Who was the director of Le tue mani sul mio corpo?	Insufficient evidence
Who was the director of Faith?	Insufficient evidence
Who was the director of Redemption?	Insufficient evidence
Who was the director of Don?	Insufficient evidence
Who was the director of On the Run?	Insufficient evidence
Who was the director of Sky West and Crooked?	Insufficient evidence
Who was the director of Inspector Pink Dragon?	Insufficient evidence
Who was the director of Little Malcolm?	Insufficient evidence
Who was the director of Rang Milanti?	Insufficient evidence
Who was the director of The Illusionist?	Insufficient evidence
Who was the director of The Affair?	Insufficient evidence
Who was the director of Weekend War?	Insufficient evidence
Who was the director of Nightmare?	Insufficient evidence
Who was the director of Fix?	Insufficient evidence
Who was the director of The Return?	Insufficient evidence
Who was the director of Trust?	Insufficient evidence
Who was the director of The Plan?	Insufficient evidence
Who was the director of August?	Insufficient evidence
Who was the director of Protagonist?	Insufficient evidence
Who was the director of The Cost?	Insufficient evidence
Who was the director of Seek?	Insufficient evidence
Who was the director of Grand Slam?	Insufficient evidence
Who was the director of Hustle?	Insufficient evidence
Who was the director of The Wicked?	Insufficient evidence
Who was the director of Beating Heart?	Insufficient evidence
Who was the director of Variety?	Insufficient evidence
Who was the director of Falling in Love?	Insufficient evidence
Who was the director of Nelson?	Insufficient evidence
Who was the director of The Intended?	Insufficient evidence
Who was the director of My Sister, My Sitter?	Insufficient evidence
Who was the director of Bread?	Insufficient evidence
Who was the director of Nuclear Strike?	Insufficient evidence
Who was the director of The Night Riders?	Insufficient evidence
Who was the director of K-9000?	Insufficient evidence
Who was the director of You and I?	Insufficient evidence
Who was the director of Breath?	Insufficient evidence
Who was the director of Fighter?	Insufficient evidence
Who was the director of We Shall See?	Insufficient evidence
Who was the director of A Slave of Fashion?	Insufficient evidence
Who was the director of A New World?	Insufficient evidence
Who was the director of Evidence?	Insufficient evidence
Who was the director of Listening?	Insufficient evidence
Who was the director of In My Life?	Insufficient evidence
Who was the director of La cruz?	Insufficient evidence
Who was the director of Three of a Kind?	Insufficient evidence
Who was the director of Say It Again?	Insufficient evidence
Who was the director of Submission?	Insufficient evidence
Who was the director of Desirable?	Insufficient evidence
Who was the director of Wherever You Are?	Insufficient evidence
Who was the director of Deep Breath?	Insufficient evidence
Who was the director of The Guard?	Insufficient evidence
Who was the director of Low Life?	Insufficient evidence
Who was the director of Up in the Air?	Insufficient evidence
Who was the director of The Answer?	Insufficient evidence
Who was the director of Run for Money?	Insufficient evidence
Who was the director of St. Patrick's Day?	Insufficient evidence
Who was the director of The Oath?	Insufficient evidence
Who was the director of Busted?	Insufficient evidence
Who was the director of The Movies?	Insufficient evidence
Who was the director of 15 Maiden Lane?	Insufficient evidence
Who was the director of Normal?	Insufficient evidence
Who was the director of The Love Nest?	Insufficient evidence
Who was the director of The Runner?	Insufficient evidence
Who was the director of The Resolve?	Insufficient evidence
Who was the director of The Missing Star?	Insufficient evidence
Who was the director of Christian?	Insufficient evidence
Who was the director of Out?	Insufficient evidence
Who was the director of Pilot?	Insufficient evidence
Who was the director of The Letter?	Insufficient evidence
Who was the director of Face?	Insufficient evidence
Who was the director of Black and White?	Insufficient evidence
Who was the director of Stuff?	Insufficient evidence
Who was the director of Confession?	Insufficient evidence
Who was the director of While There is Still Time?	Insufficient evidence
Who was the director of Take a Chance?	Insufficient evidence
Who was the director of Den store gavtyv?	Insufficient evidence
Who was the director of Whitney?	Insufficient evidence
Who was the director of The Night Has Eyes?	Insufficient evidence
Who was the director of Too Much (Little) Love?	Insufficient evidence
Who was the director of Hitlerjunge Quex?	Insufficient evidence
Who was the director of The Great Outdoors?	Insufficient evidence
Who was the director of Skinner's Dress Suit?	Insufficient evidence
Who was the director of Riders of the Purple Sage?	Insufficient evidence
Who was the director of The Physician?	Insufficient evidence
Who was the director of Gentleman's Intermission?	Insufficient evidence
Who was the director of El Último perro?	Insufficient evidence
Who was the director of Holi?	Insufficient evidence
Who was the director of Delivering?	Insufficient evidence
Who was the director of Christmas Comes But Once a Year?	Insufficient evidence
Who was the director of Super Star?	Insufficient evidence
Who was the director of Mother?	Insufficient evidence
Who was the director of Mary?	Insufficient evidence
Who was the director of Student?	Insufficient evidence
Who was the director of Revenge?	Insufficient evidence
Who was the director of Eva?	Insufficient evidence
Who was the director of Lovely?	Insufficient evidence
Who was the director of Easy Money?	Insufficient evidence
Who was the director of The East is Red?	Insufficient evidence
Who was the director of Beggar on Horseback?	Insufficient evidence
Who was the director of The Delivery?	Insufficient evidence
Who was the director of Las Vegas?	Insufficient evidence
Who was the director of Two Women?	Insufficient evidence
Who was the director of By Design?	Insufficient evidence
Who was the director of Sagar Sangamey?	Insufficient evidence
Who was the director of The Guru?	Insufficient evidence
Who was the director of Late Last Night?	Insufficient evidence
Who was the director of Love Don't Cost a Thing?	Insufficient evidence
Who was the director of Click?	Insufficient evidence
Who was the director of Say My Name?	Insufficient evidence
Who was the director of P?	Insufficient evidence
Who was the director of The Butterfly?	Insufficient evidence
Who was the director of The Cottage?	Insufficient evidence
Who was the director of Goodbye?	Insufficient evidence
Who was the director of Green Hell?	Insufficient evidence
Who was the director of Sacrifice?	Insufficient evidence
Who was the director of Women Who Work?	Insufficient evidence
Who was the director of Weight Loss?	Insufficient evidence
Who was the director of Sun?	Insufficient evidence
Who was the director of Hollywood?	Insufficient evidence
Who was the director of Trail?	Insufficient evidence
Who was the director of The Bat?	Insufficient evidence
Who was the director of Crime Zone?	Insufficient evidence
Who was the director of Another Life?	Insufficient evidence
Who was the director of The Promotion?	Insufficient evidence
Who was the director of Basement?	Insufficient evidence
Who was the director of Sunday?	Insufficient evidence
Who was the director of Trojan Eddie?	Insufficient evidence
Who was the director of The Reader?	Insufficient evidence
Who was the director of My House?	Insufficient evidence
Who was the director of The Good News?	Insufficient evidence
Who was the director of Mute?	Insufficient evidence
Who was the director of The Ancestor?	Insufficient evidence
Who was the director of The Well?	Insufficient evidence
Who was the director of Parking?	Insufficient evidence
Who was the director of Day Off?	Insufficient evidence
Who was the director of Fear?	Insufficient evidence
Who was the director of Framed?	Insufficient evidence
Who was the director of The Bad Bunch?	Insufficient evidence
Who was the director of Prag?	Insufficient evidence
Who was the director of Det var paa Rundetaarn?	Insufficient evidence
Who was the director of Detective?	Insufficient evidence
Who was the director of The Fossil?	Insufficient evidence
Who was the director of Voices?	Insufficient evidence
Who was the director of A Self-Made Failure?	Insufficient evidence
Who was the director of The Wedding?	Insufficient evidence
Who was the director of The Barrier?	Insufficient evidence
Who was the director of Singapore?	Insufficient evidence
Who was the director of I Do?	Insufficient evidence
Who was the director of Small Town?	Insufficient evidence
Who was the director of Ginger?	Insufficient evidence
Who was the director of The Canadian?	Insufficient evidence
Who was the director of Destiny?	Insufficient evidence
Who was the director of Sacrifice?	Insufficient evidence
Who was the director of Pip?	Insufficient evidence
Who was the director of The Stranger?	Insufficient evidence
Who was the director of Flying?	Insufficient evidence
Who was the director of Action?	Insufficient evidence
Who was the director of Marriages?	Insufficient evidence
Who was the director of Empire?	Insufficient evidence
Who was the director of Noise?	Insufficient evidence
Who was the director of Family Tree?	Insufficient evidence
Who was the director of Shapes?	Insufficient evidence
Who was the director of Ready?	Insufficient evidence
Who was the director of Boys?	Insufficient evidence
Who was the director of Sold?	Insufficient evidence
Who was the director of The Lawyer?	Insufficient evidence
Who was the director of Berlin?	Insufficient evidence
Who was the director of A New Day?	Insufficient evidence
Who was the director of Hotel?	Insufficient evidence
Who was the director of To Spring?	Insufficient evidence
Who was the director of The Billionaire?	Insufficient evidence
Who was the director of Job Fair?	Insufficient evidence
Who was the director of Way Out?	Insufficient evidence
Who was the director of Broadway Jones?	Insufficient evidence
Who was the director of Framed?	Insufficient evidence
Who was the director of Abel?	Insufficient evidence
Who was the director of The Buster Keaton Story?	Insufficient evidence
Who was the director of Emergency Landing?	Insufficient evidence
Who was the director of The Moment?	Insufficient evidence
Who was the director of L'ultima chance?	Insufficient evidence
Who was the director of Phoenix?	Insufficient evidence
Who was the director of Echo?	Insufficient evidence
Who was the director of Ji?	Insufficient evidence
Who was the director of Genesis?	Insufficient evidence
Who was the director of Tomorrow Is Yesterday?	Insufficient evidence
Who was the director of The Trap?	Insufficient evidence
Who was the director of Sunday?	Insufficient evidence
Who was the director of Party?	Insufficient evidence
Who was the director of Independence Day UK?	Insufficient evidence
Who was the director of Rainbow?	Insufficient evidence
Who was the director of Mist in the Valley?	Insufficient evidence
Who was the director of Pedar?	Insufficient evidence
Who was the director of Mother and Child?	Insufficient evidence
Who was the director of The Trap?	Insufficient evidence
Who was the director of Normal?	Insufficient evidence
Who was the director of Birthday?	Insufficient evidence
Who was the director of Barricade?	Insufficient evidence
Who was the director of Our Time?	Insufficient evidence
Who was the director of 15?	Insufficient evidence
Who was the director of Shiva?	Insufficient evidence
Who was the director of Public Opinion?	Insufficient evidence
Who was the director of Jack?	Insufficient evidence
Who was the director of Break Up?	Insufficient evidence
Who was the director of The Band?	Insufficient evidence
Who was the director of Hungry?	Insufficient evidence
Who was the director of Only You?	Insufficient evidence
Who was the director of Pilot?	Insufficient evidence
Who was the director of The Confession?	Insufficient evidence
Who was the director of Song of Nevada?	Insufficient evidence
Who was the director of Marked for Murder?	Insufficient evidence
Who was the director of Rebellion?	Insufficient evidence
Who was the director of Lakshmana Rekha?	Insufficient evidence
Who was the director of Enclosure?	Insufficient evidence
Who was the director of The Ogre?	Insufficient evidence
Who was the director of The Delta?	Insufficient evidence
Who was the director of Another Toothpick?	Insufficient evidence
Who was the director of My Past?	Insufficient evidence
Who was the director of Isolation?	Insufficient evidence
Who was the director of Stronger Than Desire?	Insufficient evidence
Who was the director of Day by Day?	Insufficient evidence
Who was the director of The Jacket?	Insufficient evidence
Who was the director of The Debt?	Insufficient evidence
Who was the director of Heaven?	Insufficient evidence
Who was the director of Amy?	Insufficient evidence
Who was the director of Irresistible?	Insufficient evidence
Who was the director of Sanguinarium?	Insufficient evidence
Who was the director of The Plague?	Insufficient evidence
Who was the director of The Day?	Insufficient evidence
Who was the director of Devotion?	Insufficient evidence
Who was the director of Pilot?	Insufficient evidence
Who was the director of Atlantic?	Insufficient evidence
Who was the director of The Girl?	Insufficient evidence
Who was the director of Le Guérisseur?	Insufficient evidence
Who was the director of The Brotherhood?	Insufficient evidence
Who was the director of Terry?	Insufficient evidence
Who was the director of Forever?	Insufficient evidence
Who was the director of Compass?	Insufficient evidence
Who was the director of The Ghost?	Insufficient evidence
Who was the director of The Photo?	Insufficient evidence
Who was the director of Open House?	Insufficient evidence
Who was the director of Premiere?	Insufficient evidence
Who was the director of The Forest?	Insufficient evidence
Who was the director of Mac?	Insufficient evidence
Who was the director of Hotel Noir?	Insufficient evidence
Who was the director of Side by Side?	Insufficient evidence
Who was the director of Final?	Insufficient evidence
Who was the director of Bingo?	Insufficient evidence
Who was the director of The Hand?	Insufficient evidence
Who was the director of Head?	Insufficient evidence
Who was the director of Rocky?	Insufficient evidence
Who was the director of Never Look Back?	Insufficient evidence
Who was the director of Big Dreams Little Tokyo?	Insufficient evidence
Who was the director of Hilde Warren und der Tod?	Insufficient evidence
Who was the director of Plastic?	Insufficient evidence
Who was the director of Chemistry?	Insufficient evidence
Who was the director of Crash 'n' Burn?	Insufficient evidence
Who was the director of Going Places?	Insufficient evidence
Who was the director of Monday?	Insufficient evidence
Who was the director of Interview?	Insufficient evidence
Who was the director of First Love?	Insufficient evidence
Who was the director of Free Love?	Insufficient evidence
Who was the director of The Rebel?	Insufficient evidence
Who was the director of Invasion?	Insufficient evidence
Who was the director of Puzzle?	Insufficient evidence
Who was the director of One Night?	Insufficient evidence
Who was the director of The Ragman's Daughter?	Insufficient evidence
Who was the director of Hell on Wheels?	Insufficient evidence
Who was the director of An Event?	Insufficient evidence
Who was the director of The Con?	Insufficient evidence
Who was the director of London?	Insufficient evidence
Who was the director of The Land?	Insufficient evidence
Who was the director of The Exchange?	Insufficient evidence
Who was the director of 2002?	Insufficient evidence
Who was the director of New Mexico?	Insufficient evidence
Who was the director of Geordie?	Insufficient evidence
Who was the director of Stupid, But Brave?	Insufficient evidence
Who was the director of Century?	Insufficient evidence
Who was the director of Young People?	Insufficient evidence
Who was the director of Crave?	Insufficient evidence
Who was the director of The Spider?	Insufficient evidence
Who was the director of Careers?	Insufficient evidence
Who was the director of A Place to Go?	Insufficient evidence
Who was the director of The Kiss?	Insufficient evidence
Who was the director of Indizienbeweis?	Insufficient evidence
Who was the director of News Night 2.0?	Insufficient evidence
Who was the director of The Alliance?	Insufficient evidence
Who was the director of Pump?	Insufficient evidence
Who was the director of The Vineyard?	Insufficient evidence
Who was the director of The Rebel?	Insufficient evidence
Who was the director of Marie?	Insufficient evidence
Who was the director of Destiny?	Insufficient evidence
Who was the director of Providence?	Insufficient evidence
Who was the director of The Eternal?	Insufficient evidence
Who was the director of Career?	Insufficient evidence
Who was the director of The Long Memory?	Insufficient evidence
Who was the director of Beneath?	Insufficient evidence
Who was the director of Barabbas?	Insufficient evidence
Who was the director of The President?	Insufficient evidence
Who was the director of Glass?	Insufficient evidence
Who was the director of Changes?	Insufficient evidence
Who was the director of The City?	Insufficient evidence
Who was the director of Anna Christie?	Insufficient evidence
Who was the director of Go Now?	Insufficient evidence
Who was the director of North of Hudson Bay?	Insufficient evidence
Who was the director of Accident?	Insufficient evidence
Who was the director of Under Heavy Fire?	Insufficient evidence
Who was the director of Chance?	Insufficient evidence
Who was the director of Daddy?	Insufficient evidence
Who was the director of The Brat?	Insufficient evidence
Who was the director of Experience?	Insufficient evidence
Who was the director of On Tour?	Insufficient evidence
Who was the director of Some Like It Hot?	Insufficient evidence
Who was the director of Victory?	Insufficient evidence
Who was the director of Fingers?	Insufficient evidence
Who was the director of The Gift?	Insufficient evidence
Who was the director of The Girl in Mourning?	Insufficient evidence
Who was the director of Swamp Woman?	Insufficient evidence
Who was the director of Ned?	Insufficient evidence
Who was the director of Make a Wish?	Insufficient evidence
Who was the director of Love Story?	Insufficient evidence
Who was the director of The Mirror?	Insufficient evidence
Who was the director of Liam?	Insufficient evidence
Who was the director of My Man?	Insufficient evidence
Who was the director of Johnny?	Insufficient evidence
Who was the director of First Love?	Insufficient evidence
Who was the director of Sam?	Insufficient evidence
Who was the director of Target?	Insufficient evidence
Who was the director of Georgia?	Insufficient evidence
Who was the director of Contract?	Insufficient evidence
Who was the director of Two?	Insufficient evidence
Who was the director of Secrets?	Insufficient evidence
Who was the director of The Pocket-knife?	Insufficient evidence
Who was the director of Cell Phone?	Insufficient evidence
Who was the director of Manhattan?	Insufficient evidence
Who was the director of Lan?	Insufficient evidence
Who was the director of Crisis?	Insufficient evidence
Who was the director of Burning Man?	Insufficient evidence
Who was the director of Sunny?	Insufficient evidence
Who was the director of Tested?	Insufficient evidence
Who was the director of Tears?	Insufficient evidence
Who was the director of Visitors?	Insufficient evidence
Who was the director of The Husband?	Insufficient evidence
Who was the director of Come Undone?	Insufficient evidence
Who was the director of September?	Insufficient evidence
Who was the director of Lost?	Insufficient evidence
Who was the director of Reducing?	Insufficient evidence
Who was the director of Beautiful Ohio?	Insufficient evidence
Who was the director of Il Boss?	Insufficient evidence
Who was the director of Premi?	Insufficient evidence
Who was the director of Turning the Tables?	Insufficient evidence
Who was the director of Gone?	Insufficient evidence
Who was the director of Overnight Delivery?	Insufficient evidence
Who was the director of Mata?	Insufficient evidence
Who was the director of Nazrana?	Insufficient evidence
Who was the director of 100?	Insufficient evidence
Who was the director of Vanity?	Insufficient evidence
Who was the director of Early Spring?	Insufficient evidence
Who was the director of Election?	Insufficient evidence
Who was the director of Run?	Insufficient evidence
Who was the director of Detective?	Insufficient evidence
Who was the director of Mypods and Boomsticks?	Insufficient evidence
Who was the director of Gada Meilin?	Insufficient evidence
Who was the director of Masks?	Insufficient evidence
Who was the director of The Houseguest and My Mother?	Insufficient evidence
Who was the director of La gorilla?	Insufficient evidence
Who was the director of Charlotte?	Insufficient evidence
Who was the director of The Tough?	Insufficient evidence
Who was the director of Che?	Insufficient evidence
Who was the director of Go Further?	Insufficient evidence
Who was the director of The Key?	Insufficient evidence
Who was the director of The Stranger?	Insufficient evidence
Who was the director of Technological Threat?	Insufficient evidence
Who was the director of Nurse?	Insufficient evidence
Who was the director of The Man with the Twisted Lip?	Insufficient evidence
Who was the director of Country Life?	Insufficient evidence
Who was the director of Desire?	Insufficient evidence
Who was the director of Blake?	Insufficient evidence
Who was the director of Home?	Insufficient evidence
Who was the director of Allen?	Insufficient evidence
Who was the director of Transit?	Insufficient evidence
Who was the director of Pilgrimage?	Insufficient evidence
Who was the director of Guns?	Insufficient evidence
Who was the director of Number One?	Insufficient evidence
Who was the director of Too Late?	Insufficient evidence
Who was the director of Man of the Year?	Insufficient evidence
Who was the director of The First Man?	Insufficient evidence
Who was the director of Superstar?	Insufficient evidence
Who was the director of English?	Insufficient evidence
Who was the director of Live?	Insufficient evidence
Who was the director of Richard?	Insufficient evidence
Who was the director of Not Quite Paradise?	Insufficient evidence
Who was the director of Makeover?	Insufficient evidence
Who was the director of Katherine?	Insufficient evidence
Who was the director of The Vision?	Insufficient evidence
Who was the director of Backstage?	Insufficient evidence
Who was the director of Love Song?	Insufficient evidence
Who was the director of Visa?	Insufficient evidence
Who was the director of Aba?	Insufficient evidence
Who was the director of The Mystery Man?	Insufficient evidence
Who was the director of Party?	Insufficient evidence
Who was the director of The Secret Call?	Insufficient evidence
Who was the director of Forgive?	Insufficient evidence
Who was the director of Happiness?	Insufficient evidence
Who was the director of Mother?	Insufficient evidence
Who was the director of The Wolf?	Insufficient evidence
Who was the director of The Gamesters of Triskelion?	Insufficient evidence
Who was the director of Style?	Insufficient evidence
Who was the director of Italy?	Insufficient evidence
Who was the director of Fire?	Insufficient evidence
Who was the director of Mates?	Insufficient evidence
Who was the director of Apartment?	Insufficient evidence
Who was the director of Outing Riley?	Insufficient evidence
Who was the director of Bedroom?	Insufficient evidence
Who was the director of The Valley?	Insufficient evidence
Who was the director of Per amare Ofelia?	Insufficient evidence
Who was the director of The Hole?	Insufficient evidence
Who was the director of The Loudwater Mystery?	Insufficient evidence
Who was the director of Poor Boy's Game?	Insufficient evidence
Who was the director of Tickets?	Insufficient evidence
Who was the director of We Are Both?	Insufficient evidence
Who was the director of Le cousin?	Insufficient evidence
Who was the director of China?	Insufficient evidence
Who was the director of First Person?	Insufficient evidence
Who was the director of Us?	Insufficient evidence
Who was the director of You and Me?	Insufficient evidence
Who was the director of Conspiracy?	Insufficient evidence
Who was the director of Comedy of Power?	Insufficient evidence
Who was the director of Pilot?	Insufficient evidence
Who was the director of The Assassin?	Insufficient evidence
Who was the director of Special?	Insufficient evidence
Who was the director of The Telling?	Insufficient evidence
Who was the director of Pilot?	Insufficient evidence
Who was the director of Time Out?	Insufficient evidence
Who was the director of The Red Squirrel?	Insufficient evidence
Who was the director of Mother?	Insufficient evidence
Who was the director of Warm Nights on a Slow Moving Train?	Insufficient evidence
Who was the director of Bazaar?	Insufficient evidence
Who was the director of The Turning Point?	Insufficient evidence
Who was the director of Boots?	Insufficient evidence
Who was the director of Honest?	Insufficient evidence
Who was the director of The Incident?	Insufficient evidence
Who was the director of Those We Love?	Insufficient evidence
Who was the director of The Ghost?	Insufficient evidence
Who was the director of Colony?	Insufficient evidence
Who was the director of Passport?	Insufficient evidence
Who was the director of The Lottery?	Insufficient evidence
Who was the director of The Star?	Insufficient evidence
Who was the director of Desires?	Insufficient evidence
Who was the director of The Verdict?	Insufficient evidence
Who was the director of Panic?	Insufficient evidence
Who was the director of Amy?	Insufficient evidence
Who was the director of Test the Store?	Insufficient evidence
Who was the director of Noise?	Insufficient evidence
Who was the director of A Lover's Return?	Insufficient evidence
Who was the director of California?	Insufficient evidence
Who was the director of Family?	Insufficient evidence
Who was the director of Guru?	Insufficient evidence
Who was the director of The Cool Ones?	Insufficient evidence
Who was the director of The Grand?	Insufficient evidence
Who was the director of Jigsaw?	Insufficient evidence
Who was the director of Così parlò Bellavista?	Insufficient evidence
Who was the director of Desire?	Insufficient evidence
Who was the director of Marte Dam Tak?	Insufficient evidence
Who was the director of Department?	Insufficient evidence
Who was the director of Organ?	Insufficient evidence
Who was the director of Wavelength?	Insufficient evidence
Who was the director of The Spine?	Insufficient evidence
Who was the director of Guru?	Insufficient evidence
Who was the director of How I Spent My Summer Vacation?	Insufficient evidence
Who was the director of The Sidehackers?	Insufficient evidence
Who was the director of Pilgrimage?	Insufficient evidence
Who was the director of Tattoo?	Insufficient evidence
Who was the director of Passenger?	Insufficient evidence
Who was the director of Unexpected?	Insufficient evidence
Who was the director of One Night?	Insufficient evidence
Who was the director of Reno?	Insufficient evidence
Who was the director of Not So Long Ago?	Insufficient evidence
Who was the director of Laptop?	Insufficient evidence
Who was the director of Midnight?	Insufficient evidence
Who was the director of Happy End?	Insufficient evidence
Who was the director of The River?	Insufficient evidence
What is Frederick the capital of?	Insufficient evidence
What is San Bernardo the capital of?	Insufficient evidence
What is Kaberamaido the capital of?	Insufficient evidence
What is Busia the capital of?	Insufficient evidence
What is Minneapolis the capital of?	Insufficient evidence
What is Montana the capital of?	Insufficient evidence
What is Tura the capital of?	Insufficient evidence
What is Totskoye the capital of?	Insufficient evidence
What is Mati the capital of?	Insufficient evidence
What is Winner the capital of?	Insufficient evidence
What is Kingisepp the capital of?	Insufficient evidence
What is Kozan the capital of?	Insufficient evidence
What is Tours the capital of?	Insufficient evidence
What is Syracuse the capital of?	Insufficient evidence
What is Leningradskaya the capital of?	Insufficient evidence
What is Otuzco the capital of?	Insufficient evidence
What is Spas-Demensk the capital of?	Insufficient evidence
What is Houston the capital of?	Insufficient evidence
What is St. George the capital of?	Insufficient evidence
What is Portland the capital of?	Insufficient evidence
What is Manga the capital of?	Insufficient evidence
What is Dallas the capital of?	Insufficient evidence
What is Shibin Al Kawm, Al Minufiyah the capital of?	Insufficient evidence
What is Cambridge the capital of?	Insufficient evidence
What is Madison the capital of?	Insufficient evidence
Who was the screenwriter for Havoc?	Insufficient evidence
Who was the screenwriter for The Temp?	Insufficient evidence
Who was the screenwriter for The Blade?	Insufficient evidence
Who was the screenwriter for The Chairman?	Insufficient evidence
Who was the screenwriter for At the Movies?	Insufficient evidence
Who was the screenwriter for The Bet?	Insufficient evidence
Who was the screenwriter for Home?	Insufficient evidence
Who was the screenwriter for Fears?	Insufficient evidence
Who was the screenwriter for Democracy?	Insufficient evidence
Who was the screenwriter for Diane?	Insufficient evidence
Who was the screenwriter for Buyout?	Insufficient evidence
Who was the screenwriter for Staten Island?	Insufficient evidence
Who was the screenwriter for Numbers?	Insufficient evidence
Who was the screenwriter for Time After Time?	Insufficient evidence
Who was the screenwriter for Seven Songs for Malcolm X?	Insufficient evidence
Who was the screenwriter for Three?	Insufficient evidence
Who was the screenwriter for Death of a Batman?	Insufficient evidence
Who was the screenwriter for A Short Story About Love?	Insufficient evidence
Who was the screenwriter for To Be or Not to Be?	Insufficient evidence
Who was the screenwriter for I Do?	Insufficient evidence
Who was the screenwriter for Conflict?	Insufficient evidence
Who was the screenwriter for The New Country?	Insufficient evidence
Who was the screenwriter for Lifetime Supply?	Insufficient evidence
Who was the screenwriter for Eve?	Insufficient evidence
Who was the screenwriter for The Great Fire?	Insufficient evidence
Who was the screenwriter for ...Y mañana serán mujeres?	Insufficient evidence
Who was the screenwriter for Las Meninas?	Insufficient evidence
Who was the screenwriter for One Son?	Insufficient evidence
Who was the screenwriter for Bad News Bears?	Insufficient evidence
Who was the screenwriter for While the Sun Shines?	Insufficient evidence
Who was the screenwriter for Interference?	Insufficient evidence
Who was the screenwriter for The Miracle?	Insufficient evidence
Who was the screenwriter for Yellow?	Insufficient evidence
Who was the screenwriter for I, Mudd?	Insufficient evidence
Who was the screenwriter for Sundown?	Insufficient evidence
Who was the screenwriter for The Convention?	Insufficient evidence
Who was the screenwriter for Opening Night?	Insufficient evidence
Who was the screenwriter for To Die For?	Insufficient evidence
Who was the screenwriter for Os?	Insufficient evidence
Who was the screenwriter for Survival Island?	Insufficient evidence
Who was the screenwriter for Nada?	Insufficient evidence
Who was the screenwriter for The Super?	Insufficient evidence
Who was the screenwriter for Die Jungfrau auf dem Dach?	Insufficient evidence
Who was the screenwriter for Cocktails?	Insufficient evidence
Who was the screenwriter for The Crossing?	Insufficient evidence
Who was the screenwriter for Cargo?	Insufficient evidence
Who was the screenwriter for Sense and Sensibility?	Insufficient evidence
Who was the screenwriter for Broken Lullaby?	Insufficient evidence
Who was the screenwriter for Josh?	Insufficient evidence
Who was the screenwriter for Second Best Bed?	Insufficient evidence
Who was the screenwriter for Going All the Way?	Insufficient evidence
Who was the screenwriter for Choke?	Insufficient evidence
Who was the screenwriter for Pilot?	Insufficient evidence
Who was the screenwriter for Isolation?	Insufficient evidence
Who was the screenwriter for Help Wanted?	Insufficient evidence
Who was the screenwriter for Exit the Vamp?	Insufficient evidence
Who was the screenwriter for Send Out the Clowns?	Insufficient evidence
Who was the screenwriter for Props?	Insufficient evidence
Who was the screenwriter for The Moving True Story of a Woman Ahead of Her Time?	Insufficient evidence
Who was the screenwriter for Mary's Ankle?	Insufficient evidence
Who was the screenwriter for Are You Now or Have You Ever Been?	Insufficient evidence
Who was the screenwriter for Travelers?	Insufficient evidence
Who was the screenwriter for Teenage Exorcist?	Insufficient evidence
Who was the screenwriter for The Firm?	Insufficient evidence
Who was the screenwriter for We Are Not Alone?	Insufficient evidence
Who was the screenwriter for Home?	Insufficient evidence
Who was the screenwriter for The Ballad of Narayama?	Insufficient evidence
Who was the screenwriter for Training Day?	Insufficient evidence
Who was the screenwriter for Three Modern Women?	Insufficient evidence
Who was the screenwriter for Fighting?	Insufficient evidence
Who was the screenwriter for Escape?	Insufficient evidence
Who was the screenwriter for The Stud?	Insufficient evidence
Who was the screenwriter for Boxes?	Insufficient evidence
Who was the screenwriter for Sea Legs?	Insufficient evidence
Who was the screenwriter for The Sweeney?	Insufficient evidence
Who was the screenwriter for The Stag?	Insufficient evidence
Who was the screenwriter for The Innocent?	Insufficient evidence
Who was the screenwriter for United?	Insufficient evidence
Who was the screenwriter for Donsol?	Insufficient evidence
Who was the screenwriter for The Myth of Fingerprints?	Insufficient evidence
Who was the screenwriter for Ending It?	Insufficient evidence
Who was the screenwriter for Victory and Peace?	Insufficient evidence
Who was the screenwriter for The Collection?	Insufficient evidence
Who was the screenwriter for The Quarterback?	Insufficient evidence
Who was the screenwriter for The Purchase Price?	Insufficient evidence
Who was the screenwriter for Lava Kusha?	Insufficient evidence
Who was the screenwriter for The Man?	Insufficient evidence
Who was the screenwriter for Slam?	Insufficient evidence
Who was the screenwriter for Hoppa högst?	Insufficient evidence
Who was the screenwriter for Wit?	Insufficient evidence
Who was the screenwriter for Hero?	Insufficient evidence
Who was the screenwriter for The Department?	Insufficient evidence
Who was the screenwriter for The Meeting?	Insufficient evidence
Who was the screenwriter for Prime?	Insufficient evidence
Who was the screenwriter for The Command?	Insufficient evidence
Who was the screenwriter for Woman Without a Face?	Insufficient evidence
Who was the screenwriter for The Margin?	Insufficient evidence
Who was the screenwriter for Link?	Insufficient evidence
Who was the screenwriter for Exposed?	Insufficient evidence
Who was the screenwriter for The Box?	Insufficient evidence
Who was the screenwriter for Brutti, sporchi e cattivi?	Insufficient evidence
Who was the screenwriter for To Joy?	Insufficient evidence
Who was the screenwriter for Parlami d'Amore?	Insufficient evidence
Who was the screenwriter for The Second Coming?	Insufficient evidence
Who was the screenwriter for Recreation?	Insufficient evidence
Who was the screenwriter for The Substitute?	Insufficient evidence
Who was the screenwriter for Rangeela?	Insufficient evidence
Who was the screenwriter for U-571?	Insufficient evidence
Who was the screenwriter for The Maker?	Insufficient evidence
Who was the screenwriter for The Club?	Insufficient evidence
Who was the screenwriter for The Notebook?	Insufficient evidence
Who was the screenwriter for The Sea?	Insufficient evidence
Who was the screenwriter for The Man?	Insufficient evidence
Who was the screenwriter for More with Less?	Insufficient evidence
Who was the screenwriter for Professional Sweetheart?	Insufficient evidence
Who was the screenwriter for The Broken?	Insufficient evidence
Who was the screenwriter for The Hunger?	Insufficient evidence
Who was the screenwriter for The Tape?	Insufficient evidence
Who was the screenwriter for Alpha?	Insufficient evidence
Who was the screenwriter for Pulse?	Insufficient evidence
Who was the screenwriter for January 1?	Insufficient evidence
Who was the screenwriter for A Little Princess?	Insufficient evidence
Who was the screenwriter for U Turn?	Insufficient evidence
Who was the screenwriter for Three Words?	Insufficient evidence
Who was the screenwriter for Going Home?	Insufficient evidence
Who was the screenwriter for Viva Zapatero!?	Insufficient evidence
Who was the screenwriter for Point and Shoot?	Insufficient evidence
Who was the screenwriter for You'd Be Surprised?	Insufficient evidence
Who was the screenwriter for The Teaser?	Insufficient evidence
Who was the screenwriter for Billy?	Insufficient evidence
Who was the screenwriter for The Hour of the Pig?	Insufficient evidence
Who was the screenwriter for Microphone?	Insufficient evidence
Who was the screenwriter for Sus?	Insufficient evidence
Who was the screenwriter for Belonging?	Insufficient evidence
Who was the screenwriter for Moondram Pirai?	Insufficient evidence
Who was the screenwriter for The Cage?	Insufficient evidence
Who was the screenwriter for Laaj?	Insufficient evidence
Who was the screenwriter for Thavamai Thavamirundhu?	Insufficient evidence
Who was the screenwriter for Seed?	Insufficient evidence
Who was the screenwriter for War and Peace?	Insufficient evidence
Who was the screenwriter for Spiral?	Insufficient evidence
Who was the screenwriter for Growth?	Insufficient evidence
Who was the screenwriter for The Big One?	Insufficient evidence
Who was the screenwriter for Bernie?	Insufficient evidence
Who was the screenwriter for White Gold?	Insufficient evidence
Who was the screenwriter for The Bride’s Journey?	Insufficient evidence
Who was the screenwriter for Mothers?	Insufficient evidence
Who was the screenwriter for Our Land?	Insufficient evidence
Who was the screenwriter for Beautiful People?	Insufficient evidence
Who was the screenwriter for The Other Woman?	Insufficient evidence
Who was the screenwriter for The Journey?	Insufficient evidence
Who was the screenwriter for The End?	Insufficient evidence
Who was the screenwriter for The Invisible Hand?	Insufficient evidence
Who was the screenwriter for El Madina?	Insufficient evidence
Who was the screenwriter for A Secret?	Insufficient evidence
Who was the screenwriter for Legion?	Insufficient evidence
Who was the screenwriter for Coralie Lansdowne Says No?	Insufficient evidence
Who was the screenwriter for Frenchy?	Insufficient evidence
Who was the screenwriter for Modern Vampires?	Insufficient evidence
Who was the screenwriter for When I Met U?	Insufficient evidence
Who was the screenwriter for American Dreamer?	Insufficient evidence
Who was the screenwriter for Pilot?	Insufficient evidence
Who was the screenwriter for Mensonges et trahisons et plus si affinités...?	Insufficient evidence
Who was the screenwriter for Absentia?	Insufficient evidence
Who was the screenwriter for Belly?	Insufficient evidence
Who was the screenwriter for Ars?	Insufficient evidence
Who was the screenwriter for Thanksgiving?	Insufficient evidence
Who was the screenwriter for One of Us?	Insufficient evidence
Who was the screenwriter for The Girlfriend?	Insufficient evidence
Who was the screenwriter for Enikkum Oru Divasam?	Insufficient evidence
Who was the screenwriter for The Greatest?	Insufficient evidence
Who was the screenwriter for The Amusements of Private Life?	Insufficient evidence
Who was the screenwriter for Pirates?	Insufficient evidence
Who was the screenwriter for Drôle de Félix?	Insufficient evidence
Who was the screenwriter for Underneath?	Insufficient evidence
Who was the screenwriter for Cocktail?	Insufficient evidence
Who was the screenwriter for The Night They Raided Minsky's?	Insufficient evidence
Who was the screenwriter for 3?	Insufficient evidence
Who was the screenwriter for Tiny?	Insufficient evidence
Who was the screenwriter for Underworld?	Insufficient evidence
Who was the screenwriter for Amaram?	Insufficient evidence
Who was the screenwriter for PDA?	Insufficient evidence
Who was the screenwriter for Excited?	Insufficient evidence
Who was the screenwriter for Two Weeks?	Insufficient evidence
Who was the screenwriter for Red?	Insufficient evidence
Who was the screenwriter for A Night in Sickbay?	Insufficient evidence
Who was the screenwriter for Shadow Man?	Insufficient evidence
Who was the screenwriter for The Bet?	Insufficient evidence
Who was the screenwriter for Open Fire?	Insufficient evidence
Who was the screenwriter for Join the Club?	Insufficient evidence
Who was the screenwriter for Swing?	Insufficient evidence
Who was the screenwriter for The Worst Years of Our Lives?	Insufficient evidence
Who was the screenwriter for Trivandrum Lodge?	Insufficient evidence
Who was the screenwriter for Jerry's Painting?	Insufficient evidence
Who was the screenwriter for Baby?	Insufficient evidence
Who was the screenwriter for Another Simpsons Clip Show?	Insufficient evidence
Who was the screenwriter for This Is the Sea?	Insufficient evidence
Who was the screenwriter for The Gospel?	Insufficient evidence
Who was the screenwriter for Outside the Law?	Insufficient evidence
Who was the screenwriter for Boca?	Insufficient evidence
Who was the screenwriter for The Dress?	Insufficient evidence
Who was the screenwriter for Pilot?	Insufficient evidence
Who was the screenwriter for Paris?	Insufficient evidence
Who was the screenwriter for 23?	Insufficient evidence
Who was the screenwriter for The Games?	Insufficient evidence
Who was the screenwriter for Be Sure to Share?	Insufficient evidence
Who was the screenwriter for Hard to Get?	Insufficient evidence
Who was the screenwriter for Cause and Effect?	Insufficient evidence
Who was the screenwriter for Heavy?	Insufficient evidence
Who was the screenwriter for The Resurrection of Broncho Billy?	Insufficient evidence
Who was the screenwriter for The Last Day?	Insufficient evidence
Who was the screenwriter for No Tears for the Dead?	Insufficient evidence
Who was the screenwriter for A Crime?	Insufficient evidence
Who was the screenwriter for Loop?	Insufficient evidence
Who was the screenwriter for Earth?	Insufficient evidence
Who was the screenwriter for Making It?	Insufficient evidence
Who was the screenwriter for Yesterday's Hero?	Insufficient evidence
Who was the screenwriter for Smile?	Insufficient evidence
Who was the screenwriter for Tragic Hunt?	Insufficient evidence
Who was the screenwriter for Down?	Insufficient evidence
Who was the screenwriter for The Amazing Mrs Pritchard?	Insufficient evidence
Who was the screenwriter for Malicious?	Insufficient evidence
Who was the screenwriter for The Best of Times?	Insufficient evidence
Who was the screenwriter for Alarm?	Insufficient evidence
Who was the screenwriter for The Greater Good?	Insufficient evidence
Who was the screenwriter for China?	Insufficient evidence
Who was the screenwriter for Mash-Up?	Insufficient evidence
Who was the screenwriter for The Wife?	Insufficient evidence
Who was the screenwriter for Memories?	Insufficient evidence
Who was the screenwriter for September?	Insufficient evidence
Who was the screenwriter for Butterfly Kiss?	Insufficient evidence
Who was the screenwriter for The Nutcracker in 3D?	Insufficient evidence
Who was the screenwriter for The Phone Message?	Insufficient evidence
Who was the screenwriter for She?	Insufficient evidence
Who was the screenwriter for Tahmina?	Insufficient evidence
Who was the screenwriter for Blackball?	Insufficient evidence
Who was the screenwriter for Love Love Love?	Insufficient evidence
Who was the screenwriter for Company Business?	Insufficient evidence
Who was the screenwriter for Trust?	Insufficient evidence
Who was the screenwriter for Ice Cream?	Insufficient evidence
Who was the screenwriter for Family Life?	Insufficient evidence
Who was the screenwriter for Resistance?	Insufficient evidence
Who was the screenwriter for Cement?	Insufficient evidence
Who was the screenwriter for Infected?	Insufficient evidence
Who was the screenwriter for Oregon?	Insufficient evidence
Who was the screenwriter for Army Daze?	Insufficient evidence
Who was the screenwriter for The Actress?	Insufficient evidence
Who was the screenwriter for The Space Between?	Insufficient evidence
Who was the screenwriter for Exhibition?	Insufficient evidence
Who was the screenwriter for Old Money?	Insufficient evidence
Who was the screenwriter for Daughter?	Insufficient evidence
Who was the screenwriter for Max?	Insufficient evidence
Who was the screenwriter for Samson?	Insufficient evidence
Who was the screenwriter for Emma?	Insufficient evidence
Who was the screenwriter for A Matter of Time?	Insufficient evidence
Who was the screenwriter for The Betrayal?	Insufficient evidence
Who was the screenwriter for When Flanders Failed?	Insufficient evidence
Who was the screenwriter for Doore Doore Oru Koodu Koottam?	Insufficient evidence
Who was the screenwriter for Exposé?	Insufficient evidence
Who was the screenwriter for 1971?	Insufficient evidence
Who was the screenwriter for Twisted?	Insufficient evidence
Who was the screenwriter for Manthan?	Insufficient evidence
Who was the screenwriter for Bhrantibilas?	Insufficient evidence
Who was the screenwriter for The Calm?	Insufficient evidence
Who was the screenwriter for We Go Way Back?	Insufficient evidence
Who was the screenwriter for Big Trouble?	Insufficient evidence
Who was the screenwriter for Thursday?	Insufficient evidence
Who was the screenwriter for Freedom?	Insufficient evidence
Who was the screenwriter for Ballad?	Insufficient evidence
Who was the screenwriter for Neighbors?	Insufficient evidence
Who was the screenwriter for Buried?	Insufficient evidence
Who was the screenwriter for Company Man?	Insufficient evidence
Who was the screenwriter for Venicile Vyapari?	Insufficient evidence
Who was the screenwriter for Fox-y Lady?	Insufficient evidence
Who was the screenwriter for Fire Down Below?	Insufficient evidence
Who was the screenwriter for Live Show?	Insufficient evidence
Who was the screenwriter for The Beast?	Insufficient evidence
Who was the screenwriter for Dave?	Insufficient evidence
Who was the screenwriter for Elaan of Troyius?	Insufficient evidence
Who was the screenwriter for Hits?	Insufficient evidence
Who was the screenwriter for The Pool Hustlers?	Insufficient evidence
Who was the screenwriter for Katha Parayumpol?	Insufficient evidence
Who was the screenwriter for The Yards?	Insufficient evidence
Who was the screenwriter for The Order?	Insufficient evidence
Who was the screenwriter for Widows' Peak?	Insufficient evidence
Who was the screenwriter for Fifty-One?	Insufficient evidence
Who was the screenwriter for The Garden?	Insufficient evidence
Who was the screenwriter for The Card?	Insufficient evidence
Who was the screenwriter for The Weight?	Insufficient evidence
Who was the screenwriter for Guy?	Insufficient evidence
Who was the screenwriter for The Game?	Insufficient evidence
Who was the screenwriter for Sunset?	Insufficient evidence
Who was the screenwriter for I Was Monty's Double?	Insufficient evidence
Who was the screenwriter for The Set Up?	Insufficient evidence
Who was the screenwriter for Made for Each Other?	Insufficient evidence
Who was the screenwriter for Yaare Koogadali?	Insufficient evidence
Who was the screenwriter for Garage?	Insufficient evidence
Who was the screenwriter for The Street?	Insufficient evidence
Who was the screenwriter for See How They Fall?	Insufficient evidence
Who was the screenwriter for Circus?	Insufficient evidence
Who was the screenwriter for Storm over Mont Blanc?	Insufficient evidence
Who was the screenwriter for The Big Hangover?	Insufficient evidence
Who was the screenwriter for The Search?	Insufficient evidence
Who was the screenwriter for Beau Soleil?	Insufficient evidence
Who was the screenwriter for The Parents?	Insufficient evidence
Who was the screenwriter for Romeo and Juliet?	Insufficient evidence
Who was the screenwriter for The Ones?	Insufficient evidence
Who was the screenwriter for Woman of Straw?	Insufficient evidence
Who was the screenwriter for Mental?	Insufficient evidence
Who was the screenwriter for The Toy?	Insufficient evidence
Who was the screenwriter for Time to Love?	Insufficient evidence
Who was the screenwriter for No. 2?	Insufficient evidence
Who was the screenwriter for Cal?	Insufficient evidence
Who was the screenwriter for Kids Return?	Insufficient evidence
Who was the screenwriter for The Northerners?	Insufficient evidence
Who was the screenwriter for Slave Women of Corinth?	Insufficient evidence
Who was the screenwriter for Dream On?	Insufficient evidence
Who was the screenwriter for Forty Shades of Blue?	Insufficient evidence
Who was the screenwriter for Michael Scott Paper Company?	Insufficient evidence
Who was the screenwriter for The Doctor?	Insufficient evidence
Who was the composer of Sukran?	Insufficient evidence
Who was the composer of One?	Insufficient evidence
Who was the composer of Higher and Higher?	Insufficient evidence
Who was the composer of Hello?	Insufficient evidence
Who was the composer of Kärleken är?	Insufficient evidence
Who was the composer of Oh Maane Maane?	Insufficient evidence
Who was the composer of Innalenkil Nale?	Insufficient evidence
Who was the composer of Survivor?	Insufficient evidence
Who was the composer of The Good Life?	Insufficient evidence
Who was the composer of Clotilde?	Insufficient evidence
Who was the composer of The Card?	Insufficient evidence
Who was the composer of Julie?	Insufficient evidence
Who was the composer of La permission de dix heures?	Insufficient evidence
Who was the composer of Back to School?	Insufficient evidence
Who was the composer of Suddenly, Last Summer?	Insufficient evidence
Who was the composer of Four?	Insufficient evidence
Who was the composer of Friends?	Insufficient evidence
Who was the composer of From Above?	Insufficient evidence
Who was the composer of The Promise?	Insufficient evidence
Who was the composer of To The West?	Insufficient evidence
Who was the composer of Let's Get Away from It All?	Insufficient evidence
Who was the composer of Yvonne, Prinzessin von Burgund?	Insufficient evidence
Who was the composer of Love?	Insufficient evidence
Who was the composer of Ice?	Insufficient evidence
Who was the composer of Images?	Insufficient evidence
Who was the composer of Gumshoe?	Insufficient evidence
Who was the composer of Satyam?	Insufficient evidence
Who was the composer of Time?	Insufficient evidence
Who was the composer of King?	Insufficient evidence
Who was the composer of Billy?	Insufficient evidence
Who was the composer of Walker?	Insufficient evidence
Who was the composer of Parade?	Insufficient evidence
Who was the composer of Ode?	Insufficient evidence
Who was the composer of Mela?	Insufficient evidence
Who was the composer of La nonne sanglante?	Insufficient evidence
Who was the composer of The Party's Over?	Insufficient evidence
Who was the composer of All American?	Insufficient evidence
Who was the composer of Paris?	Insufficient evidence
Who was the composer of Magic of Love?	Insufficient evidence
Who was the composer of Genius?	Insufficient evidence
Who was the composer of Around the World?	Insufficient evidence
Who was the composer of Hard to Say?	Insufficient evidence
Who was the composer of For All We Know?	Insufficient evidence
Who was the composer of 180?	Insufficient evidence
Who was the composer of The Bells?	Insufficient evidence
Who was the composer of Radio?	Insufficient evidence
Who was the composer of Take a Chance?	Insufficient evidence
Who was the composer of The Greater Good, or the Passion of Boule de Suif?	Insufficient evidence
Who was the composer of Rebecca?	Insufficient evidence
Who was the composer of Delta?	Insufficient evidence
Who was the composer of School?	Insufficient evidence
Who was the composer of The Miracle?	Insufficient evidence
Who was the composer of Muni?	Insufficient evidence
Who was the composer of The Giants?	Insufficient evidence
Who was the composer of Shadow?	Insufficient evidence
Who was the composer of Old Shatterhand?	Insufficient evidence
Who was the composer of The Act?	Insufficient evidence
Who was the composer of The Sanguine Fan?	Insufficient evidence
Who was the composer of Dad?	Insufficient evidence
Who was the composer of The Cruise?	Insufficient evidence
Who was the composer of Longing?	Insufficient evidence
Who was the composer of Come Out?	Insufficient evidence
Who was the composer of Sacrifice?	Insufficient evidence
Who was the composer of Baba Yetu?	Insufficient evidence
Who was the composer of Alone?	Insufficient evidence
Who was the composer of Stop?	Insufficient evidence
Who was the composer of Your Man?	Insufficient evidence
Who was the composer of Candy?	Insufficient evidence
Who was the composer of Roma?	Insufficient evidence
Who was the composer of A?	Insufficient evidence
Who was the composer of New Year?	Insufficient evidence
Who was the composer of Aval Appadithan?	Insufficient evidence
Who was the composer of Signal?	Insufficient evidence
Who was the composer of Bannada Gejje?	Insufficient evidence
Who was the composer of Paradise?	Insufficient evidence
Who was the composer of Saved?	Insufficient evidence
Who was the composer of Number Pieces?	Insufficient evidence
Who was the composer of Highway?	Insufficient evidence
Who was the composer of Miss You?	Insufficient evidence
Who was the composer of King David?	Insufficient evidence
Who was the composer of Celebration?	Insufficient evidence
Who was the composer of E?	Insufficient evidence
Who was the composer of That Is Pandu?	Insufficient evidence
Who was the composer of It's Easy to Remember (And So Hard to Forget)?	Insufficient evidence
Who was the composer of College?	Insufficient evidence
Who was the composer of See You?	Insufficient evidence
Who was the composer of Love Story?	Insufficient evidence
Who was the composer of The Hero?	Insufficient evidence
Who was the composer of Wisconsin Death Trip?	Insufficient evidence
Who was the composer of Eimaste Dyo, Eimaste Treis, Eimaste Hilioi Dekatreis!?	Insufficient evidence
Who was the composer of Manmadhudu?	Insufficient evidence
Who was the composer of Never Forget?	Insufficient evidence
Who was the composer of All We Know?	Insufficient evidence
Who was the composer of Images?	Insufficient evidence
Who was the composer of Seema Tapakai?	Insufficient evidence
Who was the composer of Time?	Insufficient evidence
Who was the composer of Paris?	Insufficient evidence
Who was the composer of Over There?	Insufficient evidence
Who was the composer of Schlager?	Insufficient evidence
Who was the composer of In My Heart?	Insufficient evidence
Who was the composer of Toki o Kakeru Shōjo?	Insufficient evidence
Who was the composer of Empty Room?	Insufficient evidence
Who was the composer of I Wanna Pick You Up?	Insufficient evidence
Who was the composer of Yahudi Ki Ladki?	Insufficient evidence
Who was the composer of Messa?	Insufficient evidence
Who was the composer of Undo?	Insufficient evidence
Who was the composer of Land of Plenty?	Insufficient evidence
Who was the composer of Milan?	Insufficient evidence
Who was the composer of I Love Me?	Insufficient evidence
Who was the composer of Aa Divasam?	Insufficient evidence
Who was the composer of Yare Nee Abhimani?	Insufficient evidence
Who was the composer of Eliza?	Insufficient evidence
Who was the composer of A Broadway Musical?	Insufficient evidence
Who was the composer of Lovely?	Insufficient evidence
Who was the composer of Gia?	Insufficient evidence
Who was the composer of Mandira?	Insufficient evidence
Who was the composer of Nalla Thambi?	Insufficient evidence
Who was the composer of Stormy Monday?	Insufficient evidence
Who was the composer of Gentleman?	Insufficient evidence
Who was the composer of Overture in G major?	Insufficient evidence
Who was the composer of Rough?	Insufficient evidence
Who was the composer of The Neverhood?	Insufficient evidence
Who was the composer of For You?	Insufficient evidence
Who was the composer of Wish You Were Here?	Insufficient evidence
Who was the composer of Chasing?	Insufficient evidence
Who was the composer of Smile?	Insufficient evidence
Who was the composer of Tales of the Tempest?	Insufficient evidence
Who was the composer of Ek Nari Ek Brahmachari?	Insufficient evidence
Who was the composer of Big City Nights?	Insufficient evidence
Who was the composer of Jaani Dost?	Insufficient evidence
Who was the composer of Minnale?	Insufficient evidence
Who was the composer of Vel?	Insufficient evidence
Who was the composer of Alceste?	Insufficient evidence
Who was the composer of String Quartet No. 3?	Insufficient evidence
Who was the composer of Sigurd?	Insufficient evidence
Who was the composer of The Other Woman?	Insufficient evidence
Who was the composer of The Light Princess?	Insufficient evidence
Who was the composer of Plush?	Insufficient evidence
Who was the composer of Bloomfield?	Insufficient evidence
Who was the composer of The Foundation?	Insufficient evidence
Who was the composer of Good News?	Insufficient evidence
Who was the composer of Imagination?	Insufficient evidence
Who was the composer of See Me Now?	Insufficient evidence
Who was the composer of Chocolate?	Insufficient evidence
Who was the composer of The Killer Elite?	Insufficient evidence
Who was the composer of Artaserse?	Insufficient evidence
Who was the composer of Hero?	Insufficient evidence
Who was the composer of El Dorado?	Insufficient evidence
Who was the composer of The Trap?	Insufficient evidence
Who was the composer of The Bolt?	Insufficient evidence
Who was the composer of Edges?	Insufficient evidence
Who was the composer of Bunny?	Insufficient evidence
Who was the composer of Party?	Insufficient evidence
Who was the composer of Patience?	Insufficient evidence
Who was the composer of No Way Out?	Insufficient evidence
Who was the composer of Artist?	Insufficient evidence
Who was the composer of Dham?	Insufficient evidence
Who was the composer of Tholi Valapu?	Insufficient evidence
Who was the composer of The Wind in the Willows?	Insufficient evidence
Who was the composer of The Favor?	Insufficient evidence
Who was the composer of Annakili?	Insufficient evidence
Who was the composer of Isabel's a Jezebel?	Insufficient evidence
Who was the composer of Cold War?	Insufficient evidence
Who was the composer of Aandan Adimai?	Insufficient evidence
Who was the composer of Arkansas?	Insufficient evidence
Who was the composer of I Love You?	Insufficient evidence
Who was the composer of Sandhya?	Insufficient evidence
Who was the composer of All Things Go?	Insufficient evidence
Who was the composer of Billa?	Insufficient evidence
Who was the composer of Piano Trio?	Insufficient evidence
Who was the composer of Ankhiyon Ke Jharokhon Se?	Insufficient evidence
Who was the composer of Irene?	Insufficient evidence
Who was the composer of The Seasons?	Insufficient evidence
Who was the composer of Silver Threads Among the Gold?	Insufficient evidence
Who was the composer of Martin's Lie?	Insufficient evidence
Who was the composer of Ore Kadal?	Insufficient evidence
Who was the composer of I Will Be There?	Insufficient evidence
Who was the composer of Someday?	Insufficient evidence
Who was the composer of Prince?	Insufficient evidence
Who was the composer of Gang?	Insufficient evidence
Who was the composer of Memories?	Insufficient evidence
Who was the composer of Imagine This?	Insufficient evidence
Who was the composer of Calling You?	Insufficient evidence
Who was the composer of Gran Torino?	Insufficient evidence
Who was the composer of Hino da Independência?	Insufficient evidence
Who was the composer of Violin Concerto?	Insufficient evidence
Who was the composer of Hey Ram?	Insufficient evidence
Who was the composer of Voices?	Insufficient evidence
What color is Fleetwood Town F.C.?	Insufficient evidence
What color is Rosa 'Ingrid Bergman'?	Insufficient evidence
What color is York City F.C.?	Insufficient evidence
What is the religion of Alderson Broaddus University?	Insufficient evidence
What is the religion of Mihnea Turcitul?	Insufficient evidence
What is the religion of Loon?	Insufficient evidence
What is the religion of Andover Newton Theological School?	Insufficient evidence
What is the religion of José Palmeira Lessa?	Insufficient evidence
What is the religion of Sanyika Shakur?	Insufficient evidence
What is the religion of Southwestern University?	Insufficient evidence
What is the religion of American University?	Insufficient evidence
What is the religion of James Uno?	Insufficient evidence
What is the religion of Abu-l-Hasan Ali ibn Ruburtayr?	Insufficient evidence
What is the religion of Tabor College?	Insufficient evidence
What is the religion of Northland International University?	Insufficient evidence
What is the religion of Appalachian Bible College?	Insufficient evidence
What sport does Shaun Carey play?	Insufficient evidence
What sport does Jonas Villanueva play?	Insufficient evidence
What sport does Mustafa Keçeli play?	Insufficient evidence
What sport does Alain Rakotondramanana play?	Insufficient evidence
What sport does Gianluca Comotto play?	Insufficient evidence
What sport does Tim Hoogland play?	Insufficient evidence
What sport does Indrek Pertelson play?	Insufficient evidence
What sport does Sol Ky-Ong play?	Insufficient evidence
What sport does Günter Kutowski play?	Insufficient evidence
What sport does Najeh Humoud play?	Insufficient evidence
What sport does Dorus de Vries play?	Insufficient evidence
What sport does Luciano Vella play?	Insufficient evidence
What sport does Francisco Javier Lloret Martínez play?	Insufficient evidence
What sport does Brice Dulin play?	Insufficient evidence
What sport does Valeri Zelepukin play?	Insufficient evidence
What sport does Alain Laurier play?	Insufficient evidence
What sport does Simon Tahamata play?	Insufficient evidence
What sport does Dipu Ghosh play?	Insufficient evidence
What sport does Matteo Pivotto play?	Insufficient evidence
What sport does Gerd Schwidrowski play?	Insufficient evidence
What sport does Vasili Penyasov play?	Insufficient evidence
What sport does Andrei Bogomolov play?	Insufficient evidence
What sport does Dumitru Hubert play?	Insufficient evidence
What sport does Christophe Ott play?	Insufficient evidence
What sport does Stephen Connor play?	Insufficient evidence
What sport does Ladislav Žák play?	Insufficient evidence
What sport does Sebastián Morquio play?	Insufficient evidence
What sport does Cho Keung-yeon play?	Insufficient evidence
What sport does Radek Opršal play?	Insufficient evidence
What sport does David Homoláč play?	Insufficient evidence
What sport does Vítor Valente play?	Insufficient evidence
What sport does Alex Crombie play?	Insufficient evidence
What sport does Julián Lalinde play?	Insufficient evidence
What sport does Kaunas Sports Hall play?	Insufficient evidence
What sport does Vladislav Matviyenko play?	Insufficient evidence
What sport does Vyacheslav Chadov play?	Insufficient evidence
What sport does Ito play?	Insufficient evidence
What sport does Robert Braet play?	Insufficient evidence
What sport does Housain Al-Mogahwi play?	Insufficient evidence
What sport does Walter Pfeiffer play?	Insufficient evidence
What sport does HK Vojvodina play?	Insufficient evidence
What sport does USR Sainte-Rose play?	Insufficient evidence
What sport does Łukasz Szukała play?	Insufficient evidence
What sport does David Vázquez González play?	Insufficient evidence
What sport does Archie Needham play?	Insufficient evidence
What sport does Ozren Perić play?	Insufficient evidence
What sport does Siavash Yazdani play?	Insufficient evidence
What sport does Matty Blair play?	Insufficient evidence
What sport does Giovanni Fanello play?	Insufficient evidence
What sport does Jin Zhiyang play?	Insufficient evidence
What sport does Israel Andrade play?	Insufficient evidence
What sport does Patrick Edema play?	Insufficient evidence
What sport does Yoo Yong-sung play?	Insufficient evidence
What sport does Walter Tigers Tübingen play?	Insufficient evidence
What sport does João Schlittler play?	Insufficient evidence
What sport does Indonesia Education League play?	Insufficient evidence
What sport does Adam Bennett play?	Insufficient evidence
What sport does John Muse play?	Insufficient evidence
What sport does Leonardo Torres play?	Insufficient evidence
What sport does Anderson play?	Insufficient evidence
What sport does Mark Jonas play?	Insufficient evidence
What sport does Roland Zajmi play?	Insufficient evidence
What sport does Tommy Ord play?	Insufficient evidence
What sport does Gergő Kovács play?	Insufficient evidence
What sport does Brunei Barracudas play?	Insufficient evidence
What sport does Hans Cornelis play?	Insufficient evidence
What sport does Masahito Noto play?	Insufficient evidence
What sport does Elias MacDonald play?	Insufficient evidence
What sport does Mikhail Petrusyov play?	Insufficient evidence
What sport does Dan Parkinson play?	Insufficient evidence
What sport does Radoslav Rashkov play?	Insufficient evidence
What sport does Willi Kirsei play?	Insufficient evidence
What sport does Buffalo Memorial Auditorium play?	Insufficient evidence
What sport does Michael Gibson play?	Insufficient evidence
What sport does Irina Crasnoscioc play?	Insufficient evidence
What sport does Nicolás Martínez play?	Insufficient evidence
What sport does Aud Brindley play?	Insufficient evidence
What sport does Gustavo García play?	Insufficient evidence
What sport does Frank Cornan play?	Insufficient evidence
What sport does Gregor Zabret play?	Insufficient evidence
What sport does Andrei Vițelaru play?	Insufficient evidence
What sport does Steve Tilson play?	Insufficient evidence
What sport does Crease play?	Insufficient evidence
What sport does Mohammed Amine Kabli play?	Insufficient evidence
What sport does Boston United F.C. play?	Insufficient evidence
What sport does Alexei Ugarov play?	Insufficient evidence
What sport does Duncan Lambie play?	Insufficient evidence
What sport does Saša Janić play?	Insufficient evidence
What sport does Tony Wagstaff play?	Insufficient evidence
What sport does Ed Wachter play?	Insufficient evidence
What sport does Guilherme Andrade play?	Insufficient evidence
What sport does Noëlle van Lottum play?	Insufficient evidence
What sport does Abdoul Camara play?	Insufficient evidence
What sport does Szymon Szewczyk play?	Insufficient evidence
What sport does Andrew Blades play?	Insufficient evidence
What sport does Steve Coppell play?	Insufficient evidence
What sport does Bryan Schmidt play?	Insufficient evidence
What sport does Gerardo Galindo play?	Insufficient evidence
What sport does Pablo Aguilar play?	Insufficient evidence
What sport does Bobby Laing play?	Insufficient evidence
What sport does Juan López Hita play?	Insufficient evidence
What sport does Livia Altmann play?	Insufficient evidence
What sport does Luis Eduardo Maldonado play?	Insufficient evidence
What sport does Alexis Mendoza play?	Insufficient evidence
What sport does Mohamad Korhani play?	Insufficient evidence
What sport does Andrés Bottiglieri play?	Insufficient evidence
What sport does Ernő Noskó play?	Insufficient evidence
What sport does Amdy Faye play?	Insufficient evidence
What sport does Mateo Pavlović play?	Insufficient evidence
What sport does Radoslav Školník play?	Insufficient evidence
What sport does Kateřina Nash play?	Insufficient evidence
What sport does Kim Sung-gan play?	Insufficient evidence
What sport does Gregor Balažic play?	Insufficient evidence
What sport does Adel Bousmal play?	Insufficient evidence
What sport does shot play?	Insufficient evidence
What sport does Sofia Anker-Kofoed play?	Insufficient evidence
What sport does Samir Sarsare play?	Insufficient evidence
What sport does Njurunda SK play?	Insufficient evidence
What sport does Krasen Trifonov play?	Insufficient evidence
What sport does Lukáš Bodeček play?	Insufficient evidence
What sport does Ebrahim Asadi play?	Insufficient evidence
What sport does Layla Young play?	Insufficient evidence
What sport does Jeannot Gilbert play?	Insufficient evidence
What sport does Alexis Carra play?	Insufficient evidence
What sport does Marino Rahmberg play?	Insufficient evidence
What sport does Marc Santo-Roman play?	Insufficient evidence
What sport does Sandar IL play?	Insufficient evidence
What sport does Jamie White play?	Insufficient evidence
What sport does Petr Bříza play?	Insufficient evidence
What sport does Macky Escalona play?	Insufficient evidence
What sport does Hugo Rubio play?	Insufficient evidence
What sport does E Sour El Ghozlane play?	Insufficient evidence
What sport does Adam Henley play?	Insufficient evidence
What sport does Daniel Manzato play?	Insufficient evidence
What sport does Stavros Stathakis play?	Insufficient evidence
What sport does Atanas Atanasov play?	Insufficient evidence
What sport does Roosevelt Chapman play?	Insufficient evidence
What sport does Henk Timmer play?	Insufficient evidence
What sport does Joe Bretto play?	Insufficient evidence
What sport does Maxwell Griffin play?	Insufficient evidence
What sport does Yuri Koroviansky play?	Insufficient evidence
What sport does Ron Douglas play?	Insufficient evidence
What sport does Luka Glavaš play?	Insufficient evidence
What sport does Kevin Colley play?	Insufficient evidence
What sport does Nicolaas Cortlever play?	Insufficient evidence
What sport does Marko Vidović play?	Insufficient evidence
What sport does Mark Smalley play?	Insufficient evidence
What sport does Nobuhiro Ishizaki play?	Insufficient evidence
What sport does Ri Yong-jik play?	Insufficient evidence
What sport does Ceyda Aktaş play?	Insufficient evidence
What sport does Damla Çakıroğlu play?	Insufficient evidence
What sport does Nelson Semperena play?	Insufficient evidence
What sport does Waltteri Immonen play?	Insufficient evidence
What sport does McPherson Meade play?	Insufficient evidence
What sport does Roberto Kettlun play?	Insufficient evidence
What sport does Peter Bircumshaw play?	Insufficient evidence
What sport does Nevio de Zordo play?	Insufficient evidence
What sport does Dimitri Pätzold play?	Insufficient evidence
What sport does Miroslav Milutinović play?	Insufficient evidence
What sport does Ralph Black play?	Insufficient evidence
What sport does Billy Dennehy play?	Insufficient evidence
What sport does Adrian Olah play?	Insufficient evidence
What sport does Billy Lumley play?	Insufficient evidence
What sport does Ondřej Kušnír play?	Insufficient evidence
What sport does Mai Van Hoa play?	Insufficient evidence
What sport does Christos Koutsospyros play?	Insufficient evidence
What sport does Vitālijs Astafjevs play?	Insufficient evidence
What sport does János Farkas play?	Insufficient evidence
What sport does Mutanda Kwesele play?	Insufficient evidence
What sport does Marc Herold Gracien play?	Insufficient evidence
What sport does Barrie Aitchison play?	Insufficient evidence
What sport does Oyanaisis Gelis play?	Insufficient evidence
Who is the author of All Over?	Insufficient evidence
Who is the author of Afternoon?	Insufficient evidence
Who is the author of Tempo and Mode in Evolution?	Insufficient evidence
Who is the author of Escape?	Insufficient evidence
Who is the author of Justice?	Insufficient evidence
Who is the author of The Jacket?	Insufficient evidence
Who is the author of Mouse?	Insufficient evidence
Who is the author of Losing It?	Insufficient evidence
Who is the author of Nerve?	Insufficient evidence
Who is the author of ES?	Insufficient evidence
Who is the author of Phaic Tăn?	Insufficient evidence
Who is the author of Watchers at the Strait Gate?	Insufficient evidence
Who is the author of Only Human?	Insufficient evidence
Who is the author of The Bread?	Insufficient evidence
Who is the author of Gone for Good?	Insufficient evidence
Who is the author of The Last Days?	Insufficient evidence
Who is the author of Yellow?	Insufficient evidence
Who is the author of The Flood?	Insufficient evidence
Who is the author of Saints of Big Harbour?	Insufficient evidence
Who is the author of Pan?	Insufficient evidence
Who is the author of Turning On?	Insufficient evidence
Who is the author of Hard Time?	Insufficient evidence
Who is the author of Something More?	Insufficient evidence
Who is the author of Silver?	Insufficient evidence
Who is the author of The Edge of Tomorrow?	Insufficient evidence
Who is the author of The Village?	Insufficient evidence
Who is the author of The Vows of Silence?	Insufficient evidence
Who is the author of How It Happened?	Insufficient evidence
Who is the author of Dancing After Hours?	Insufficient evidence
Who is the author of Click?	Insufficient evidence
Who is the author of Japan?	Insufficient evidence
Who is the author of The Friendship?	Insufficient evidence
Who is the author of Higher Education?	Insufficient evidence
Who is the author of Mystery?	Insufficient evidence
Who is the author of Instruction of Hardjedef?	Insufficient evidence
Who is the author of Caleb West?	Insufficient evidence
Who is the author of Ente Katha?	Insufficient evidence
Who is the author of Buried Thunder?	Insufficient evidence
Who is the author of Time Enough?	Insufficient evidence
Who is the author of Operator?	Insufficient evidence
Who is the author of Lest We Remember?	Insufficient evidence
Who is the author of That Face?	Insufficient evidence
Who is the author of Haunted?	Insufficient evidence
Who is the author of Glue?	Insufficient evidence
Who is the author of Tribute?	Insufficient evidence
Who is the author of Passion Play?	Insufficient evidence
Who is the author of STORI Telling?	Insufficient evidence
Who is the author of A Legacy?	Insufficient evidence
Who is the author of A Bit of Singing and Dancing?	Insufficient evidence
Who is the author of Trying?	Insufficient evidence
Who is the author of Thomas?	Insufficient evidence
Who is the author of It's Not an All Night Fair?	Insufficient evidence
Who is the author of Dark Matter?	Insufficient evidence
Who is the author of Heaven?	Insufficient evidence
Who is the author of Getting Even?	Insufficient evidence
Who is the author of Obsessed?	Insufficient evidence
Who is the author of Darkvision?	Insufficient evidence
Who is the author of The Third Round?	Insufficient evidence
Who is the author of Regeneration?	Insufficient evidence
Who is the author of The Latimers?	Insufficient evidence
Who is the author of The Director?	Insufficient evidence
Who is the author of Action?	Insufficient evidence
Who is the author of Saint?	Insufficient evidence
Who is the author of Makers?	Insufficient evidence
Who is the author of The New Troy?	Insufficient evidence
Who is the author of Bodies?	Insufficient evidence
Who is the author of Nevis Mountain Dew?	Insufficient evidence
Who is the author of Saint Young Men?	Insufficient evidence
Who is the author of The Treatment?	Insufficient evidence
Who is the author of Silence?	Insufficient evidence
Who is the author of Dancing on Coral?	Insufficient evidence
Who is the author of Glass?	Insufficient evidence
Who is the author of Torch?	Insufficient evidence
Who is the author of Banks and Politics in America?	Insufficient evidence
Who is the author of Three Weeks?	Insufficient evidence
Who is the author of Getting Free?	Insufficient evidence
Who is the author of The Marriage?	Insufficient evidence
Who is the author of Magic?	Insufficient evidence
Who is the author of Reunion?	Insufficient evidence
Who is the author of The Last Word?	Insufficient evidence
Who is the author of The Wrestling?	Insufficient evidence
Who is the author of The Program?	Insufficient evidence
Who is the author of After?	Insufficient evidence
Who is the author of Dave at Night?	Insufficient evidence
Who is the author of In Mexico?	Insufficient evidence
Who is the author of Martin?	Insufficient evidence
Who is the author of Caste?	Insufficient evidence
Who is the author of A Peep into the Past?	Insufficient evidence
Who is the author of The End of the Soul?	Insufficient evidence
Who is the author of Job?	Insufficient evidence
Who is the author of What Remains?	Insufficient evidence
Who is the author of The Warriors of Spider?	Insufficient evidence
Who is the author of The Amazon?	Insufficient evidence
Who is the author of O dia das calças roladas?	Insufficient evidence
Who is the author of To my peoples?	Insufficient evidence
Who is the author of The Curious Room?	Insufficient evidence
Who is the author of The Interruption of Everything?	Insufficient evidence
Who is the author of My Life?	Insufficient evidence
Who is the author of Travels?	Insufficient evidence
Who is the author of It!?	Insufficient evidence
Who is the author of Positions?	Insufficient evidence
Who is the author of Out of This World?	Insufficient evidence
Who is the author of There But For The?	Insufficient evidence
Who is the author of Fellowship?	Insufficient evidence
Who is the author of Of a Boy?	Insufficient evidence
Who is the author of Before?	Insufficient evidence
Who is the author of Stand By Your Screen?	Insufficient evidence
Who is the author of Sandy?	Insufficient evidence
Who is the author of The Interior?	Insufficient evidence
Who is the author of Aida?	Insufficient evidence
Who is the author of Knock?	Insufficient evidence
Who is the author of Mode?	Insufficient evidence
Who is the author of Stations?	Insufficient evidence
Who is the author of Dilemma?	Insufficient evidence
Who is the author of Stiff?	Insufficient evidence
Who is the author of All in a Day?	Insufficient evidence
Who is the author of State of Change?	Insufficient evidence
Who is the author of Trust Me?	Insufficient evidence
Who is the author of Deadline?	Insufficient evidence
Who is the author of Rose?	Insufficient evidence
Who is the author of Showdown?	Insufficient evidence
Who is the author of The Crucifer of Blood?	Insufficient evidence
Who is the author of Island?	Insufficient evidence
Who is the author of The Bishop's Heir?	Insufficient evidence
Who is the author of Talent?	Insufficient evidence
Who is the author of Private?	Insufficient evidence
Who is the author of The Demon?	Insufficient evidence
Who is the author of Aliens?	Insufficient evidence
Who is the author of Frankenstein's Cat?	Insufficient evidence
Who is the author of Declaration?	Insufficient evidence
Who is the author of One Day at a Time?	Insufficient evidence
Who is the author of The Barracks Thief?	Insufficient evidence
Who is the author of Ang Singsing ng Dalagang Marmol?	Insufficient evidence
Who is the author of Skyscraper?	Insufficient evidence
Who is the author of Every Third Thought?	Insufficient evidence
Who is the author of Country?	Insufficient evidence
Who is the author of The Memorial?	Insufficient evidence
Who is the author of The Black Unicorn?	Insufficient evidence
Who is the author of Time?	Insufficient evidence
Who is the author of Johnny, My Friend?	Insufficient evidence
Who is the author of Opening Night?	Insufficient evidence
Who is the author of Chicago?	Insufficient evidence
Who is the author of Box the Pony?	Insufficient evidence
Who is the author of The Last Hawk?	Insufficient evidence
Who is the author of A New Life?	Insufficient evidence
Who is the author of The Outdoor Survival Handbook?	Insufficient evidence
Who is the author of By the Gods Beloved?	Insufficient evidence
Who is the author of Millennial Rites?	Insufficient evidence
Who is the author of What's Become of Waring?	Insufficient evidence
Who is the author of Go?	Insufficient evidence
Who is the author of The Burning?	Insufficient evidence
Who is the author of I Have a Special Plan for This World?	Insufficient evidence
Who is the author of Tokyo?	Insufficient evidence
Who is the author of Eater?	Insufficient evidence
Who is the author of Something Special?	Insufficient evidence
Who is the author of The Lemon Table?	Insufficient evidence
Who is the author of Off the Road?	Insufficient evidence
Who is the author of Tropic Moon?	Insufficient evidence
Who is the author of Second Generation?	Insufficient evidence
Who is the author of Down the River?	Insufficient evidence
Who is the author of Albertine?	Insufficient evidence
Who is the author of The Guard?	Insufficient evidence
Who is the author of Odds On?	Insufficient evidence
Who is the author of Handles?	Insufficient evidence
Who is the author of The Dark?	Insufficient evidence
Who is the author of Storm?	Insufficient evidence
Who is the author of Yakari?	Insufficient evidence
Who is the author of The Museum of Abandoned Secrets?	Insufficient evidence
Who is the author of Responsibility?	Insufficient evidence
Who is the author of Binary?	Insufficient evidence
Who is the author of Merry Tales?	Insufficient evidence
Who is the author of Over the Edge?	Insufficient evidence
Who is the author of My Style?	Insufficient evidence
Who is the author of Villa Amalia?	Insufficient evidence
Who is the author of Arizona?	Insufficient evidence
Who is the author of Satis Cognitum?	Insufficient evidence
Who is the author of The Baby Squad?	Insufficient evidence
Who is the author of Democracy?	Insufficient evidence
Who is the author of Beyond?	Insufficient evidence
Who is the author of Things That Are?	Insufficient evidence
Who is the author of Severed Souls?	Insufficient evidence
Who is the author of Loving?	Insufficient evidence
Who is the author of Cash Flow?	Insufficient evidence
Who is the author of The Shadow in the North?	Insufficient evidence
Who is the author of Broken?	Insufficient evidence
Who is the author of The Other Place?	Insufficient evidence
Who is the author of A Positive?	Insufficient evidence
Who is the author of Down?	Insufficient evidence
Who is the author of Max?	Insufficient evidence
Who is the author of Serpent Mage?	Insufficient evidence
Who is the author of Room Service?	Insufficient evidence
Who is the author of Berlin?	Insufficient evidence
Who is the author of What You Make It?	Insufficient evidence
Who is the author of Dawn?	Insufficient evidence
Who is the author of The Holy?	Insufficient evidence
Who is the author of On Acting?	Insufficient evidence
Who is the author of Reality Is What You Can Get Away With?	Insufficient evidence
Who is the author of The Sacrifice?	Insufficient evidence
Who is the author of Aspis?	Insufficient evidence
Who is the author of The Voice?	Insufficient evidence
Who is the author of Sticks?	Insufficient evidence
Who is the author of Follow The Music?	Insufficient evidence
Who is the author of Time After Time?	Insufficient evidence
Who is the author of Bring Me the Head of Prince Charming?	Insufficient evidence
Who is the author of Ug?	Insufficient evidence
Who is the author of Web?	Insufficient evidence
Who is the author of Ten?	Insufficient evidence
Who is the author of Fat?	Insufficient evidence
Who is the author of Out of Order?	Insufficient evidence
Who is the author of Alice?	Insufficient evidence
Who is the author of The Cat?	Insufficient evidence
Who is the author of History?	Insufficient evidence
Who is the author of The Rain Before It Falls?	Insufficient evidence
Who is the author of The Wizard in Wonderland?	Insufficient evidence
Who is the author of The Woolgatherer?	Insufficient evidence
Who is the author of Alexandria?	Insufficient evidence
Who is the author of Transcension?	Insufficient evidence
Who is the author of The Driver?	Insufficient evidence
Who is the author of Shelter?	Insufficient evidence
Who is the author of Fox Evil?	Insufficient evidence
Who is the author of Significant Others?	Insufficient evidence
Who is the author of Ponies?	Insufficient evidence
Who is the author of Sketches New and Old?	Insufficient evidence
Who is the author of Le Ton beau de Marot?	Insufficient evidence
Who is the author of Come On Over?	Insufficient evidence
Who is the author of The Bomb?	Insufficient evidence
Who is the author of Worst?	Insufficient evidence
Who is the author of Enchiridion of Epictetus?	Insufficient evidence
Who is the author of Mary Marston?	Insufficient evidence
Who is the author of Rose Hip Rose?	Insufficient evidence
Who is the author of Ray?	Insufficient evidence
Who is the author of The Between?	Insufficient evidence
Who is the author of My Story?	Insufficient evidence
Who is the author of Josh?	Insufficient evidence
Who is the author of Serious Money?	Insufficient evidence
Who is the author of American Power and the New Mandarins?	Insufficient evidence
Who is the author of Eden?	Insufficient evidence
Who is the author of The Camp?	Insufficient evidence
Who is the author of With?	Insufficient evidence
Who is the author of Society?	Insufficient evidence
Who is the author of The Isle of Voices?	Insufficient evidence
Who is the author of The Way It Came?	Insufficient evidence
Who is the author of Bear?	Insufficient evidence
Who is the author of Prosopography of the Later Roman Empire?	Insufficient evidence
Who is the author of Louis?	Insufficient evidence
Who is the author of The Burning?	Insufficient evidence
Who is the author of The Sword of Shibito?	Insufficient evidence
Who is the author of Limitations?	Insufficient evidence
Who is the author of She Is the Darkness?	Insufficient evidence
Who is the author of Unreal?	Insufficient evidence
Who is the author of Pen?	Insufficient evidence
Who is the author of Honour?	Insufficient evidence
Who is the author of Sin?	Insufficient evidence
Who is the author of Gold?	Insufficient evidence
Who is the author of Therapy?	Insufficient evidence
Who is the author of The Best of Friends?	Insufficient evidence
Who is the author of Way Up High?	Insufficient evidence
Who is the author of Salvation?	Insufficient evidence
Who is the author of Weekend?	Insufficient evidence
Who is the author of Images?	Insufficient evidence
Who is the author of Doll?	Insufficient evidence
Who is the author of The Disk?	Insufficient evidence
Who is the author of A Planet for the President?	Insufficient evidence
Who is the author of Windy?	Insufficient evidence
Who is the author of The Traveler?	Insufficient evidence
Who is the author of Wicked?	Insufficient evidence
Who is the author of The Culture of Collaboration?	Insufficient evidence
Who is the author of The Wild?	Insufficient evidence
Who is the author of Question?	Insufficient evidence
Who is the author of Old Money?	Insufficient evidence
Who is the author of A Darker Domain?	Insufficient evidence
Who is the author of Abel?	Insufficient evidence
Who is the author of Señor Saint?	Insufficient evidence
Who is the author of Het uur tussen hond en wolf?	Insufficient evidence
Who is the author of Precisely?	Insufficient evidence
Who is the author of The Valley?	Insufficient evidence
Who is the author of The Secret?	Insufficient evidence
Who is the author of Passengers?	Insufficient evidence
Who is the author of Line?	Insufficient evidence
Who is the author of Titanic 2020?	Insufficient evidence
Who is the author of Home Free!?	Insufficient evidence
Who is the author of Moving Day?	Insufficient evidence
Who is the author of Proof?	Insufficient evidence
Who is the author of Underground?	Insufficient evidence
Who is the author of Identity?	Insufficient evidence
Who is the author of The Fighting Ground?	Insufficient evidence
Who is the author of The Chaos Code?	Insufficient evidence
Who is the author of August?	Insufficient evidence
Who is the author of Rebellion?	Insufficient evidence
Who is the author of Sacred?	Insufficient evidence
Who is the author of The Street?	Insufficient evidence
Who is the author of Kite?	Insufficient evidence
Who is the author of Real World?	Insufficient evidence
Who is the author of Asleep?	Insufficient evidence
Who is the author of Victoria?	Insufficient evidence
Who is the author of Death?	Insufficient evidence
Who is the author of Cookie?	Insufficient evidence
Who is the author of The Angel?	Insufficient evidence
Who is the author of Stronghold?	Insufficient evidence
Who is the author of At Night?	Insufficient evidence
Who is the author of The Test?	Insufficient evidence
Who is the author of Darkness?	Insufficient evidence
Who is the author of Gold?	Insufficient evidence
Who is the author of Men and Women?	Insufficient evidence
Who is the author of One More Time?	Insufficient evidence
Who is the author of Glasses?	Insufficient evidence
Who is the author of No Future?	Insufficient evidence
Who is the author of Guns?	Insufficient evidence
Who is the author of Smash?	Insufficient evidence
Who is the author of The Deep?	Insufficient evidence
Who is the author of About Time?	Insufficient evidence
Who is the author of Kin?	Insufficient evidence
Who is the author of The Fort?	Insufficient evidence
Who is the author of Silence?	Insufficient evidence
Who is the author of Stanley?	Insufficient evidence
Who is the author of Axis?	Insufficient evidence
Who is the author of The Mahdi?	Insufficient evidence
Who is the author of Still Time?	Insufficient evidence
Who is the author of Norma?	Insufficient evidence
Who is the author of Broadway?	Insufficient evidence
Who is the author of Crazy?	Insufficient evidence
Who is the author of Roads?	Insufficient evidence
Who is the author of His Family?	Insufficient evidence
Who is the author of One on One?	Insufficient evidence
Who is the author of Ally?	Insufficient evidence
Who is the author of Baby?	Insufficient evidence
Who is the author of Cathy's Key?	Insufficient evidence
Who is the author of Mortal?	Insufficient evidence
Who is the author of Weapon?	Insufficient evidence
Who is the author of The Wicked Witch of Oz?	Insufficient evidence
Who is the author of The City?	Insufficient evidence
Who is the author of The Pickup?	Insufficient evidence
Who is the author of Jazz?	Insufficient evidence
Who is the author of Strangers?	Insufficient evidence
Who is the author of ?	Insufficient evidence
Who is the author of Time to Come?	Insufficient evidence
Who is the author of The Hit?	Insufficient evidence
Who is the author of Best Friends?	Insufficient evidence
Who is the author of Template?	Insufficient evidence
Who is the author of Rose?	Insufficient evidence
Who is the author of Festivals?	Insufficient evidence
Who is the author of It?	Insufficient evidence
Who is the author of The Other Place?	Insufficient evidence
Who is the author of White Line Fever?	Insufficient evidence
Who is the author of The Gadget?	Insufficient evidence
Who is the author of Born to Rock?	Insufficient evidence
Who is the author of The Train?	Insufficient evidence
Who is the author of Jack?	Insufficient evidence
Who is the author of American Dream, Global Nightmare?	Insufficient evidence
Who is the author of Doctors?	Insufficient evidence
Who is the author of Leaving Home?	Insufficient evidence
Who is the author of Neglected Aspects of Sufi Study?	Insufficient evidence
Who is the author of Trauma?	Insufficient evidence
Who is the author of Souls?	Insufficient evidence
Who is the author of Keeping the Moon?	Insufficient evidence
Who is the author of The Secret Diaries of Miss Miranda Cheever?	Insufficient evidence
Who is the author of Field Work?	Insufficient evidence
Who is the author of Hostage?	Insufficient evidence
Who is the author of Midnight?	Insufficient evidence
Who is the author of Justice?	Insufficient evidence
Who is the author of Rash?	Insufficient evidence
Who is the author of Messiah?	Insufficient evidence
Who is the author of What Remains?	Insufficient evidence
Who is the author of The Pretenders?	Insufficient evidence
Who is the author of Plum Spooky?	Insufficient evidence
Who is the author of The Great Perhaps?	Insufficient evidence
Who is the author of Rivals?	Insufficient evidence
Who is the author of In the Red?	Insufficient evidence
Who is the author of Relentless?	Insufficient evidence
Who is the author of The Universe Around Us?	Insufficient evidence
Who is the author of One of Us?	Insufficient evidence
Who is the author of Branches?	Insufficient evidence
Who is the author of Do The Work?	Insufficient evidence
Who is the author of Challenge?	Insufficient evidence
Who is the author of The Ascension Factor?	Insufficient evidence
Who is the author of Assumption?	Insufficient evidence
Who is the author of The Pianoplayers?	Insufficient evidence
Who is the author of Sweetness?	Insufficient evidence
Who is the author of Bonaparte à Malte?	Insufficient evidence
Who is the author of Nice People?	Insufficient evidence
Who is the author of Control?	Insufficient evidence
Who is the author of Falling?	Insufficient evidence
Who is the author of Road?	Insufficient evidence
Who is the author of Love All?	Insufficient evidence
Who is the author of Finder?	Insufficient evidence
Who is the author of Magic?	Insufficient evidence
Who is the author of The Sun Chemist?	Insufficient evidence
Who is the author of Lotte's Gift?	Insufficient evidence
Who is the author of E?	Insufficient evidence
Who is the author of Genma Taisen?	Insufficient evidence
Who is the author of The Doubtful Guest?	Insufficient evidence
Who is the author of Amazon?	Insufficient evidence
Who is the author of Faith?	Insufficient evidence
Who is the author of The Queen's Nose?	Insufficient evidence
Who is the author of The Post Office?	Insufficient evidence
Who is the author of Exposure?	Insufficient evidence
Who is the author of Collision?	Insufficient evidence
Who is the author of Let's Take the Long Way Home?	Insufficient evidence
Who is the author of Century?	Insufficient evidence
Who is the author of Plus?	Insufficient evidence
Who is the author of Chronicon?	Insufficient evidence
Who is the author of Big Money?	Insufficient evidence
Who is the author of Wolf?	Insufficient evidence
Who is the author of The Every Boy?	Insufficient evidence
Who is the author of Keeper of Dreams?	Insufficient evidence
Who is the author of Capitol?	Insufficient evidence
Who is the author of Visions of the Universe?	Insufficient evidence
Who is the author of Sometime Never...?	Insufficient evidence
Who is the author of Embrace?	Insufficient evidence
Who is the author of Chase?	Insufficient evidence
Who is the author of Lighthouse?	Insufficient evidence
Who is the author of Into the Woods?	Insufficient evidence
Who is the author of Pearl?	Insufficient evidence
Who is the author of The Media Elite?	Insufficient evidence
Who is the author of Mother?	Insufficient evidence
Who is the author of After the End?	Insufficient evidence
Who is the author of 8?	Insufficient evidence
Who is the author of Only Human?	Insufficient evidence
Who is the author of The Girl?	Insufficient evidence
Who is the author of Meltdown?	Insufficient evidence
Who is the author of Vast?	Insufficient evidence
Who is the author of Fruits?	Insufficient evidence
Who is the author of Last Days?	Insufficient evidence
Who is the author of Landscape?	Insufficient evidence
Who is the author of The Information?	Insufficient evidence
Who is the author of Shift?	Insufficient evidence
Who is the author of Federation?	Insufficient evidence
Who is the author of Blake?	Insufficient evidence
Who is the author of Blood Test?	Insufficient evidence
Who is the author of Down?	Insufficient evidence
Who is the author of The Grave?	Insufficient evidence
Who is the author of Washington, D.C.?	Insufficient evidence
Who is the author of Gowie Corby Plays Chicken?	Insufficient evidence
Who is the author of Opus?	Insufficient evidence
Who is the author of Wake?	Insufficient evidence
Who is the author of An Age?	Insufficient evidence
Who is the author of The Great Automatic Grammatizator?	Insufficient evidence
Who is the author of Hoboken-Verzeichnis?	Insufficient evidence
Who is the author of Sorry?	Insufficient evidence
Who is the author of The Well?	Insufficient evidence
Who is the author of Escape?	Insufficient evidence
Who is the author of Prime Time?	Insufficient evidence
Who is the author of Experience?	Insufficient evidence
Who is the author of Trust Territory?	Insufficient evidence
Who is the author of Galax-Arena?	Insufficient evidence
Who is the author of No Connection?	Insufficient evidence
Who is the author of Visst katten har djuren själ!?	Insufficient evidence
Who is the author of Passage?	Insufficient evidence
Who is the author of Dogs?	Insufficient evidence
Who is the author of A Woman of the Iron People?	Insufficient evidence
Who is the author of Truth and Tolerance?	Insufficient evidence
Who is the author of Let's Not?	Insufficient evidence
Who is the author of Ancestor?	Insufficient evidence
Who is the author of The Example?	Insufficient evidence
Who is the author of Timestorm 2009–2099?	Insufficient evidence
Who is the author of The Tree?	Insufficient evidence
Who is the author of K.?	Insufficient evidence
Who is the author of Up Till Now: The Autobiography?	Insufficient evidence
Who is the author of Marie?	Insufficient evidence
Who is the author of MW?	Insufficient evidence
Who is the author of The Certificate?	Insufficient evidence
Who is the author of A Married Man's Story?	Insufficient evidence
Who is the author of The Far Shore of Time?	Insufficient evidence
Who is the author of Conan, Lord of the Black River?	Insufficient evidence
Who is the author of A Matter of Time?	Insufficient evidence
Who is the author of Legs?	Insufficient evidence
Who is the author of Mute?	Insufficient evidence
Who is the author of The Smile?	Insufficient evidence
Who is the author of Corridor?	Insufficient evidence
Who is the author of Easter?	Insufficient evidence
Who is the author of Ink?	Insufficient evidence
Who is the author of The Survivor?	Insufficient evidence
Who is the author of Doctor Slaughter?	Insufficient evidence
Who is the author of Sweet Eros?	Insufficient evidence
Who is the author of Non?	Insufficient evidence
Who is the author of Cages?	Insufficient evidence
Who is the author of Weight Loss?	Insufficient evidence
Who is the author of Replacements?	Insufficient evidence
Who is the author of Maiwa's Revenge?	Insufficient evidence
Who is the author of The Ball?	Insufficient evidence
Who is the author of F?	Insufficient evidence
Who is the author of The Day of the Pelican?	Insufficient evidence
Who is the author of Solo?	Insufficient evidence
Who is the author of Witt?	Insufficient evidence
Who is the author of Rigged?	Insufficient evidence
Who is the author of Color?	Insufficient evidence
Who is the author of Colony?	Insufficient evidence
Who is the author of On the Road?	Insufficient evidence
Who is the author of Four Fires?	Insufficient evidence
Who is the author of Checkers?	Insufficient evidence
Who is the author of Kachō Kōsaku Shima?	Insufficient evidence
Who is the author of State of the Art?	Insufficient evidence
Who is the author of The Game?	Insufficient evidence
Who is the author of Sweat?	Insufficient evidence
Who is the author of Voyage d'Egypte et de Nubie?	Insufficient evidence
Who is the mother of Emmanuel Théodose de La Tour d'Auvergne?	Insufficient evidence
Who is the mother of Patrick Villiers Farrow?	Insufficient evidence
Who is the mother of Hermann II, Landgrave of Thuringia?	Insufficient evidence
Who is the mother of Duchess Anna of Prussia?	Insufficient evidence
Who is the mother of Elizabeth Stewart, Countess of Crawford?	Insufficient evidence
Who is the mother of Anna Russell, Duchess of Bedford?	Insufficient evidence
Who is the mother of Clarence Peters?	Insufficient evidence
Who is the mother of Paula Weinstein?	Insufficient evidence
Who is the mother of Esau?	Insufficient evidence
Who is the mother of Sigebert I?	Insufficient evidence
Who is the mother of Prince Louis, Duke of Nemours?	Insufficient evidence
Who is the mother of Melissa Benn?	Insufficient evidence
Who is the mother of Queen Marie of Romania?	Insufficient evidence
Who is the mother of Charles Washington?	Insufficient evidence
Who is the mother of Carrie Brady?	Insufficient evidence
Who is the mother of Cornelia Otis Skinner?	Insufficient evidence
Who is the mother of Allison Hirschlag?	Insufficient evidence
Who is the mother of Eadburh?	Insufficient evidence
Who is the mother of Maud of Normandy?	Insufficient evidence
Who is the mother of Mao Anqing?	Insufficient evidence
Who is the mother of Aloysia Weber?	Insufficient evidence
Who is the mother of Theobald II of Champagne?	Insufficient evidence
Who is the mother of Prince Paul of Yugoslavia?	Insufficient evidence
Who is the mother of Pierre Napoleon Bonaparte?	Insufficient evidence
Who is the mother of Wenceslaus IV of Bohemia?	Insufficient evidence
Who is the mother of Sophie Gurney?	Insufficient evidence
Who is the mother of Princess Florestine, Duchess of Urach?	Insufficient evidence
Who is the mother of Hou Ji?	Insufficient evidence
Who is the mother of Sancho, Count of Provence?	Insufficient evidence
Who is the mother of Afonso of Portugal?	Insufficient evidence
Who is the mother of New Approach?	Insufficient evidence
Who is the mother of Henry of England?	Insufficient evidence
Who is the mother of Crispian Mills?	Insufficient evidence
Who is the mother of Afonso, Duke of Oporto?	Insufficient evidence
Who is the mother of Terry Fox?	Insufficient evidence
What is the capital of Verbandsgemeinde Loreley?	Insufficient evidence
What is the capital of Nyandeni Local Municipality?	Insufficient evidence
What is the capital of Lys?	Insufficient evidence
What is the capital of Ugocsa County?	Insufficient evidence
What is the capital of Prentiss County?	Insufficient evidence
What is the capital of Semirechye Oblast?	Insufficient evidence
What is the capital of Tarussky District?	Insufficient evidence
What is the capital of Florida?	Insufficient evidence
What is the capital of Gmina Czorsztyn?	Insufficient evidence
What is the capital of Ioba Province?	Insufficient evidence
What is the capital of Centre?	Insufficient evidence
What is the capital of Srednekansky District?	Insufficient evidence
What is the capital of Littoral?	Insufficient evidence
What is the capital of Deux-Nèthes?	Insufficient evidence
What is the capital of Tarnogsky District?	Insufficient evidence
What is the capital of Ter?	Insufficient evidence
What is the capital of Golden Valley County?	Insufficient evidence
What is the capital of Océan?	Insufficient evidence
What is the capital of Kiribati?	Insufficient evidence
What is the capital of Himan and Heeb?	Insufficient evidence
What is the capital of Meta?	Insufficient evidence
What is the capital of Lahaul and Spiti district?	Insufficient evidence
If the Chandrayaan-2 mission had been successful, what elements could have potentially been discovered on the lunar surface?	Insufficient evidence
If Victoria Benedictsson had penned "Fru Marianne" in 1883 instead of 1887, which notable work would she have written subsequently?	Insufficient evidence
If the construction plans for the Wood Center hadn't been altered due to unexpected permafrost issues, how many floors would it have originally had?	Insufficient evidence
If the implementation of Phase 1 of Citi Bike hadn't been delayed until March 2013, when was it originally scheduled to start?	Insufficient evidence
If the "Goatlord" album hadn't been relegated to just rehearsal tapes, what position would it have held in the sequence of Darkthrone's album releases?	Insufficient evidence
If the FBI and OSP hadn't considered Sheriff Glenn Palmer a security leak, where would the operation to intercept LaVoy Finicum have been originally planned to take place?	Insufficient evidence
If TV Africa had not withdrawn their sponsorship when the tournament was relocated to Abidjan, which month and year would the tournament have taken place?	Insufficient evidence
If the character Dixon Hill's name hadn't been altered in the "Star Trek" series, what would his original name have been?	Insufficient evidence
If Dennis Joseph hadn't been overwhelmed with other commitments, which 1990 Indian film was he originally slated to write the screenplay for?	Insufficient evidence
If the first match for Brighton in 1910 hadn't been postponed, on what date would it have been played?	Insufficient evidence
If the monkeys on Monkey Island in the Homosassa River hadn't caused issues, where would they have remained living during the 1960s?	Insufficient evidence
If the track conditions had been optimal, what would have been the total race miles for the 1909 Wheeler-Schebler Trophy Race at the Indianapolis Motor Speedway?	Insufficient evidence
If Feral pigeons have become adapted to urban life, where would they most likely find a substitute for sea cliffs to roost?	Insufficient evidence
If the Cheddar Valley line had been decommissioned in 1963, what was the name given to the former trackbed that was repurposed as a trail?	Insufficient evidence
If the band Suede had not changed the original song titles for their album "Coming Up", what would the song "Beautiful Ones" have been originally titled?	Insufficient evidence
If the Sziget Festival had been held in Budapest and had retained its original name, what would its English translation be?	Insufficient evidence
If Taiwo Hassan and Sweatshirt had agreed to Christian Rich's original idea for the song "Chum", who would have performed the hook?	Insufficient evidence
If the town of Calumpit in Mexico had not been re-dedicated in December 1576, which Saint would have remained its patron?	Insufficient evidence
If the Interplanetary News Digest had been published, who would have been the editor of this 1950s UFO magazine?	Insufficient evidence
If British figure skater Deborah Cottrill had never relocated from her hometown in England, where would she have spent her entire life?	Insufficient evidence
If Merle Keagle had decided to adopt the nickname her teammates initially gave her, what would her new first name be?	Insufficient evidence
If Deion Sanders had retained the initial uniform number assigned to him by the Yankees, what would that number have been?	Insufficient evidence
If Ayrton Senna and Gerhard Berger had swapped their starting positions at the 1991 Belgian Grand Prix, what position would Senna have started from?	Insufficient evidence
If the original cockerel symbol of the English Tottenham Hotspur Football Club had never been moved, on which part of the stadium would it be located?	Insufficient evidence
If Skwisgaar Skwigelf, the lead guitarist of Dethklok, had continued using the same Gibson Explorer for the fourth season, which guitar would he not have played?	Insufficient evidence
If the term "Mandiyú" was appended to the club's name at a later stage, what was the club's initial name?	Insufficient evidence
If Little's contract for "Neighbours" hadn't been extended, how long was he originally intended to play Joe Mangel?	Insufficient evidence
If the Irish gambling site Paddy Power had not changed their initial prediction for the favorite to win Amazon HQ2, which city would have been their top choice?	Insufficient evidence
If Kerry King had not objected to the initial concept for the "No Sleep till Brooklyn" music video, which animal was supposed to knock him offstage?	Insufficient evidence
If Calvin Coolidge and his wife Grace Goodhue hadn't cut their honeymoon short, how long would they have spent on their honeymoon?	Insufficient evidence
If the band Genesis hadn't decided to release "We Can't Dance" on CD, what format were they originally considering?	Insufficient evidence
If Alsephina had retained its original designation, would it refer to a single star or multiple stars?	Insufficient evidence
If the bidet was positioned in its original location in a modern home, which room would it be located in?	Insufficient evidence
If Charles Auguste Boehmer had been financially prosperous, who was the original designee for the luxurious diamond necklace?	Insufficient evidence
If the farm, which is now the UGA Equestrian Complex, hadn't been constructed until the year it was acquired by the University of Georgia, for which Olympic Games would it not have served as a training site?	Insufficient evidence
If Jon Ryan hadn't rushed for a first down on September 30, 2007, which team's punter would have been the last to achieve this feat?	Insufficient evidence
If Mr. Anderson and Jeff Hardy had not been substituted in the tag titles match, who would have been their replacements?	Insufficient evidence
If the homes in Lilydale had been sold as originally planned, who would have been the primary residents?	Insufficient evidence
If Delaney Bramlett had allowed Bonnie to collaborate with The Rolling Stones, which track would she have contributed to?	Insufficient evidence
If the rights to the biopic about Charlie Parker had been traded swiftly between Warner Bros. and Columbia Pictures, which actor was intended to portray Charlie Parker?	Insufficient evidence
If the Suzuki Cultus had kept its original Finnish name, what would it be known as?	Insufficient evidence
If the TV series Dirty Sanchez had never changed its filming location from its original setting, where would it have been set?	Insufficient evidence
If Jenifer Ellen Ringer had never relocated from her childhood home, in which state would she currently reside?	Insufficient evidence
If the song "Video 5 8 6" had retained its original title, what would it be called?	Insufficient evidence
If Sonny Perdue chose to be addressed by his original birth name, what would it be?	Insufficient evidence
If Operation Tungsten hadn't been delayed due to the fitting of new radars on "Victorious", when would the raid have originally occurred?	Insufficient evidence
If the River Wissey had not changed its course, which city would it have flowed to instead of its current path?	Insufficient evidence
If all the sketches from the DVD release of Movie 43 had been included in its theatrical release, which actress would have appeared in the theatrical version?	Insufficient evidence
If the Bengali film "Saat Pake Bandha" from 1963 had not been remade in Telugu, which film would not have been created?	Insufficient evidence
If the 1955 British comedy film "The Man Who Loved Redheads" had retained the title of the play it was adapted from, what would its title be?	Insufficient evidence
If Joel McCrea hadn't turned down the role of Jack Driscoll in "King Kong" due to fear of typecasting, which actor would not have been cast in that role?	Insufficient evidence
If Jamie Madrox's detective agency had retained its original name, what would it be called?	Insufficient evidence
If Yuri Kudinov had completed his swim across the English Channel fifteen minutes earlier, whose world record would he have surpassed?	Insufficient evidence
If the founder of the American restaurant chain Frenchy's Chicken had not changed his original plan, what would the restaurant chain be named?	Insufficient evidence
If the downtown segment of the Yellow Line in the Washington Metropolitan Area Transit Authority (WMATA) system had opened as initially planned, when would it have commenced operations?	Insufficient evidence
If Jose Maria Garcia Escudero had not been dismissed, which esteemed award would the film "Dawn of America" have potentially missed?	Insufficient evidence
If Genndy Tartakovsky's family had not relocated to Chicago, where would he have spent his childhood?	Insufficient evidence
If the production of the film "Appaloosa" hadn't been delayed, who would have portrayed the character Allie French?	Insufficient evidence
If the original agreement hadn't been discontinued, which company would have designed the "Midland M16 Formula One" car?	Insufficient evidence
If the Barksdale Air Force Base had been constructed at the location initially proposed by Shreveport, which water body would it have been near?	Insufficient evidence
If U.S. Representative William Lipinski hadn't supported aid to the Nicaraguan contras, which Chicago project wouldn't have received federal funding from President Reagan as a favor?	Insufficient evidence
If King James I of Aragon's army had landed at their intended location on the island of Majorca, where would that have been?	Insufficient evidence
If the drafts introduced by the Xiyuecheng Dye Company of Pingyao hadn't gained popularity, which banking institution might not have been established?	Insufficient evidence
If the NBC show "Your Hit Parade" had retained its original star from the first episodes, who would have continued in the star role throughout the series?	Insufficient evidence
If the game Phantom of Inferno had been released as per its original schedule, in which season of 2011 would it have been available to play?	Insufficient evidence
If the remaining teams and Board of Directors of AF2, along with some former members of the AFL, had not united, which league would not have been created?	Insufficient evidence
If the new Bentley Coupe hadn't received a largely positive public reception, which car would have been the highlight instead?	Insufficient evidence
If the Republican candidate had emerged victorious in the 2013 Los Angeles mayoral election, who would have assumed the role of mayor in Los Angeles, California?	Insufficient evidence
If the musical show "Me and Juliet" had retained its initial title, what would it have been known as?	Insufficient evidence
If the character Dean Winchester from the WB show "Supernatural" was named after the actor originally intended, who would that actor be?	Insufficient evidence
If Purdue had not transitioned to a Division I-A program, how would it have been classified?	Insufficient evidence
If the major thoroughfare in Jackson Heights, Queens had retained its original name, what would Northern Boulevard be called?	Insufficient evidence
If the COVID-19 pandemic hadn't caused a delay, when would the Marvel movie "Black Widow" have originally premiered?	Insufficient evidence
If the seaside resort in Victoria, Australia had retained its original name, what would Torquay be known as today?	Insufficient evidence
If the first school at the crossing of Manchester Road over the Missouri Pacific Railroad tracks in St. Louis, Missouri hadn't been renamed, what would its original name be?	Insufficient evidence
If Bashevis Singer's retitled name for the movie "Yentl" had been kept, what would the film have been known as?	Insufficient evidence
If Richter's aunt had not developed schizophrenia, who would not have murdered her as depicted in "Never Look Away"?	Insufficient evidence
If the valley of the River Irthing, a tributary of the Eden, did not provide a certain type of route via the Tyne Gap to the valley of the South Tyne and Carlisle, what type of route would it be?	Insufficient evidence
If there had been a sufficient number of medical practitioners in rural China, whose presence would not have been necessary?	Insufficient evidence
If Burt Reynolds hadn't been cast in "Switching Channels," who was the original choice for the role?	Insufficient evidence
If Paramore hadn't decided to finish their 2009 album in Calabasas, California, where would they have likely recorded it instead?	Insufficient evidence
If NASA had not decided to use the term "spacecraft", what would they have referred to it as?	Insufficient evidence
If the pairing of characters in "Doctor Who" had not been doubted, who would have portrayed Sarah Jane Smith?	Insufficient evidence
If no athletes had failed the doping test at the 2012 London Olympics, who would have been the silver medalist in the javelin throw event?	Insufficient evidence
If Chris John hadn't experienced a blood issue, when would the rematch with Rocky Juarez have originally taken place?	Insufficient evidence
If "The Bluebook" had maintained its original purpose to the present day, what would its primary use be?	Insufficient evidence
If the production of Dragons' Den hadn't been forced to relocate after the first series, where would all the filming have taken place?	Insufficient evidence
If the Indonesian "H. erectus" subspecies had maintained its original classification, who would they be considered the direct ancestors of?	Insufficient evidence
If Thomas Park Clement had not been adopted, in which country would he likely have continued to reside?	Insufficient evidence
If William Parks had accompanied Levi Sternberg on his expedition earlier, which part of the dinosaur's body would they have discovered together?	Insufficient evidence
If Hadise Açıkgöz's parents had given the name "Hadise" to the child they originally intended, which of her siblings would have been named "Hadise"?	Insufficient evidence
If the area of Macclesfield had not been devastated in 1070, according to which records would the manor's value still have fallen from £8 to 20 shillings?	Insufficient evidence
If Catwoman hadn't been portrayed as an antiheroine, often doing the wrong things for the right reasons since the 1990s, what would her original character have been?	Insufficient evidence
If Sir John Fastolf had not transformed his family's manor house, what would not be recognized today?	Insufficient evidence
If software technology had been advanced earlier, how many years prior would Williams have designed the "Phantasmagoria" video game?	Insufficient evidence
If the original owners of KTVX had retained ownership, who would be the current owners?	Insufficient evidence
If the first "Tintin" volume, based on "The Shooting Star" story and published by Casterman, had been released in a different format, which format would it not have been?	Insufficient evidence
If Richard Fleischer hadn't pursued a career in movie directing, in which field would he have likely worked?	Insufficient evidence
If the county council hadn't renamed it as the Milton site in late 2008, what was the original name of the site?	Insufficient evidence
If Yang Yong-eun hadn't won the 2009 PGA Championship, who would have been declared the winner?	Insufficient evidence
If the Roman Empire had not arrived in southern Scotland, which tribe would have originally inhabited the River Clyde and its surrounding area?	Insufficient evidence
If .GIF images hadn't been utilized in early web design, what would not have been prevented from collapsing?	Insufficient evidence
If Kaori Yuki hadn't been concerned about concluding the story appropriately, how many chapters would "Angel Sanctuary" have originally contained?	Insufficient evidence
If the executives hadn't decided that the drama "Jewel in the Palace" had the potential to be a grand production, when was the filming originally planned to start?	Insufficient evidence
If during the Middle Ages and most of the modern era, artillery pieces were transported by horse-drawn gun carriages, what means of transportation are used in the contemporary era?	Insufficient evidence
If a south to southeasterly flow, produced by strong high pressure aloft over the desert southwest in connection with the summer monsoon, drives the offshore marine layer up the coastline during the summer, what is this phenomenon known as?	Insufficient evidence
If the communication phase between the producer and an idol initiates, what happens to the text progression?	Insufficient evidence
If the notion of being "unfit to receive" was absent in communion, what would not be seen as scandalous if refused to be distributed to an individual?	Insufficient evidence
If a user locates an item of interest on the Europeana web portal using the provided contextual information, where would they need to navigate to access the item's full content?	Insufficient evidence
If Vanbiesbrouck had been declared an unrestricted free agent during the 1992 NHL Entry Draft, who would have taken his place in the trade deal between the Nordiques and the Rangers?	Insufficient evidence
If the Milan team hadn't been deducted any points following the 2006 Serie A scandal in Italian football, how many additional points would they have possessed?	Insufficient evidence
If the 1939 proposals for the Metropolitan line in England hadn't been abandoned due to World War II, which station would have stayed open during peak hours for interchange with the Bakerloo line?	Insufficient evidence
If Jim Barton and Mike Ramsay, the creators of TiVo Inc, hadn't developed equipment to record digitized video to a hard drive, what was their original intention for the device?	Insufficient evidence
If the Siriraj Hospital, the first western hospital in Thailand, had retained its original name, what would it be known as today?	Insufficient evidence
If the Hudson Highland Suspension Bridge Company had successfully built their proposed bridge over the Hudson River in 1868, which two locations would it have connected?	Insufficient evidence
If the band Disturbed hadn't covered the song "Midlife Crisis", which group would have remained as its sole performer?	Insufficient evidence
If the professional wrestling group Kai En Tai had retained the name initially given to them by the announcers, what would their name have been?	Insufficient evidence
If the maritime route hypothesis is accurate and Buddhism remained confined to its original practice areas, which modern-day regions in China would be associated with Buddhism?	Insufficient evidence
If American comedian Dana Carvey had followed his initial instinct for the production of "The Dana Carvey Show", which network would have aired the show?	Insufficient evidence
If KULA-TV hadn't commenced operations in 1954, which network's programming would KGMB-TV have continued to broadcast?	Insufficient evidence
If there had been no setbacks, when was the North-South Line of the Amsterdam Metro originally planned to be fully completed?	Insufficient evidence
If Channel 39, originally owned by the WKY Television System, was sold in 1976, who became its new owner?	Insufficient evidence
If the term G4-DNA was originally used to describe tetramolecular structures, what does it currently signify in molecular biology?	Insufficient evidence
If Lady Mary Fox had decided not to sell the Anthony Roll to the British Museum in 1858, where would it likely be located today?	Insufficient evidence
If Abdul Hamid II had followed the tradition of other Ottoman sultans, which places would he not have visited nine years before his ascension to the throne?	Insufficient evidence
If there hadn't been a heavy downpour, at what time would Aerosmith have begun their performance at Woodstock '94?	Insufficient evidence
If the Mossad, the Israeli intelligence agency, had proceeded with their initial plan to assassinate a high-ranking Syrian official in London, who would have been the targeted individual?	Insufficient evidence
If there had been no manufacturing issues, when was Despised Icon's DVD "Montreal Assault" originally scheduled for release?	Insufficient evidence
If Janet Jackson's "All for You Tour" hadn't encountered technical issues at the Canada–United States border, which city would have hosted the first show?	Insufficient evidence
If the "Regio corpo truppe coloniali della Somalia Italiana" had retained its original name, what would it have been referred to as in English in 1910?	Insufficient evidence
If a New York City judge hadn't ruled in favor of Max B, which record label would have been prevented from releasing the album "Vigilante Season"?	Insufficient evidence
If the Roman Catholic chapel dedicated to the Holy Family Upon its Return from Egypt in Comino on the Maltese Isles had not been enlarged or modified after its initial construction, when would have been the last time it was structurally worked on?	Insufficient evidence
If the London Victoria station had kept its original name in the 19th century, what would we be calling it today?	Insufficient evidence
If the members of Quest Crew hadn't disbanded, which dance troupe would they have continued to perform with?	Insufficient evidence
If Emily Hampshire had not been selected in the auditions for the American TV show Schitt's Creek, which character would she not have portrayed?	Insufficient evidence
If Mike Torrez had joined the New York Yankees as initially planned, in which month would his first game have taken place?	Insufficient evidence
If William Donovan had not raised objections to the portrayal of the Office of Strategic Services in the film "13 Rue Madeleine", which spy group would not have been created for the movie?	Insufficient evidence
If Bruce Willis's character had battled terrorists on a Caribbean cruise in the movie, what would the original title of the film have been?	Insufficient evidence
If the Shadipalli–Hyderabad section had seen more passenger transportation in 1900, what type of gauge would the railway line have remained as?	Insufficient evidence
If Fritz Redl had retired a year earlier in 1948, which theory would Ladd Wheeler not have been able to analyze in 1966?	Insufficient evidence
If Sennacherib, the King of the Neo-Assyrian Empire, had not altered his decision about his successor, who would have ascended the throne after his demise?	Insufficient evidence
If Lyons Avenue in the Fifth Ward of Houston, Texas had not been renamed, what would its original name be?	Insufficient evidence
If Paris Jackson were to discuss the school that subjected her to extensive abuse, which institution would she likely mention?	Insufficient evidence
If Ruud Lubbers hadn't pursued a career in economics, what profession would he have originally planned to follow?	Insufficient evidence
If one were to read the earliest major comic crossover event, which character would they find appearing in other comics?	Insufficient evidence
If Mindless Self Indulgence, a band that started in 1995, decided to take a break, when did they announce their hiatus?	Insufficient evidence
If M-PESA had not been expanded to serve as a general money-transfer system, what would its primary function have been?	Insufficient evidence
If cap gun toys continued to be made from their original material, what would that material be?	Insufficient evidence
If the East Side Access project hadn't been delayed, when would Amtrak have initiated the repair of the East River Tunnels?	Insufficient evidence
If Aaron Pauley had not left the band Jamie's Elsewhere, who would have potentially become the new official vocalist?	Insufficient evidence
If Prince Vijaya had not landed on the island of Tambapanni, who would have originally inhabited it?	Insufficient evidence
If Bart Andrus, the American football coach, had not transferred to the College of the Canyons in Santa Clarita, California in 1977, which institution would he have continued his education at?	Insufficient evidence
If ale continued to use the original bittering agent from its early production days, what mixture would be used to bitter all ale?	Insufficient evidence
If Michael Eisner had his way, what style of helmet would the title character of "The Rocketeer" movie have worn?	Insufficient evidence
If Adam Chandler hadn't interfered and replaced the sperm donation for Liza Colby's artificial insemination, who would have been the biological father of Colby Marian Martin?	Insufficient evidence
If the 105th Infantry Brigade and the Omega special-police company hadn't been required elsewhere, from which location would they have been deployed by the ZNG during Operation Swath-10?	Insufficient evidence
If KKTV station hadn't relocated to South Tejon Street in Colorado Springs in 1956, where would it have continued its operations?	Insufficient evidence
If Brad Buxer hadn't been a classically trained keyboardist, what would his role have been?	Insufficient evidence
If Lucas Radebe hadn't transitioned from central midfield to defence, what would have been his original position in the Kaizer Chiefs?	Insufficient evidence
If Peter Hesketh-Fleetwood had decided on a two-word name he was contemplating, what would the town of Fleetwood be known as today?	Insufficient evidence
If Percy Cradock had been defeated in the 1950 election for Chairman of the Cambridge Union Society, who would have taken the position?	Insufficient evidence
If the Art Gallery of Greater Victoria had not postponed its expansion due to rising costs, when would the construction have originally commenced?	Insufficient evidence
If the United States Air Force (USAF) had not renamed the variant of the A-12 they ordered in December 1962, what would its original name have been?	Insufficient evidence
If the title of "capitanei" was not a special concession for lower vassals, what would they solely be referred to as?	Insufficient evidence
If KJTL station had continued to operate from its original studio facilities, which road would these facilities be located on today?	Insufficient evidence
If the Great Falls Historic District hadn't been designated as a historical district, which route would have extended through Paterson?	Insufficient evidence
If the sentence for the two sisters hadn't been reduced, what would have been their original punishment?	Insufficient evidence
If Ma Ying-jeou had been defeated in the 1998 mayoral election, who would have served as the mayor of Taipei in 1999?	Insufficient evidence
If the Atlanta Airport adopted the same roof design as the London Stansted Airport, which animal would its roof appear to mimic?	Insufficient evidence
If no retconning had occurred, where would the original base of the Flash have been?	Insufficient evidence
If Captain Luís Romero de Piñeda hadn't received part of the lands of the Pago de los Arroyos by royal decree as payment for services to the Spanish Crown, which groups would have been the original inhabitants of that land?	Insufficient evidence
If the well at Luya Urqu was referred to as Yana Yaku, what was its original name?	Insufficient evidence
If the developers of Perfect Dark Zero hadn't cancelled several intended features during its development, what milestone would the game have potentially missed?	Insufficient evidence
If Larry Adler hadn't been blacklisted in the United States, which 1953 film would have originally credited his work on the soundtrack?	Insufficient evidence
If the series "Metalocalypse" hadn't encountered trademark issues, what would its original name have been?	Insufficient evidence
If there hadn't been time constraints during the filming of "Colony", which scene would have been included in the series?	Insufficient evidence
If Inasmuch House in Hamilton, Ontario, had maintained its original purpose, who would have been its primary clientele?	Insufficient evidence
If Grand Crown Marshal Stanisław Herakliusz Lubomirski had utilized the garden pavilions in the Ujazdów Castle for their original intent, what kind of facility would have been initially established?	Insufficient evidence
If James Madison had not been concerned about the potential for corruption through the creation of unnecessary public offices and salary increases for personal gain, at which event would he not have voiced this fear?	Insufficient evidence
If the inclement weather in spring had not occurred, where would the first game originally have been played?	Insufficient evidence
If the satirical American television sitcom "F Troop" aired on ABC from September 14, 1965, to April 6, 1967, how many episodes would it have?	Insufficient evidence
If the Mongolian horse has connections with other breeds, where were these horses originally imported from?	Insufficient evidence
If Charles Carroll of Carrollton hadn't donated the bricks to the Sulpicians, what was the original intended use for these bricks?	Insufficient evidence
If the ring stages in Superman 64 hadn't been incorporated into regular gameplay, what would their original purpose have been?	Insufficient evidence
If Matt Skiba had released his solo album "Demos" as initially planned, in which month and year would it have been released?	Insufficient evidence
If Jeff Maggert had been defeated in the 1999 WGC-Andersen Consulting Match Play Championship, who would have been the winner of the tournament?	Insufficient evidence
If the American sitcom "That '70s Show" had retained its initial title, what would it be known as?	Insufficient evidence
If Barbados eventually became one of the world's leading sugar industries, when was sugar cane first introduced to the island?	Insufficient evidence
If the construction of the Ryugyong Hotel in Pyongyang, North Korea had been completed as initially planned, how many revolving restaurants would it have featured?	Insufficient evidence
If the episodes of Betty Applewhite's show had been broadcasted as initially planned, where would the characters Betty and Matthew have delivered food to a captive in the finale of the first season?	Insufficient evidence
If Sharon den Adel had not become pregnant, when would the album "The Unforgiving" have been recorded?	Insufficient evidence
If William Johnson's paternal grandfather had not Anglicized his surname to "Johnson", what would it have originally been?	Insufficient evidence
If the region where Central Cortada is currently situated had retained its original name, what would it be referred to as during the 1700s?	Insufficient evidence
If Sheila Kuehl had not portrayed the character of Zelda Gilroy, which character in "The Many Loves of Dobie Gillis" would she not have been the aspiring girlfriend of?	Insufficient evidence
If the comic opera "The Sorcerer" by Gilbert & Sullivan had opened as originally planned, on what date would the production have taken place?	Insufficient evidence
If Lewis Collins had been cast in the role he claimed he was initially signed for in the movie Wild Geese II, which actor's place would he have taken?	Insufficient evidence
If the Kashmiri poet Habba Khatoon had never decided to change her name, what would she have continued to be known as?	Insufficient evidence
If the name "Old Trafford" originated from the existence of two Trafford Halls, Old Trafford Hall and New Trafford Hall, when was Old Trafford Hall demolished?	Insufficient evidence
If Ethnic studies was established to contest the existing curriculum and concentrate on the history of various minority ethnicities in the United States, what academic field can be considered its antithesis?	Insufficient evidence
If the statue of Roberto Clemente had never been moved from its original location, where would it be situated?	Insufficient evidence
If World War II had not occurred, what would have been the original purpose of the main tower at Maine East High School?	Insufficient evidence
If none of the towers of the Citadel of Damascus had been lost, how many towers would it have today?	Insufficient evidence
If the WWE had not adopted the term "Extreme Rules", what terminology would they have continued to use for their matches?	Insufficient evidence
If "Millionaire Hot Seat" hadn't been given a weeknight timeslot, what type of series was it originally promoted as?	Insufficient evidence
If Screamin' Jay Hawkins and his band hadn't been intoxicated during the recording session, what style would "I Put a Spell on You" have been performed in?	Insufficient evidence
If a clan does not possess its own chief, what is such a clan referred to as?	Insufficient evidence
If the "Little Chief" figurine mascot hadn't been lost during the Second World War, what material would the Hastings and Prince Edward Regiment's mascot have been made of instead of solid pine?	Insufficient evidence
If "The Sitter" had been released as per its original schedule, in which month would it have premiered?	Insufficient evidence
If the infantry units originally assigned to Price hadn't been redirected, which theater would not have received his infantry units?	Insufficient evidence
If the developmental issues with the Agena B stage had been resolved on schedule, when would the U.S. Air Force have initiated the flights of Ranger 3?	Insufficient evidence
If the original lease of the Bronx Opera House had not changed, who would have been the leaseholders?	Insufficient evidence
If the settlement on the north side of Rickreall Creek in Oregon hadn't been renamed as Dallas, what were its original names?	Insufficient evidence
If the character of Van Statten in the episode "Dalek" of the BBC show had retained his original name, what would it have been?	Insufficient evidence
If Norman Smiley hadn't been referred to as "Lord Henry Norman", what was his original wrestling name?	Insufficient evidence
If the government had not initiated the modernization of the existing bus fleets for minimal environmental impact, which type of buses would not have been introduced in Pakistan?	Insufficient evidence
If there were no technological constraints during the development of "Bulletstorm", which types of multiplayer modes would the team have experimented with?	Insufficient evidence
If the mu meson had turned out to be the particle that Hideki Yukawa had predicted, what could it have been named?	Insufficient evidence
If NASCAR had never faced issues with ensuring spots for full-time teams and their sponsors when more than 50 cars attempted to race, which rule would not have been implemented in 2005?	Insufficient evidence
If Batista hadn't suffered tricep injuries, who would Vince McMahon not have recommended to join the Evolution Professional Wrestling group?	Insufficient evidence
If filmmaker Frears hadn't attended the Berlin International Film Festival and watched "Mifune's Last Song," which actress would he not have identified for the female lead role?	Insufficient evidence
If the Maldon line from Castlemaine to Maldon had been extended as per the original plan, which station would it have ultimately connected to?	Insufficient evidence
If the expedition's officers hadn't decided to change their destination during the council of war, which location would they have joined with the Irish Protestant forces instead of Belfast Lough?	Insufficient evidence
If Vince Van Patten and Tony Dunst hadn't replaced the original commentators in the 2014 World Poker Tour, who would have continued in those roles?	Insufficient evidence
If Metro-Goldwyn-Mayer (MGM) hadn't altered the release schedule for the 2014 RoboCop film, when was it originally set to premiere?	Insufficient evidence
If there hadn't been a coffee shop in the same building, what type of shop would Hudson Soft's founder Yuji Kudo not have opened?	Insufficient evidence
If there hadn't been any concerns about potential insurgent attacks, when was the CPA originally scheduled to transfer power to the Iraqi Interim Government?	Insufficient evidence
If "Red Rose Speedway" had been released as a double album as originally intended, which three-word titled song by Denny Laine would have been included?	Insufficient evidence
If the band Echoes had never been formed, which group including members Sakurai, Tahara, and Nakagawa would not have been influenced by them?	Insufficient evidence
If the company had not rebranded, what would Dimension Cable Television be known as?	Insufficient evidence
If Brie Larson had not accepted the role in "The Glass Castle", which actress was originally considered for it?	Insufficient evidence
If the Spanish officials hadn't found maintaining the mission in Nacogdoches too costly, where would the settlers not have been ordered to move to?	Insufficient evidence
If the film "Blue Steel" had been produced with its original budget, how much money would have been allocated for its production?	Insufficient evidence
If Warner had chosen to distribute the live performance of "I Love You Goodbye" on TV stations, what would they not have created for the song?	Insufficient evidence
If the initial recording of "Carnival of Carnage" had been published, who would have been the vocalist?	Insufficient evidence
If the rectification works to link up with the new Beltway in the city of Maua hadn't been carried out, which stream would have retained its original vegetation?	Insufficient evidence
If the weather conditions had been favorable, which stage of the race would have commenced in Bormio?	Insufficient evidence
If the directors of Pecunix hadn't relocated the gold bullion to an undisclosed location in 2008, where would it have remained?	Insufficient evidence
If terrestrial tetrapod fossils were not predominantly discovered in lacustrine environments, which eutriconodont's aquatic occurrences would be considered less significant?	Insufficient evidence
If political reasons were not a factor, which aircraft would not have received fighter designations?	Insufficient evidence
If Father Greaton hadn't constructed the chapel in 1733, where would he have continued to conduct mass in Philadelphia?	Insufficient evidence
If electronic dubbing hadn't been introduced, what would physical editing of a taped audience show cause on the soundtrack?	Insufficient evidence
If the consortium had not altered their proposal to relocate the proposed stadium to Denbigh North, where would the stadium have been originally located?	Insufficient evidence
If the Rockefeller Drug Laws hadn't been passed in New York State in 1973, who wouldn't have faced mandatory minimum prison sentences?	Insufficient evidence
If Pocatello High School had retained its original name, what would it be called?	Insufficient evidence
If the village of Cadgwith had retained its original name, what would it be known as today?	Insufficient evidence
If the name of "Poudre B" hadn't been changed arbitrarily to distract German espionage, what would its original name have been?	Insufficient evidence
If the Dornier Do 17 had been equipped with the initially planned engine, what would that engine have been?	Insufficient evidence
If the "Octeon" brand name had been successful, when would it not have been abandoned?	Insufficient evidence
Who is the Panther's Field Goal Kicker?	Insufficient evidence
What area did the Sipahi guard?	Insufficient evidence
Which team won the game?	Insufficient evidence
What year was the second Crimean campaign?	Insufficient evidence
Who fumbled in the redzone?	Insufficient evidence
Which team does Qwens play for?	Insufficient evidence
How many minimum amount of Russian POWs was Boris Savinkov head of?	Insufficient evidence
Who threw the longest touchdown pass?	Insufficient evidence
Who kicked the longest field goal?	Insufficient evidence
Who won the game?	Insufficient evidence
How many months before Borbor moved to Paris?	Insufficient evidence
How many yards did Morten Anderson kick?	Insufficient evidence
Who was the Giants coach?	Insufficient evidence
What name was dropped from the regiment?	Insufficient evidence
Out of the 50,000 men how many cavalry regiments and infantry battalions were organized?	Insufficient evidence
Who had the only rushing touchdown of the game?	Insufficient evidence
Who got a 41-yard field goal?	Insufficient evidence
How many different groups of people occupied the railway line from Murmansk south as far as Kem?	Insufficient evidence
Who is the Viking's kicker?	Insufficient evidence
Who threw the longest touchdown pass?	Insufficient evidence
Who scored the first touchdown of the game?	Insufficient evidence
Which team the won the football game?	Insufficient evidence
What militant group was kicked out of Mongolia?	Insufficient evidence
Who scored the first touchdown of the game?	Insufficient evidence
Who had the shortest TD run?	Insufficient evidence
Which gender under the age of six populated the area more, males or females?	Insufficient evidence
What did the Court of Chivalry do for the first time in over 200 years?	Insufficient evidence
When did the Ossetian peasants rise in rebellion?	Insufficient evidence
Who was the conspirator that wasn't beheaded?	Insufficient evidence
Which age group consisted of most of the population?	Insufficient evidence
What 1/12 of a year did Erard and Philippa land in France?	Insufficient evidence
During what year was Korea under Japanese occupation?	Insufficient evidence
Which age group had the highest population?	Insufficient evidence
How many dollars did the monthly pension drop between 2001 and 2004?	Insufficient evidence
Who presented the 5pm bulletin before Deborah Knight?	Insufficient evidence
How many more people did France officially reach in 2017 compared to 2014	Insufficient evidence
Where did the Italians retreat to?	Insufficient evidence
How widespread was resistance to the conscription upon the introduction of the new law?	Insufficient evidence
Which corps of the Imperial Army had the most troops in 1664?	Insufficient evidence
When did Lawrence serve in the West Indies?	Insufficient evidence
Who was 1-0	Insufficient evidence
PSA provides what?	Insufficient evidence
Which realm had an agreement with the Qing state?	Insufficient evidence
What was the Georgian rebellion called?	Insufficient evidence
Who raided Lodoga first, Eiríkr Hákonarson or his brother Sveinn?	Insufficient evidence
Who did Tokhtamysh betray after an alliance with him?	Insufficient evidence
What had a murderous flow?	Insufficient evidence
What general did the 37th and the 84th regiments belong to?	Insufficient evidence
How many hours were acquired between July 2007 and April 2008?	Insufficient evidence
Which year Scotland was involved in the Wars?	Insufficient evidence
What was done to the Wayuus?	Insufficient evidence
What was the age span of men who were eligible for conscription?	Insufficient evidence
What happened first, the Venetians attacked Lepanto or Kemal Reis bombarded the Venetian?	Insufficient evidence
what was the result of the peace treaty?	Insufficient evidence
What was the new name of the CPNLAF force?	Insufficient evidence
Where did the Athenians escape to?	Insufficient evidence
Which team scored first?	Insufficient evidence
When was the mayor of Munster installed?	Insufficient evidence
What was the first year that the Beja Congress sabotaged the oil pipeline to Port Sudan	Insufficient evidence
What are Mount Everest and K2 a part of?	Insufficient evidence
Which ships did Gato sink on her fourth war patrol?	Insufficient evidence
Which three islands did the S-26 visit from 1923-1925?	Insufficient evidence
Which production designs were cancelled between 1964 and 1966?	Insufficient evidence
Which of Millicent's grandmothers was born first?	Insufficient evidence
Which month in 2010 did less North Koreans own mobile phones, May or September?	Insufficient evidence
What are the names of the South Korean pension schemes?	Insufficient evidence
What 21-gun salute state had the largest population?	Insufficient evidence
How many ships did Suzuki captain between 1909 and 1912?	Insufficient evidence
Which battalions formed the Czechoslovak military forces?	Insufficient evidence
Who threw the only touchdown of the fourth quarter?	Insufficient evidence
What year was the index's intraday high 1,552.87 exceeded?	Insufficient evidence
How many years after the first Kandyan War did the second Kandyan War happen?	Insufficient evidence
Which groups in percent are larger than 21%?	Insufficient evidence
What age group made up the highest percentage of the poplation?	Insufficient evidence
Which two teams were the earliest to play at Bosse Field?	Insufficient evidence
In which branch of the arts is Patricia Neary famous?	Insufficient evidence
What was Scarlett O'Hara's real first name?	Insufficient evidence
In which 70s musical did Paul Michael Glaser star?	Insufficient evidence
Who was Jermaine O'Neal playing against when he made his debut in 1996?	Insufficient evidence
What was Jane Russell's real first name?	Insufficient evidence
Who did Hubert Green beat to win the US PGA Championship in 1985?	Insufficient evidence
Richard Gere won a scholarship to the University of Massachusetts in which sport?	Insufficient evidence
Madeleine Gurdon is the third wife of which millionaire?	Insufficient evidence
What was advertised by Rod Stewart and Tina Turner's version of It Takes Two?	Insufficient evidence
Which Norwegian explorer did Robert Feary beat to the North Pole?	Insufficient evidence
Oxygen forms approximately what proportion of the atmosphere?	Insufficient evidence
Who wrote The old man of Lochnagar?	Insufficient evidence
What colour is Santa Claus' belt?	Insufficient evidence
Who did Sue Barker replace as host of the BBC quiz show A Question Of Sport?	Insufficient evidence
Which childrens novel by Raymond Briggs has a main character whose job it is to scare people?	Insufficient evidence
In kilometres, how long is the coastline of Brazil?	Insufficient evidence
Who hosted the BBC gameshow Going For Gold which featured contestants from various European countries?	Insufficient evidence
Who presented Ask The Family when it was revived in 2005?	Insufficient evidence
Who played Fusilier Dave Tucker in Soldier Soldier?	Insufficient evidence
Who were Tom and Barbara's neighbours in The Good Life?	Insufficient evidence
In what year did the first Red Nose Day take place?	Insufficient evidence
The Smurfs are described as being how tall?	Insufficient evidence
What was the name of the episode in which Rodney first met Cassandra?	Insufficient evidence
Who played Aunt Renee in The Frogs Legacy?	Insufficient evidence
Which famous actor played Roy Slater?	Insufficient evidence
Brinsley Forde who went on to become the lead singer of Aswad starred in which children's TV series of the 1970s?	Insufficient evidence
What is the name given to the fur of a polecat?	Insufficient evidence
Who presented the National Lottery quiz show Jet Set?	Insufficient evidence
Which ex-comic is married to Billy Connolly?	Insufficient evidence
Instrumental composition by Henry Mancini written as the theme for this 1963 film?	Insufficient evidence
Who is the TV personality brother of radio presenter Janice Long?	Insufficient evidence
Which famous piece of music was commissioned for the reconsecration of Coventry Cathedral in 1962?	Insufficient evidence
What is the name of Frank and Betty Spencer's daughter in Some Mothers Do Have Em?	Insufficient evidence
In Rising Damp what was the christian name of Miss Jones?	Insufficient evidence
Whose debut album released in 1998 was entitled The Voice of an Angel?	Insufficient evidence
Who was the first foreign player to score a hat trick in the Premiership?	Insufficient evidence
What was the nationality of Pedro Proenca who refereed the final?	Insufficient evidence
Samantha Bond starred as Miss Moneypenny in four James Bond films between 1995 and 2002. She also plays the recurring character of Auntie Angela in which BBC semi-improvised comedy series?	Insufficient evidence
Launched in 1906 & became a generic term for modern battleships and the name of a class of battleships in the Royal Navy.	Insufficient evidence
In the cartoon Roobarb and Custard, what colour is Custard?	Insufficient evidence
At the end of the novel 'The Day Of The Triffids', on what island do the two sighted protagonists Bill Masen and Josella Payton eventually find refuge?	Insufficient evidence
Soul Limbo is used as the theme tune for which radio programme?	Insufficient evidence
And currently, at what age are taxis required to have an MOT certificate?	Insufficient evidence
What is the first name of cricket umpire Dickie Bird	Insufficient evidence
Who wrote the story collection Portrait of the Artist as a Young Dog?	Insufficient evidence
Who captained the whaling ship Pequod	Insufficient evidence
A TV series starring Bill Maynard in the early 80's, or the electrician in charge of a film set?	Insufficient evidence
Who starred alongside Polly James in the first series of The Liver Birds?	Insufficient evidence
Which comedian was the host of the short lived Channel 4 programme, TV Heaven Telly Hell?	Insufficient evidence
In which year was the Ford Anglia car first produced in the UK?	Insufficient evidence
Which ex-Playboy Bunny sang in a band called ‘Wind in the Willows’ before becoming the singer in one of the most famous bands of the 1970’s and 80’s?	Insufficient evidence
Under what names were Janet and John books sold in the US?	Insufficient evidence
A ‘Flying Mare’ is a term used in which sport?	Insufficient evidence
Which playing card is known as ‘Hector’?	Insufficient evidence
In religion, which King is referred to as the ‘Conquering Lion of the Tribe of Judah’?	Insufficient evidence
In the UK television game show ‘The Exit List’, how many rooms are there altogether?	Insufficient evidence
In the nursery rhyme, who met a Pieman going to the fair?	Insufficient evidence
Singer Doug Trendle is better known by what name?	Insufficient evidence
Who did actor Jack May play in the BBC radio series ‘The Archers’?	Insufficient evidence
‘Bankable Productions’, an independent film and television production company, was founded by which former model?	Insufficient evidence
David Evans is the real name of which Irish musician?	Insufficient evidence
What is the name of the twin sister of the Disney character Donald Duck?	Insufficient evidence
In which South African country was Australian rugby player George Gregan born?	Insufficient evidence
Which soft drink ‘Gives you wings’?	Insufficient evidence
Who was the trainer of three-times English Grand National winner Red Rum?	Insufficient evidence
In 1994 Wendy Toms became the first female official in which sport?	Insufficient evidence
‘Here Comes the Fuzz’ was the 2003 debut album of which English dj and musician?	Insufficient evidence
Rafflesia Arnoldii, the world’s largest flower, is better known by what name?	Insufficient evidence
Which British fashion designer created the UK television series ‘The Clothes Show’ in 1986?	Insufficient evidence
Which bird was depicted on a British pre-decimal farthing?	Insufficient evidence
Who’s got ‘A Lovely Daughter’ in the 1965 hit by Herman’s Hermits?	Insufficient evidence
Who was the host of the first two series of the UK television panel game show ‘Odd One In’?	Insufficient evidence
What was the name of the boutique opened by fashion designer Jeff banks in London in 1964?	Insufficient evidence
Albert Finney played ‘Sir’ in which 1983 film?	Insufficient evidence
How many ‘beds’ are there usually on a Shove Ha’penny board?	Insufficient evidence
Who wrote the 1973 novel ‘The Dressmaker’?	Insufficient evidence
Who plays Debbie Aldridge in the BBC 4 radio series ‘The Archers’?	Insufficient evidence
Historical figure Robin Hood is associated with which shade of green?	Insufficient evidence
Who is the only driver to have completed and won the Triple Crown in motor racing?	Insufficient evidence
Tennis player Mary Pierce was born in which country in January 1975?	Insufficient evidence
Who sang the theme song to the BBC television series ‘Dad’s Army’?	Insufficient evidence
Laguna del Carbon (Coal Lagoon) is the lowest point in which South American country?	Insufficient evidence
‘What You See is What You Get’ is the autobiography of which British businessman?	Insufficient evidence
The Cowal Highland Gathering (the Cowal Games) are held every August in which Scottish town?	Insufficient evidence
English singer/songwriter Paloma Faith was born with which surname?	Insufficient evidence
What flavour is the liqueur Creme de Noyaux?	Insufficient evidence
What is the middle name of cartoon character Daffy Duck?	Insufficient evidence
The Swiss pastry Carac is traditionally covered with which colour icing?	Insufficient evidence
The Banoffee Pie was invented at the Hungry Monk restaurant in which English county?	Insufficient evidence
Who wrote the 1902 autobiography ‘The Story of My Life’?	Insufficient evidence
UK television fitness guru Diana Moran is better known by what name?	Insufficient evidence
The theme tune to the UK television series ‘The South Bank Show’ is by which composer?	Insufficient evidence
British television commentator Kent Walton was associated with which sport for 33 years?	Insufficient evidence
In which English city was singer Chuck Berry’s live recording of ‘My Ding-A-Ling’ recorded in 1972?	Insufficient evidence
What is the name of the sheriff in the children’s television series ‘Four Feather Falls’, co-created by Gerry Anderson?	Insufficient evidence
Who is the patron saint of Winchester Cathedral in England?	Insufficient evidence
What is the first name of former Irish boxer Barry McGuigan?	Insufficient evidence
The British brewery Abbey Ales is based in which city?	Insufficient evidence
Which UK Christmas number one single featured ‘Two Ton Ted from Teddington’?	Insufficient evidence
Which actor played the title role in the 1960’s UK television series ‘Adam Adamant’?	Insufficient evidence
Playwright Alan Bennett taught medieval history at which university?	Insufficient evidence
To which British entertainer did songwriter/composer Lionel Bart sell the rights to the musical ‘Oliver!’ for a reputed 350 pounds sterling?	Insufficient evidence
The Rutshire Chronicles is a series of romantic novels by which author?	Insufficient evidence
Which Ukip politician was in trouble for talking about ‘bongo, bongo land’ in the summer?	Insufficient evidence
What was the band Madness’s only UK No.1?	Insufficient evidence
In 1996, which duo got to no.11 in the UK pop charts with ‘Ocean Drive’?	Insufficient evidence
Which is the most northerly of the Met Office shipping forecast areas?	Insufficient evidence
Which poet had a dog called Boatswain?	Insufficient evidence
Who is the long-time judo sparring partner of Arkady Rotenberg?	Insufficient evidence
Who appeared for 30 years with the jazz outfit John Chilton’s Feetwarmers?	Insufficient evidence
Boris Rankov was on the winning side six times in which famous event?	Insufficient evidence
Who is commemorated by a museum at Alloway, Strathclyde?	Insufficient evidence
Strabismus is more commonly known by which one-syllable word?	Insufficient evidence
Who is the famous actress mother of the actress and playwright Amy Rosenthal?	Insufficient evidence
"Which animal is ""Me"" in Roald Dahl's book, 'The Giraffe And The Pelly And Me'?"	Insufficient evidence
Both Hairy Bikers have tattoos on their right arms depicting which iconic figure?	Insufficient evidence
Which eponymous operatic heroine leaps to her death from Rome’s Castel Sant’Angelo?	Insufficient evidence
To whom did Clive Anderson say ‘Is there no beginning to your talents’?	Insufficient evidence
What was Lester Piggott’s first Derby winner?	Insufficient evidence
What did The Band of Hope pledge not to do?	Insufficient evidence
Villa Park in 1999 was the scene of the very last ….what?	Insufficient evidence
Which recent ITV three-part drama was based on real-life wife killer Malcolm Webster?	Insufficient evidence
Who was the bridesmaid at Dame Edna Everage’s wedding?	Insufficient evidence
Who currently coaches England’s women team?	Insufficient evidence
On Nov. 7th 2013, what landmark did A.P. McCoy reach, in terms of number of winners?	Insufficient evidence
What is the name of Hyacinth and Richard’s son in ‘Keeping Up Appearances’?	Insufficient evidence
Who plays Lee Mack’s father in Not Going Out?	Insufficient evidence
Who plays Miranda Hart’s mother in her comedy series Miranda?	Insufficient evidence
Who plays Vic Reeves aka Jim Moir’s wife in the comedy Hebburn?	Insufficient evidence
Count Duckula was a spinoff from which other children’s animated series?	Insufficient evidence
Who won the African Cup of Nations recently?	Insufficient evidence
The first ball of the 2014 Major League Baseball season was pitched in which stadium?	Insufficient evidence
What word links a walrus and a telecommunications pioneer?	Insufficient evidence
Who had a 1974 UK No 1 hit with Ms Grace?	Insufficient evidence
Who starred as Dan Matthews in ‘Highway Patrol’?	Insufficient evidence
What part did the late Kevin Lloyd play in ‘The Bill’?	Insufficient evidence
What was snooker player Cliff Thorburn’s nickname?	Insufficient evidence
What was Sir Malcolm Sargent’s nickname?	Insufficient evidence
Object, Nature, Random, Person, Action and World are terms used in what game?	Insufficient evidence
Who played consultant surgeon Mr Gordon Thorpe in Only When I Laugh?	Insufficient evidence
Darts had their last Top Ten hit in 1979 with which song?	Insufficient evidence
The word 'stannary' refers to which metal?	Insufficient evidence
What role did Henry Travers play in a famous and still-popular 1946 film?	Insufficient evidence
What is the poetic name for the song thrush?	Insufficient evidence
What was the name of the bird killed and eaten by Captain Edmund Blackadder?	Insufficient evidence
Which car company currently sponsors the Kennington Oval?	Insufficient evidence
In “Open All hours” which actress delivered the milk?	Insufficient evidence
“It’s the way I tell ‘em!” was one of the catchphrases of which comedian?	Insufficient evidence
In which European country does/did the late Norman Wisdom have a huge cult status?	Insufficient evidence
What is added to Scotch to make a Whisky Mac?	Insufficient evidence
What was Esther and Abi Ofarim's only number one single in Britain?	Insufficient evidence
Although she represented the UK in ‘Eurovision’, what nationality was Gina G?	Insufficient evidence
The group 'Bananarama' made a record which got to number 3 in the pop charts in 1984. The title of the record contained the name of what film star?	Insufficient evidence
"The song ""If I ruled the world"" came from which musical?"	Insufficient evidence
Which actor from 1979 to 1984 played the role of James Shelley in the TV comedy series Shelley?	Insufficient evidence
Which famous trademark can be seen on one of the bottles featured in Manet's canvas The Bar at the Folies-Bergere?	Insufficient evidence
What was the original title of Radio's The Goon Show'?	Insufficient evidence
Which band member is organising this year's Diamond Jubilee concert at Buckingham Palace?	Insufficient evidence
If a capstan is a winding machine on a vertical axis, what is the equivalent on a horizontal axis?	Insufficient evidence
In which country was former Essex and England bowler Derek Pringle born?	Insufficient evidence
"Which jockey rode 50/1 outsider ""Last Suspect"" to victory in the 1985 Grand National?"	Insufficient evidence
"The pop group ""The Small Faces"" had 11 top twenty records in the 60s and 70s but only one number one hit - what was it ?"	Insufficient evidence
"Which comedian had a top ten hit record in 1958 with the record ""Splish Splash"" ?"	Insufficient evidence
What are salmon usually called during the first two years of their life?	Insufficient evidence
How did a woman named Ethel Jane Cain become very famous in Great Britain on July 24th 1936 ? She remained so until 1963.	Insufficient evidence
What nationality was artist Mark Rothko who lived from 1903 to 1970?	Insufficient evidence
Which northern English town is associated with the manufacture of Uncle Joe's Mint Balls?	Insufficient evidence
Who is the mother of the actor Toby Stephens ?	Insufficient evidence
Who wrote the song 'I'll See You Again' ?	Insufficient evidence
Which restaurant chain employed waitresses known as 'Nippies' ?	Insufficient evidence
Who is the mother of the actor and director Samuel West ?	Insufficient evidence
Which Radio 2 programme was presented for many years by Alan Keith ?	Insufficient evidence
What product was the first to appear in a UK TV commercial (in 1955)?	Insufficient evidence
Welsh rugby union flanker Andy Powell was banned from driving after celebrating his team's Six nations win over Scotland by driving what vehicle on the M4 motorway while drunk?	Insufficient evidence
How many stars are on the national flag of The Cook Islands?	Insufficient evidence
The quirky activity in the news in Australia due to its first fatality, previously called 'the lying down game', became an internet photo craze now known by what less obvious name?	Insufficient evidence
What is the chess playing robot called in TV's Thunderbirds?	Insufficient evidence
Lachryma Christi, an old Italian sweet red wine translates to mean 'whose what'?	Insufficient evidence
Name the German tribe which settled in Britain during the 5-6th centuries, whose name persists in a region of Denmark?	Insufficient evidence
Labanotation is a system for coding/recording/analyzing what movement?	Insufficient evidence
A metal ring or grommet in a sail or other nautical attachment, through which a rope passes is a?	Insufficient evidence
German-British businessman Hans Snook founded which phone company in 1994?	Insufficient evidence
The cylindrical roller in a traditional typewriter is a?	Insufficient evidence
Contralto refers to a singing voice/range equating to?	Insufficient evidence
The 18C legal term 'Ragman Roll', a record of crimes, originated what modern word for a long complex procedure?	Insufficient evidence
How many international caps did English footballer Stanley Matthews (later Sir Stanley Matthews) win?	Insufficient evidence
North America's 'Boeing Apache' is a?	Insufficient evidence
What liqueur goes into making a 'snowball' cocktail?	Insufficient evidence
Which comedy actor had a novelty hit with My Boomerang Won't Come Back?	Insufficient evidence
Who wrote the instrumental A Swingin' Safari and led the orchestra which played the original hit version?	Insufficient evidence
Which London Bridge designed by John Rennie was opened in 1817?	Insufficient evidence
A nap hand is a series of how many winning points or victories in a game or sport?	Insufficient evidence
Which British cyclist crashed out of the 1998 Tour de France while wearing the Yellow Jersey?	Insufficient evidence
Sir Edward and Lady Joan Downes made the headlines in July 2009 for their joint what?	Insufficient evidence
Jan Kaplicky the architect who died in 2009 designed the space-age-like building at what sports ground?	Insufficient evidence
Actor Laurence Payne who died in February 2009, aged 89, played which fictional detective on TV?	Insufficient evidence
Which Sussex town hosted the G20 Summit in March 2009?	Insufficient evidence
John Lydon (Johnny Rotten of the Sex Pistols) fronted which dairy product ad campaign?	Insufficient evidence
US Jazz guitarist Huey Long who died aged 105 was a member of which famous 1940s male vocal group?	Insufficient evidence
What stage character is based on a real life medieval merchant, politician and Mayor of London?	Insufficient evidence
What game involves throwing rings to get them on or near a pin?	Insufficient evidence
What is a feud where the relatives of a murdered man take vengeance on the family of those who killed him, for generations?	Insufficient evidence
Australian professional golfer Greg Norman is known by which nickname?	Insufficient evidence
In badminton, how many times may the shuttlecock be struck by each side before it passes over the net?	Insufficient evidence
Who, in 2004, riding the prototype KTM 250-SXF four stroke, won the MX2 World Championship?	Insufficient evidence
Nathan, Caleb, Matthew and Jared Followill are better known as which pop group?	Insufficient evidence
What was the dolphin that accompanied vessels near French Pass, a channel used by ships sailing between Wellington and Nelson, New Zealand between 1888 and 1912?	Insufficient evidence
Loch Ness is part of which canal?	Insufficient evidence
A tabard is a type of what?	Insufficient evidence
Barbi Benton was famous as whose girlfriend from 1969 to 1976 ?	Insufficient evidence
Who announced his engagement to New Zealand cellist Jiaxin Cheng, to be his fourth wife, in June 2009?	Insufficient evidence
Of the 37 venues used to host events at the 2008 Summer Olympics, how many new ones were constructed for use at the Games?	Insufficient evidence
What was worn by the leader of the first Tour de France?	Insufficient evidence
"The song ""Shall We Dance"" is from which musical?"	Insufficient evidence
What word was used by poets and nineteenth-century Irish nationalists in English as a romantic name for Ireland, that is the name sometimes given to the female personification of Ireland?	Insufficient evidence
In what year was the Married Womens Property Act passed into British law, that recognised husband and wife as separate legal entities, and gave married women the legal right to sue and be sued, be liable for their own debts, hold stock in their own names and to own, buy and sell separate property?	Insufficient evidence
"In 1904 the Russian cruiser ""Rossia"" used what, the first time it was used by a warship on the high seas during a time of war?"	Insufficient evidence
"The Royal Lichtenstein Quarter-Ring Sidewalk Circus, a street theatre troupe that toured the USA between 1971 and 1993 as the self-described ""world's smallest circus"" was a ministry of what religious order?"	Insufficient evidence
Why was wrestler Ara Abrahamian of Sweden disqualified by the IOC and stripped of his rejected bronze medal at the 2008 Summer Olympics?	Insufficient evidence
Ashley Jensen played Maggie Jacobs in which TV series?	Insufficient evidence
"According to the nursery rhyme ""Polly put the kettle on"", who took it off again?"	Insufficient evidence
What is the title of Geri Halliwell's autobiography, published in 1999?	Insufficient evidence
Andrea Jaeger of the US had a successful career in professional tennis, becoming World Ranked number 2, between the ages of 15 and 19, but it ended prematurely due to major shoulder injuries. What profession did she take up in 2006?	Insufficient evidence
What is the British Engineerium, in Hove?	Insufficient evidence
After 2007, which boat class was not run as a World Rowing Championship event?	Insufficient evidence
The blend of tea known as Earl Grey was named after someone in what profession?	Insufficient evidence
The 50.5 km Channel Tunnel, built under the English Channel or, in France, La Manche, to link the UK and France with road and rail access was finally opened in 1994. When was the first official Anglo-French protocol established to create the railway aspect of the link?	Insufficient evidence
In central and northern Italy, the Guelphs, who supported the Pope, and Ghibellines, who supported the Holy Roman Emperor, became a metaphor for rivalry between individual families and cities. When was this?	Insufficient evidence
In falconry what is a tiercel?	Insufficient evidence
The New Spitalfields Market in Leyton, East London, deals in what?	Insufficient evidence
"The line ""Frailty, thy name is woman"" is from what play?"	Insufficient evidence
What name is given to a brightly coloured and very wide tie?	Insufficient evidence
Who was the first left handed golfer to win one of the four majors?	Insufficient evidence
Ludwig Leichhardt was a Prussian naturalist and explorer explorer of what area between 1842 and 1848?	Insufficient evidence
What was the first standardised system of measurement established in Mesopotamia?	Insufficient evidence
"Who made the musical sculptures called ""Pythagoras"", ""Kepler"" & ""Galileo"" that were installed between the tracks of Kendall Station in Cambridge, Massachusetts from 1987 to 2007?"	Insufficient evidence
A single flame gas burner frequently used in student science laboratories is named after whom?	Insufficient evidence
"What does the Latin phrase ""ad infinitum"" mean?"	Insufficient evidence
One of the forms of music usually sung a capella is...?	Insufficient evidence
"What does the term ""baroque"" mean?"	Insufficient evidence
"Who entitled his autobiography ""Memoirs of a Professional Cad""?"	Insufficient evidence
The name of the science, mathematics, derives from an ancient Greek word meaning what?	Insufficient evidence
Bodyboarding is recorded among Hawaiians when?	Insufficient evidence
In the 1960s Tom Elwes instituted which championship in Congham in Norfolk, England?	Insufficient evidence
The Tumuc-Humac Mountains are between Brazil and where else?	Insufficient evidence
The early Great Wall of China built in the tears following 221 BCE, new or by reinforcing existing remains of walls, by the Emperor, Qin Shi Huang, was intended to protect the newly unified empire against whom?	Insufficient evidence
Prolonged deep-sea diving was first made possible in Europe by the invention of a diving bell in what century?	Insufficient evidence
A Blue Ringtail is a type of what?	Insufficient evidence
Which sport is track designer Udo Gurgel most associated with?	Insufficient evidence
Dame Barbara Hepworth is known mainly for her work in sculpture but later in her career was known for work in what other medium?	Insufficient evidence
The Camel Cup, first held in 1970 in the dry bed of a river, is held where?	Insufficient evidence
"The band Aqua, well-known for their chart-topping single ""Barbie Girl"", released three albums - Aquarium in 1997, Aquarius in 2000 and which other?"	Insufficient evidence
Considered by many to be the saltiest lake in the world, Don Juan Pond is found where?	Insufficient evidence
An organisation formed in 1890 to promote cooperation across the countries of Latin America and the U.S was established under what name?	Insufficient evidence
The mediaeval wind instrument called a shawm typically had a cover over its keys called what?	Insufficient evidence
Who were the parents of Ricky Nelson?	Insufficient evidence
Which Italian poet and librettist was known under the name of Metastasio?	Insufficient evidence
Where does the Republic of Djibouti have a coastline or coastlines?	Insufficient evidence
What is likely to be found in the Pantanal?	Insufficient evidence
"Who was a British political reformer, writer and politician, noted for her long-standing championship of the Single Transferable Vote system of elections who is the author (1974) of ""How Democracies Vote"", a standard reference work on electoral systems?"	Insufficient evidence
"Who says ""Th-th-that's all folks""?"	Insufficient evidence
"What object was used as a murder weapon at the end of the movie ""There Will Be Blood""?"	Insufficient evidence
Which football team play their home games at the Don Valley Stadium?	Insufficient evidence
Since November 2006 the voice of Sara Mendes da Costa can be heard supplying which service?	Insufficient evidence
The late Jean Muir founded what type of store in London in 1966?	Insufficient evidence
In warfare, what name is given to a hastily constructed temporary defence or a parapet a few feet high, the name deriving from the approximate height that it is built to?	Insufficient evidence
Who wrote the novel 'Hungry as the Sea'?	Insufficient evidence
What was the title of the Ronnie Barker sitcom in which he played a Welsh photographer?	Insufficient evidence
Who was replaced by Jonathan Ross as presenter of BBC TV's 'Film Review'?	Insufficient evidence
Which 1970's American TV detective series, was created by film writer Abby Mann?	Insufficient evidence
'Glass's Guide' is a publication to interest a buyer of what?	Insufficient evidence
Lawrence Fox married which actress in January 2008?	Insufficient evidence
Actress/singer, Millicent Martin was married to which pop singer from 1958-65?	Insufficient evidence
Who regularly delivered the monologue 'Albert and the Lion'?	Insufficient evidence
Who played John Wilder in TV's The Plane Makers?	Insufficient evidence
Who has the nickname of the thinking man's crumpet?	Insufficient evidence
"Who wrote the Irish classic play ""Cock A Doodle Dandy""?"	Insufficient evidence
"The song, ""I Whistle A Happy Tune"", comes from which stage and film musical?"	Insufficient evidence
What is combined with potato to create the dish 'Pommes Dauphine'?	Insufficient evidence
Which sporting technique was invented by the father of ITN newsreader Reginald Bosanquet?	Insufficient evidence
In which TV drama series would you find the actor Graham Cole?	Insufficient evidence
Brian Fletcher won the Grand National on Red Rum and which other horse?	Insufficient evidence
"Who in the 1960's had a number 1 hit with ""Come Outside""?"	Insufficient evidence
Who wrote the music for the 1948 film 'Scott of the Antarctic'?	Insufficient evidence
In which Yorkshire town was the opera singer Lesley Garrett born in 1955?	Insufficient evidence
"Which British comedian used the catchphrase, ""Can you hear me mother""?"	Insufficient evidence
Which breed of dog won Supreme Champion at Crufts in 2008?	Insufficient evidence
Malcolm Morley was the first winner of what in 1984?	Insufficient evidence
Which award was made to the Unknown Warrior who was buried in Westminster Abbey in 1920?	Insufficient evidence
'Britain's Got Talent' judge Amanda Holden's first TV appearance was in 1991 on which programme?	Insufficient evidence
Who is Prime Minister of Russia?	Insufficient evidence
Whom did Malcolm Williamson succeed as master of the Queens Music?	Insufficient evidence
Who played the TV detective Maisie Raine?	Insufficient evidence
Who hosts the new version of ITV's The Krypton Factor?	Insufficient evidence
In November 2008, Madelin Payne Dunham died aged 86. Who is her famous grandson?	Insufficient evidence
Who was the commander of the British Battle Cruiser Squadron at the Battle of Jutland?	Insufficient evidence
Who played the part of Mildred Roper on television?	Insufficient evidence
Rose Sunday is another name for which day?	Insufficient evidence
In cricket what score is known as 'Nelson'?	Insufficient evidence
Ben Fogle, the TV presenter and adventurer is the son of which well-known actress?	Insufficient evidence
On which TV programme has the voice of Marcus Bentley been regularly heard for the last ten years?	Insufficient evidence
PH Newby was the winner of the first what in 1969?	Insufficient evidence
Who drew the cartoon strip The Fosdyke Saga?	Insufficient evidence
Justin Lee Collins hosts which TV show?	Insufficient evidence
A National Hunt flat race is generally known as what?	Insufficient evidence
"In which TV comedy has fictional actor Andy Millman cried on ""Celebrity Big Brother,"" his agent Darren Lamb suggested anyone other than his only client for roles and Ross Kemp tried to steal sweets off the BBC?"	Insufficient evidence
The cricketer Derek Randall had which, racehorse -related, nickname?	Insufficient evidence
Who, better known as an actor and comedian, released his debut blues album in 2011 called 'Let Them Talk'?	Insufficient evidence
Who painted 'And When Did You Last See Your Father' in 1878?	Insufficient evidence
Which comic and actor was seen and heard in the adverts for Money Supermarket?	Insufficient evidence
In which country is the Ascari Sports Car built?	Insufficient evidence
In darts, which score is called 'bed and breakfast'?	Insufficient evidence
Who, when aged 42 years and 103 days, is the oldest footballer to play for England?	Insufficient evidence
During the mid 90's the baldy man with the bad comb-over was in the adverts for which products?	Insufficient evidence
What nickname did goalkeeper Brian Jansen have?	Insufficient evidence
Leila Williams was the first female presenter of which children's TV series?	Insufficient evidence
Which ice-cream business was founded by Rueben and Rose Mattus?	Insufficient evidence
In which radio comedy series does Andy Hamilton play The Devil?	Insufficient evidence
Who was the first host of the TV show Pets Win Prizes?	Insufficient evidence
Death of a Princess, a TV drama based on a real event, caused a diplomatic incident between Britain and which country in 1980?	Insufficient evidence
Which Scottish port lies on Loch Ryan?	Insufficient evidence
Geraldine McQueen is the comedy character creation of which comedian?	Insufficient evidence
Who owned a teddy bear called Archibald Ormsby-Gore?	Insufficient evidence
In literature whose manservant was Bunter?	Insufficient evidence
Barbara Euphan Todd wrote a series of children's books about which popular character later the star of several TV series?	Insufficient evidence
'That's Livin' Alright' was the theme song to which TV programme?	Insufficient evidence
Who wrote the play Chips with Everything?	Insufficient evidence
What is Ken Dodd's middle name?	Insufficient evidence
What fish is the base of 'Gentleman's Relish'?	Insufficient evidence
Shelina Permalloo won which TV show in 2012?	Insufficient evidence
Which pop singer sang Lost in France in 1976?	Insufficient evidence
"According to the advertising slogan-which product ""does exactly what it says on the tin""?"	Insufficient evidence
Monica Rose was a hostess of which 1960s TV quiz show?	Insufficient evidence
What fruit is the main ingredient of Cumberland sauce?	Insufficient evidence
Which artist painted 'The Singing Butler' in 1992?	Insufficient evidence
"In sport, whose victory song is 'Under the Southern Cross I Stand""?"	Insufficient evidence
The Red Sea is a submerged section of what 4000 mile long geographical feature?	Insufficient evidence
Which rowing race first rowed in 1715 is believed to be the oldest continually running sporting event in existence?	Insufficient evidence
In the Diamond Jubilee Thames Pageant what was the name of the boat carrying the Queen?	Insufficient evidence
In the 2012 Grand National, who became the first woman jockey to finish in the first three, riding the joint favourite Seabass?	Insufficient evidence
Which performer's signature tune was 'Mary From The Dairy'?	Insufficient evidence
"Who is the female presenter of the Channel 4 quiz show ""Five Minutes to a Fortune""?"	Insufficient evidence
For what name does the 'E' stand in Richard E Grant?	Insufficient evidence
In which 1960's TV series did Clarence the cross-eyed lion appear?	Insufficient evidence
What was the name of the ground-breaking 'thought experiment' proposed by an Austrian Scientist in 1935?	Insufficient evidence
The 'Notting Hill Mystery' is aometimes claimed to be what?	Insufficient evidence
Who, in 1974, was the first PFA Player's Players of the Year?	Insufficient evidence
Who sang the 1968 hit Indian Reservation?	Insufficient evidence
Who wrote the play 'Fear and Misery of the Third Reich'?	Insufficient evidence
Which singer appears as bar-owner 'JD' in the film 'Lock, Stock and two Smoking Barrels'?	Insufficient evidence
Which character appeared for the first time in the book 'Call For The Dead'?	Insufficient evidence
Who hosts the BBC quiz show Perfection?	Insufficient evidence
The characters Dame Caruthers and Jack Point appear in which Gilbert & Sullivan opera?	Insufficient evidence
Brown Panther, the winner of the Goodwood Cup in 2013, is owned by which ex-footballer?	Insufficient evidence
Which rugby league team formerly played their home games at Hilton Park?	Insufficient evidence
Who was Britain's longest-serving Foreign Secretary, being in office from December 1905 to December 1916?	Insufficient evidence
Alice Arnold is the lifetime partner of which other broadcaster?	Insufficient evidence
The Anti-Federalist League was the fore-runner of which political party?	Insufficient evidence
What was the nickname of Arsenal and Republic of Ireland footballer Liam Brady?	Insufficient evidence
Liverpool’s Walker Art Gallery was named after its founding benefactor, who made his fortune in what industry?	Insufficient evidence
How many digits make up a bank’s sort code?	Insufficient evidence
Which pensioner is played by Caroline Aherne?	Insufficient evidence
What is the name of the actress who is the mother of actor Rupert Penry-Jones?	Insufficient evidence
For which Premiership club was Anelka playing when his contract was terminated?	Insufficient evidence
Nicolai Petrovich Poliakov became better known as who?	Insufficient evidence
On which racing circuit would you find Ginger Hall and Kate’s Cottage?	Insufficient evidence
Which film and TV actor is the son of actress Wanda Ventham?	Insufficient evidence
In which country are the Spenser Mountains and Garvie Mountains?	Insufficient evidence
Which king was Prince Rupert of the Rhine's grandfather?	Insufficient evidence
Who presents the TV quiz The Link?	Insufficient evidence
Who wrote the play A Chorus of Disapproval?	Insufficient evidence
Susan Stranks was the female presenter of which ITV children’s programme designed to rival BBC’s Blue Peter?	Insufficient evidence
Which 1972 film starring Dick Emery took its title from the catchphrase of one of his characters?	Insufficient evidence
Who narrated the children’s animation called 'Bod'?	Insufficient evidence
John Bacchus played by Lee Ingleby is the sergeant to which TV police inspector?	Insufficient evidence
By what one-word name is the painter, born around 1260 in Siena with the surname di Buoninsegna, usually known?	Insufficient evidence
Which Cabinet member is the MP for Runnymede and Weybridge?	Insufficient evidence
In 2008 who became the first British female jockey to ride one hundred winners in a calendar year?	Insufficient evidence
Lottie Dod was Wimbledon ladies singles champion five times and also represented England in which sport?	Insufficient evidence
Appropriately, which company's NYSE symbol is 'BID'?	Insufficient evidence
What phrase used by Jack London in John Barleycorn to describe alcoholism was later referenced in Dumbo when the elephant hallucinates after drinking water spiked with champagne?	Insufficient evidence
If you are given the words - City Slickers and push-ups, can you name the person?	Insufficient evidence
The Shatt al-Arab waterway constitutes a part of the border between which countries?	Insufficient evidence
The cartoon Dropping the Pilot was published when which world leader was forced to resign in 1890?	Insufficient evidence
What are 'Potemkin villages' which were purportedly erected at the direction of Russian minister Grigori Potemkin to impress Empress Catherine II during her visit to Crimea in 1787?	Insufficient evidence
American poet Dixon Lanier Merritt's well-known limerick is about what bird?	Insufficient evidence
The Russian scientist Vasili Samarsky-Bykhovets has what pioneering connection with the periodic table of elements?	Insufficient evidence
Derived from the name of an ancient King of Pontus, what is the practice of Mithridatism?	Insufficient evidence
A one-hole course at Camp Bonifas that is surrounded by minefields prompting Sports Illustrated to call it 'the most dangerous hole in golf' is at what Asian location?	Insufficient evidence
In 1956, while he was a race car builder at Kurtis Kraft (a famous builder of Indy race cars during the 1950s), Art Ingels assembled the first one of what?	Insufficient evidence
"Which comedy actor played 'Uriah Heap' in the 1999 BBC adaptation of ""David Copperfield""?"	Insufficient evidence
Reaching number 3 in the charts in 1998, 'The Bartender And The Thief' was the first UK top ten hit forwhich group?	Insufficient evidence
At what type of shop does 'Albert Herring' work, in the opera by Benjamin Britten?	Insufficient evidence
On which celebrity quiz are the scores kept by 'George Dawes'?	Insufficient evidence
Which pop group recorded the hit album 'The Lexicon Of Love'?	Insufficient evidence
Which fashion designer was responsible for the trend of slogan-bearing T-shirts in the 1980's?	Insufficient evidence
Which actor, most famous for the TV series 'Spooks' was the first to play the 17-year-old 'Alan Strang' in the play 'Equus' in 1973?	Insufficient evidence
Who plays 'Ian Fletcher' 'Head of Deliverance of the Olympic Deliverance Commission' in the BBC TV comedy 'Twenty Twelve'?	Insufficient evidence
Who created the newspaper strip cartoon The Gambols?	Insufficient evidence
Who is the wife of retired footballer Lee Chapman?	Insufficient evidence
In the 1978 film 'International Velvet', who plays the character 'Velvet Brown'?	Insufficient evidence
"Which English author famously helped to create the ""Go to work on an egg"" advertising slogan used by the United Kingdom's Egg Marketing Board during the 1950's?"	Insufficient evidence
Sold in 2004 for $104.2 million, the most expensive painting ever sold by Sotherby's was Garcon a la Pipe. Who painted it?	Insufficient evidence
Which post was held by Miss Merlyn Lowther from 1999 to 2003?	Insufficient evidence
Over which course is the 'Whitbread Gold Cup' run?	Insufficient evidence
With which singer did Lee Hazlewood sing 'Did You Ever'?	Insufficient evidence
Which group had a number one hit for two weeks in 1961 with 'Blue Moon'?	Insufficient evidence
In the television programme 'A Year In Provence', which actress played the part of Peter Mayle's wife?	Insufficient evidence
For what did the 'S' stand in the name of American author William S. Burroughs?	Insufficient evidence
Which two comedy actors had a hit in 1978 with you're the one that I want?	Insufficient evidence
What nickname is often used for a male with the surname of Miller?	Insufficient evidence
Who founded 'Auto Trader' in 1975?	Insufficient evidence
Which artist became Ireland's first ever medallist at the Olympic Games when his painting 'The Liffey Swim' won a silver medal in the Arts and Culture segment of the Games in 1924?	Insufficient evidence
Who is the famous mother of TV presenter Claudia Winkelman?	Insufficient evidence
Who rode the winner of the 1956 Grand National, when Devon Loch slipped on the run in?	Insufficient evidence
Who won his ninth 'Skol World Darts' title in January 2001?	Insufficient evidence
Who wrote 'The Soldier's Art' in 1966?	Insufficient evidence
Who was the unlikely European correspondent of The New York Tribune in 1853?	Insufficient evidence
Which horse won the 2014 Cheltenham Gold Cup?	Insufficient evidence
Who would usually use a sword called an 'Estoque'?	Insufficient evidence
The 'Naughty Forty' are/were a gang of football hooligans who supported which Midlands club?	Insufficient evidence
In which country is Cabo (Cape) Verde (now Cap Vert)?	Insufficient evidence
What position is currently held by Peter Maxwell Davies?	Insufficient evidence
What is the name of the Spanish National Lottery?	Insufficient evidence
What is the meaning of the word Cenotaph?	Insufficient evidence
Who along with Ernest Saunders was jointly convicted for their roles in the 'Guiness Scandal'?	Insufficient evidence
Released in 2006, 'Why Won't You Give Me Your Love' was the first top ten hit for which group from Merseyside?	Insufficient evidence
The poet John Suckling is credited as the inventor of which card game?	Insufficient evidence
Of which magazine is Rachel Johnson the editor?	Insufficient evidence
In the film 'Transformers', who plays 'John Keller', the US Secretary of Defence?	Insufficient evidence
What is the occupation of Oliver Smallbridge, played by Windsor Davies, and Simon Peel, played by Donald Sinden in the long running sitcom Never the Twain?	Insufficient evidence
What was the first name of 'Captain Darling' in the TV series 'Blackadder Goes Forth'?	Insufficient evidence
Which creature features on the logo of the French clothing company Lacoste?	Insufficient evidence
Which 'Oscar' winning actor's last film was 'The Naked Edge' in 1961?	Insufficient evidence
On television, what is the name of the Panda that advertises Fox's biscuits?	Insufficient evidence
In which northern city is the National Football Museum based?	Insufficient evidence
'Night Train' was a 2010 UK number one album for which band?	Insufficient evidence
Which British golfer finished runner-up to Oosthuizen at this year's Open Championship?	Insufficient evidence
Hildegarde Neil is the wife of which actor?	Insufficient evidence
Who is the husband of the actress and model Summer Phoenix?	Insufficient evidence
Which famous actor married Shakira Baksh in 1973?	Insufficient evidence
What type of covering,once often used on scientific instrument cases, is called 'Shagreen'?	Insufficient evidence
What was the occupation of 'Keith Barrett', played by Rob Brydon, in the t.v. comedy 'Marion and Geoff'?	Insufficient evidence
What was the title of Japp Stam’s autobiography, which led to his departure from Manchester United?	Insufficient evidence
Please, Mister Postman is the second volume of memoirs by which current politician?	Insufficient evidence
What was the setting for the TV sit-com 'Slinger's Day'?	Insufficient evidence
Which TV series made Jonathan Routh famous?	Insufficient evidence
"""The flight of the Bumblebee"" comes from which Opera?"	Insufficient evidence
What position does Amber Rudd hold in the Cabinet?	Insufficient evidence
Which Actress was the mother of the actress Janette Scott?	Insufficient evidence
"In Rene Magritte's painting ""The Son of Man"", what is obscuring the man's face?"	Insufficient evidence
Which company produced the first mail order catalogue?	Insufficient evidence
Eight year old Bailey Matthews who has cerebral palsy won an award at the BBC Sports Personality of the Year in 2015 ‘for outstanding achievement in the face of adversity’ named after which late female Sports presenter?	Insufficient evidence
"""Barwick Green"" is the name of the title music of which serial drama show?"	Insufficient evidence
The album If You Wait reached number two last year for which band? Their name sounds like it could be the name of a school in the capital.	Insufficient evidence
'Juice FM 107.6' broadcasts from which town/city?	Insufficient evidence
With what instrument would you associate the classical performer Murray Perahia?	Insufficient evidence
Of which football club was Sammy McIlroy Caretaker Manager, then Manager from 2005 until this year?	Insufficient evidence
Who presents the ITV quiz show ‘Take on the Twisters’?	Insufficient evidence
What are below the map of the island on the flag of Cyprus?	Insufficient evidence
What is the middle name of TV producer William G Stewart?	Insufficient evidence
Ex baseball player Randy Moffit has a famous sister, name her	Insufficient evidence
In the sitcom My Wife Next Door which actress played Suzy Bassett	Insufficient evidence
Who is the Earl of Merioneth	Insufficient evidence
At which sport did Richard Corsie compete	Insufficient evidence
In which town is the retirement home in Waiting For God	Insufficient evidence
Which actress plays the title role in the TV series Linda Green	Insufficient evidence
Who wrote an Evening With Gary Lineker	Insufficient evidence
Who was the first cricketer to take 300 test wickets	Insufficient evidence
Who was Desmond Lynam's co-presenter in the first series of How do They do That	Insufficient evidence
Who had a hit in the nineties with Don't Marry Her	Insufficient evidence
Which female newsreader threw a glass of wine over Tory MP Jonathan Aitken in 1983	Insufficient evidence
Who played Fliss Hawthorne in the TV sitcom The Cuckoo Waltz	Insufficient evidence
Actor Norman Lumsden's most famous role was in an advert, who did he play	Insufficient evidence
What was advertised with the slogan It's slightly rippled with a flat underside	Insufficient evidence
What was the only UK hit for The Pipkins	Insufficient evidence
What kitchen tool was invented my William Lyman in 1870	Insufficient evidence
What was the sequel to the TV sitcom And Mother Makes Three	Insufficient evidence
What position was held by Sir Francis Graham Smith 1982-1990	Insufficient evidence
Where is Newcastle Brown Ale now brewed	Insufficient evidence
What are the small pair of wooden paddles used for working butter called	Insufficient evidence
What was jockey Harry Wragg's nickname	Insufficient evidence
Which group had a hit single with a 1995 cover version of the Small Faces Itchycoo Park	Insufficient evidence
Who wrote a book of short stories called a Quiver full of Arrows	Insufficient evidence
What physical handicap was Dudley Moore born with	Insufficient evidence
Which TV game show was devised by ex Sunday Night at the London Palladium compere Norman Vaughan	Insufficient evidence
Who presents the TV quiz show The People Versus	Insufficient evidence
Who was the host of the TV game show Bognor or Bust	Insufficient evidence
In which children's comic did Keyhole Kate originally appear	Insufficient evidence
How many players are there in a rounders side?	Insufficient evidence
Which annual world championship is held at Coxheath Kent?	Insufficient evidence
What is the name of the home of Clydebank?	Insufficient evidence
The 1988 album 'First of a Million Kisses' was the first album by which group?	Insufficient evidence
What was the name of the taxi company, shown on TV's TAXI?	Insufficient evidence
What was the name of the female police officer, shot outside the Libyan Embassy?	Insufficient evidence
Who played Alison in At Home With The Braithwaiteâs?	Insufficient evidence
Which English footballer was accused and later cleared of stealing an emerald bracelet in Colombia in 1970?	Insufficient evidence
Also at the closing ceremony, what song was sung by Eric Idle?	Insufficient evidence
What sort of fish is a kipper?	Insufficient evidence
Who plays Mrs Overall in Acorn Antiques?	Insufficient evidence
Who was the 1987 World Darts Champion?	Insufficient evidence
Who had a hit in 1965 with 'England Swings'?	Insufficient evidence
Which female singer had a top ten hit in 1999 with Not Over You Yet?	Insufficient evidence
Thanks to the color scheme used on cans and jars of Sanka, the handles on restaurant pots of decaffeinated coffee are traditionally what color?	Insufficient evidence
In what language game, common among children, is the first consonant cluster moved to the end of the word and followed by an ay?	Insufficient evidence
What nation was eventually held liable for the bombing of the Navy destroyer U.S.S. Cole in 2000?	Insufficient evidence
Forcing you to pay $75 to the bank, what is pictured on the Luxury Tax space on a standard Monopoly board?	Insufficient evidence
What salad dressing (containing mayonnaise, anchovies, chives and sour cream) was named after a 1921 play?	Insufficient evidence
According to the nursery rhyme, who's pocket did Kitty Fisher find?	Insufficient evidence
Chow Mein is a dish typically served over what?	Insufficient evidence
Played by Jack Webb for the 14 year run of the series, who wore badge #714 on the TV show Dragnet?	Insufficient evidence
What was the name of the first Hollywood movie released by D W Griffith in 1910?	Insufficient evidence
What is the number of the court at Wimbledon which is nicknamed The Graveyard Of Champions due to a large number or seeded players being beaten on it by lower ranked players?	Insufficient evidence
In the Harry Potter series of books, what is the name of Hermoine Granger’s cat?	Insufficient evidence
Aberdeen’s Bridge of Dee has how many arches?	Insufficient evidence
In November 1990, British Satellite Broadcasting merged with which television service?	Insufficient evidence
Which unlikely country qualified for the 2015 Cricket World Cup Finals by beating Kenya?	Insufficient evidence
What is the missing first word in the title of Rose Macauley's novel '… By An Idiot'?	Insufficient evidence
In The Scaffold’s ‘Lily the Pink’, which young lady “had terrible freckles”?	Insufficient evidence
Of what breed was Schnorbitz, with whom Bernie Winters appeared in his later career?	Insufficient evidence
On TV, if Pete Waterman was the Hitman, who was Her ?	Insufficient evidence
Japanese haiku poems loosely comprise how many syllables?	Insufficient evidence
In 1990, mountain climbers Rob Hall and Gary Ball were the first to do what in 7 months?	Insufficient evidence
"What is the legal tender (face) value of the ""American Buffalo"", a 24-karat gold bullion coin first offered for sale by the US Mint on 22 June 2006?"	Insufficient evidence
The Western Roll, is a long disused technique, once practised in which sporting event?	Insufficient evidence
The traje de luces that means 'suit of lights' in its native tongue is the traditional costume of whom?	Insufficient evidence
How do we better know a list compiled in ancient times by Antipater of Sidon and by an observer identified as Philo of Byzantium?	Insufficient evidence
In which year did Burges and Maclean defect?	Insufficient evidence
Which is the sixth book of the 'Old Testament'?	Insufficient evidence
In the 2009 series of 'Big Brother', by what name is the housemate Sophie Reade better known?	Insufficient evidence
What was the name of the fictional paper company whose offices provide the setting for the British sit-com 'The Office'?	Insufficient evidence
What was Walter Matthau's first movie?	Insufficient evidence
Which musician founded the Red Hot Peppers?	Insufficient evidence
Which Oscar-nominated film had You Sexy Thing as its theme song?	Insufficient evidence
What was the name of Roland Rat's gerbil friend?	Insufficient evidence
Poopdeck Pappy is which fictional character’s father?	Insufficient evidence
Which Radio 2 DJ christened ‘Dallas’ character Lucy Ewing ‘The Poison Dwarf’?	Insufficient evidence
The Lansdowne Cup is competed for in rugby union by which two countries?	Insufficient evidence
Who bought Donington Park’s Dunlop Bridge at a memorabilia auction?	Insufficient evidence
Which hit programme is filmed in a tent at Harptree Court in Somerset?	Insufficient evidence
The books were Alice and Jerry in the USA – what were they here?	Insufficient evidence
Who co-founded CND with Canon Collins?	Insufficient evidence
Which society was founded in 1946 by barrister Roland Berrill & scientist Dr Lance Ware?	Insufficient evidence
'Indian Love Call' is a song from which 1924 operetta?	Insufficient evidence
Daniel Casey played the role of Detective Sergeant Troy in which TV series?	Insufficient evidence
What name is given to the syndrome which involves a delusion that the affected person can transform or has transformed into an animal?	Insufficient evidence
June Middleton, of Melbourne, Australia, who died aged 83 in 2009, was in the Guinness Book of Records for spending the most time in what?	Insufficient evidence
Which English town is known for its collection of concrete cows?	Insufficient evidence
"In what country, between the 1950s and 1980, would one have found ""Rusticated Youth""?"	Insufficient evidence
What is a commmon name for the United Nations peacekeeping forces?	Insufficient evidence
"Joss Whedon's 2002 US TV series ""Firefly"" won a 2003 Primetime Emmy Award for what?"	Insufficient evidence
"In the TV series, ""The Rockford Files"", which actor played Rockford's father, ""Rocky""?"	Insufficient evidence
Actor John Hewer died early in 2008 aged 86; under what name did everybody know him better, in a series of TV adverts?	Insufficient evidence
Which television detective was created by Glenn Chandler?	Insufficient evidence
Which actress played The Sculptress on TV?	Insufficient evidence
Which rust free cars were built in Dunmurry, Northern Ireland in the late 1970s?	Insufficient evidence
Rebecca Front plays Detective Chief Superintendent Innocent in which TV series?	Insufficient evidence
Len Martin, who read the football results on BBC from 1958 until his death in 1995, was succeeded in the job by whom?	Insufficient evidence
Who is the patron saint of cobblers?	Insufficient evidence
What was the name of the frog in the children's TV series Hector's House?	Insufficient evidence
Who is the female presenter of the Channel 4 quiz show '1001 things you should know'?	Insufficient evidence
Published in 2013 who wrote the novel 'The Kill List'?	Insufficient evidence
The TV presenter Sir Patrick Moore, CBE, was a keen amateur musician, composing and playing pieces for which instrument?	Insufficient evidence
The A57 road runs from Liverpool to which English town or city?	Insufficient evidence
'Eureka', the National Children's Museum is in which town?	Insufficient evidence
Bill Wyman has had the highest chart entry of any of the Rolling Stones as a solo artist in the UK charts, with which song?	Insufficient evidence
Which competition was won by Caroline Flack in December 2014?	Insufficient evidence
Which Government post is held by Chris Grayling?	Insufficient evidence
In 1995 who famously walked out of the play 'Cellmates' after three days of its London run?	Insufficient evidence
Which root vegetable pie was named after a Minister of Food during World War II?	Insufficient evidence
What was Louise Rednap's maiden name?	Insufficient evidence
Where in the human body can you find the 'Olfactory Bulb'?	Insufficient evidence
Which group had a number one hit in July 2010 with 'The Club Is Alive'?	Insufficient evidence
In 'Coronation Street', what was the name of the character played by Roy Hudd?	Insufficient evidence
What is a dish of pickled herring fillets wrapped around an onion or gerkhin called	Insufficient evidence
What was bandleader Joe Loss's signature tune	Insufficient evidence
In the Inspector Morse series what is the christian name of Sergeant Lewis' wife	Insufficient evidence
What nationality was Aristotle Onassis originally	Insufficient evidence
Gerald Thomas directed what series of films?	Insufficient evidence
Who was the author of 'The Overloaded Ark'?	Insufficient evidence
In which sport did Duncan Goodhew excel?	Insufficient evidence
Snidely Whiplash was the arch-villain on what cartoon series?	Insufficient evidence
Who is the only Rugby League player to win two consecutive Lance Todd trophies, doing so in 2007 and 2008?	Insufficient evidence
According to Sammy Haggar, what can't he drive?	Insufficient evidence
who is the president of costa rica 2017	Insufficient evidence
what is the largest catholic high school in america	Insufficient evidence
the p-wave phase of an electrocardiogram (ecg) represents	Insufficient evidence
when did the xbox 360 slim come out	Insufficient evidence
fish appeared in the fossil record during the	Insufficient evidence
when did fasb codification become authoritative u.s. gaap	Insufficient evidence
the amount of light reflected from the front surface of common window glass is about	Insufficient evidence
where was the ark of the covenant taken	Insufficient evidence
where in the bible does it talk about manna from heaven	Insufficient evidence
what is the use of symbolic link in linux	Insufficient evidence
who sings i'm the one your mother warned you about	Insufficient evidence
what is expelled out of the body as faeces through the anus	Insufficient evidence
when did india conduct the nuclear test at pokhran	Insufficient evidence
when does mark show up in grey anatomy	Insufficient evidence
who played jono on star trek next generation	Insufficient evidence
when was the myers briggs type indicator developed	Insufficient evidence
where is the lighthouse in lighthouse point fl	Insufficient evidence
where do the golden knights hockey team play	Insufficient evidence
what year did the drummer lose his arm	Insufficient evidence
when do the red sox play sweet caroline	Insufficient evidence
who played the scare crow in wizard of oz	Insufficient evidence
when did the battle of bannockburn take place	Insufficient evidence
who played tj on head of the class	Insufficient evidence
when was the internet introduced in the philippines	Insufficient evidence
when did disney's 101 dalmations come out	Insufficient evidence
theme of the movie akeelah and the bee	Insufficient evidence
where does the name iron maiden come from	Insufficient evidence
when did the secret service start guarding the president	Insufficient evidence
at what output is marginal product of labour the highest	Insufficient evidence
when is halley's comet coming around again	Insufficient evidence
who played sunshine in the movie harlem nights	Insufficient evidence
who is the managing director of hdfc bank	Insufficient evidence
who is considered to be the first pope	Insufficient evidence
how long does it take grape juice to ferment into wine	Insufficient evidence
when did the cross become a symbol of christianity	Insufficient evidence
when is a breast cancer patient considered a survivor	Insufficient evidence
how much impact does the tourist industry have on the icelandic economy	Insufficient evidence
who played little jack in meet the fockers	Insufficient evidence
how many new zealand soldiers died in ww1	Insufficient evidence
who is the minister of karnataka in 2018	Insufficient evidence
when did the song 99 problems come out	Insufficient evidence
when is bring your daughter to work day	Insufficient evidence
where are receptors for water soluble hormones located	Insufficient evidence
when did sendong enter the philippine area of responsibility	Insufficient evidence
who is the girl in the bon jovi it's my life video	Insufficient evidence
what is the function of the super vena cava	Insufficient evidence
who is doing the half time super bowl	Insufficient evidence
what is the significance of the nodes of ranvier	Insufficient evidence
where did jason voorhees get the hockey mask	Insufficient evidence
who founded the first french colony in north america	Insufficient evidence
when did half pennies stop being legal tender	Insufficient evidence
when was the first weather satellite launched into space	Insufficient evidence
when did nigeria launched its first satellite nigeriasat-1	Insufficient evidence
advantages of drying as a method of food preservation	Insufficient evidence
who was the shrew in taming ofthe shrew	Insufficient evidence
who plays dwight's brother on the office	Insufficient evidence
where is the chichen itza located in mexico	Insufficient evidence
what is an example of a radical in chemistry	Insufficient evidence
guy who played opie on sons of anarchy	Insufficient evidence
where did the chinese tallow tree come from	Insufficient evidence
where are most of the potatoes grown in idaho	Insufficient evidence
how i met your mother barney 200th girl	Insufficient evidence
who is featured on drake in my feelings	Insufficient evidence
when did prairie home companion change its name	Insufficient evidence
when did all i do is win come out	Insufficient evidence
what are the coordinates for the south pole of the moon	Insufficient evidence
who did jim tavare play in harry potter	Insufficient evidence
when did costa rica gain independence from spain	Insufficient evidence
factors that contribute to the spread of hiv in nigeria	Insufficient evidence
when was the new york stock exchange created	Insufficient evidence
who is the character dirk diggler based on	Insufficient evidence
where does blood leaving the left ventricle go	Insufficient evidence
what is the bean made of in chicago	Insufficient evidence
when did the rosary become a catholic devotion	Insufficient evidence
what is the main goal of an exploratory committee	Insufficient evidence
a severe vitamin b12 deficiency results in what form of anemia	Insufficient evidence
what was the phony name that armand and val called their maid agadore during the senator's visit	Insufficient evidence
what time can you buy beer in oregon	Insufficient evidence
who was the one who got away katy perry	Insufficient evidence
when did jennifer lawrence start her acting career	Insufficient evidence
where did the solar eclipse last the longest	Insufficient evidence
who did robert hardey play in harry potter	Insufficient evidence
who does tj miller play in gravity falls	Insufficient evidence
universal joint is an example of which pair	Insufficient evidence
who is speaking in the book of revelation	Insufficient evidence
who wrote thank god and greyhound you're gone	Insufficient evidence
when was life of the party released shawn mendes	Insufficient evidence
term of office judicial branch in the philippines	Insufficient evidence
who was the girl in what do you mean	Insufficient evidence
when did the national drinking age become 21	Insufficient evidence
when was the mission san francisco de asis founded	Insufficient evidence
who sings lonely day system of a down	Insufficient evidence
who plays martha cox in high school musical	Insufficient evidence
when was the church of the nazarene founded	Insufficient evidence
what is the connective tissue that covers the epiphyses of a long bone	Insufficient evidence
when was dont ask dont tell policy created	Insufficient evidence
who did the government of western australia vest the ownership of perth arena to	Insufficient evidence
whats it called when a story starts at the end	Insufficient evidence
what is the rolling stones song lady jane about	Insufficient evidence
two examples of short term health care facility	Insufficient evidence
when was the dome of the rock painted gold	Insufficient evidence
when was death penalty abolished in new zealand	Insufficient evidence
what is software asset management (sam)	Insufficient evidence
which barbarian groups entered the western roman empire through germany	Insufficient evidence
who is the guy that does spongebob's voice	Insufficient evidence
where was the first rugby union world cup held	Insufficient evidence
when did grocery stores start using plastic bags	Insufficient evidence
who wrote save it for a rainy day	Insufficient evidence
largest producer of mica in the world is	Insufficient evidence
when are the new 20 dollar bills coming out	Insufficient evidence
who believed in separation of powers and checks and balances	Insufficient evidence
who benefits from a quota on imported goods to the u.s	Insufficient evidence
what year did they stop making the saturn vue	Insufficient evidence
who did whitney houston sing i will always love you for	Insufficient evidence
where is the ovule found in a flower	Insufficient evidence
where does the conductor sit on a train	Insufficient evidence
what is the net worth of united states	Insufficient evidence
who is telling the story in twas the night before christmas	Insufficient evidence
when was the first roll of toilet paper invented	Insufficient evidence
how many hotel rooms are their in the hilton university of houston	Insufficient evidence
8. in 1936 which state became the first to be formed on linguistic basis	Insufficient evidence
who was the smoking man on the x-files	Insufficient evidence
ek veer ki ardaas veera meaning in english	Insufficient evidence
which amendment guaranteed the equal protection of laws to all american citizens	Insufficient evidence
who has been elected as the new president of finland	Insufficient evidence
where does the prime rib cut come from on a cow	Insufficient evidence
where does the last name corbett come from	Insufficient evidence
who plays wes in how to get away	Insufficient evidence
when did the word nerd come into use	Insufficient evidence
when did the canon 5d mark iii come out	Insufficient evidence
where do most tornadoes occur in the us	Insufficient evidence
where did the tradition of the christmas tree originate	Insufficient evidence
who is the former president of south korea	Insufficient evidence
where does the permanent fund dividend come from	Insufficient evidence
when did ripley believe it or not start	Insufficient evidence
who plays barney's father on how i met your mother	Insufficient evidence
when were seat belts first required in cars	Insufficient evidence
who sings the national anthem for the pittsburgh penguins	Insufficient evidence
what is the wild card team at scotties	Insufficient evidence
where was the movie the quick and the dead filmed	Insufficient evidence
when did the first electric dishwasher come out	Insufficient evidence
who was involved in the soviet invasion of afghanistan	Insufficient evidence
how much money does bank of america have	Insufficient evidence
who killed robert baratheon in game of thrones	Insufficient evidence
who sings i love you a bushel and a peck	Insufficient evidence
where is sussex inlet in new south wales	Insufficient evidence
who is the warlock in game of thrones	Insufficient evidence
where do bumble bees live in the wild	Insufficient evidence
what does the wallpaper smell like in the yellow wallpaper	Insufficient evidence
who dies at the end of three sisters	Insufficient evidence
where did the robot come from in lost in space	Insufficient evidence
who plays lead guitar on my old school	Insufficient evidence
when did wizards of the coast buy d&d	Insufficient evidence
who plays timon and pumbaa in the lion king	Insufficient evidence
when did running start begin in washington state	Insufficient evidence
how many students attend new palestine high school	Insufficient evidence
who played the crippled guy in shallow hal	Insufficient evidence
who was the man in charge of the us military at harper's ferry	Insufficient evidence
who originally sang counting flowers on the wall	Insufficient evidence
who wrote the song the age of aquarius	Insufficient evidence
all that remains what if i was nothing album	Insufficient evidence
who believed that human ability is due to a combination of both nature and nurture	Insufficient evidence
function of international bank for reconstruction and development	Insufficient evidence
who played wally in last of the summer wine	Insufficient evidence
what is the function of the dense connective tissue	Insufficient evidence
who was the first woman elected to the us senate	Insufficient evidence
where did german immigrants to the united states tend to settle	Insufficient evidence
where does the last name baez originate from	Insufficient evidence
who equated 12 roman gods with the 12 olympian gods/goddesses of the greek pantheon	Insufficient evidence
who sings i dont want to fall in love	Insufficient evidence
when did the song high school by nicki minaj come out	Insufficient evidence
two horses on the nigerian coat of arm represent	Insufficient evidence
who wrote i was born under a wandering star	Insufficient evidence
who played the voice of salem the cat	Insufficient evidence
where was the book of adam and eve found	Insufficient evidence
who plays the asian girl in deadpool 2	Insufficient evidence
how does a main-sequence star's lifetime depend on its overall mass	Insufficient evidence
who is the lady on the australian 5 dollar note	Insufficient evidence
who coined the phrase war to end all wars	Insufficient evidence
who sings how far i'll go from moana	Insufficient evidence
where was the first long distance phone call made	Insufficient evidence
what year did adam sandler sing the thanksgiving song	Insufficient evidence
when did 1 and 2 cent coins stop	Insufficient evidence
when was the presidency moved from lagos to abuja	Insufficient evidence
the nucleoli found within the nucleus are the sites of ____ synthesis.​	Insufficient evidence
what school is educating greater manchester set in	Insufficient evidence
who played tony in only fools and horses	Insufficient evidence
where did the agni-iii test launch and failed	Insufficient evidence
how does a plane wing create lift which physics concept applies	Insufficient evidence
when do the fontanelle close on a baby	Insufficient evidence
real name of wanida in youre my destiny	Insufficient evidence
where is the fonz statue located in milwaukee	Insufficient evidence
when was an occurrence at owl creek bridge written	Insufficient evidence
what weapons did they use in the battle of saratoga	Insufficient evidence
where did they film harry and the hendersons	Insufficient evidence
who was involved in the waterloo creek massacre	Insufficient evidence
where is the microchip placed in a dog	Insufficient evidence
where does iowa rank in wind energy production	Insufficient evidence
who wrote the music for the hymn jerusalem	Insufficient evidence
when were the levees in new orleans built	Insufficient evidence
where does red beans and rice come from	Insufficient evidence
what type of company is select portfolio servicing	Insufficient evidence
when did it become law to wear seat belts	Insufficient evidence
who sings the original magic school bus theme song	Insufficient evidence
when's the last time the los angeles dodgers won the world series	Insufficient evidence
girl who played dodie on my three sons	Insufficient evidence
how many years did moses malone lead the league in rebounds	Insufficient evidence
longest continuously serving female mp in house of commons	Insufficient evidence
when was the national anthem of pakistan first played	Insufficient evidence
who became the first leader of the united russia	Insufficient evidence
which country was the first to adopt communism as the way to develop it economy	Insufficient evidence
who owned and controlled the town of pullman	Insufficient evidence
bug that looks like a centipede with long legs	Insufficient evidence
where does the northern ireland assembly meets in	Insufficient evidence
who sang the original song the last kiss	Insufficient evidence
when are trains required to blow their horns	Insufficient evidence
the sexually dimorphic nucleus is part of the ____.​	Insufficient evidence
why is the game of bridge called bridge	Insufficient evidence
what type of wood was the santa maria made of	Insufficient evidence
who did nancy dow play on beverly hillbillies	Insufficient evidence
who plays luke and mark on the following	Insufficient evidence
what was the name of the aztecs capital city	Insufficient evidence
who is the first person that went to space	Insufficient evidence
when was the neutrality act of 1937 passed	Insufficient evidence
when are two bodies said to be in thermal equilibrium	Insufficient evidence
where is san miguel de allende located in mexico	Insufficient evidence
which animal appears on the left side of the abacus on the national emblem of india	Insufficient evidence
what i have written i have written in latin	Insufficient evidence
where does kevin probably saves the world take place	Insufficient evidence
where does central mountain air land in vancouver	Insufficient evidence
where was the location of the yalta conference in 1945	Insufficient evidence
who played woody from suite life on deck	Insufficient evidence
number of catholic high schools in the united states	Insufficient evidence
who sings no one ever is to blame	Insufficient evidence
who plays young shawn in season 5 of psych	Insufficient evidence
who is playing susan banks on dool august 2018	Insufficient evidence
when was sometimes it snows in april releases	Insufficient evidence
who played scott grainger on young and restless	Insufficient evidence
who sang don't fall in love with a dreamer	Insufficient evidence
where is st.augustine located on the map of florida	Insufficient evidence
test used to identify the presence of fibrinolysis	Insufficient evidence
who announced a vague offer of dominion status for india in 1929	Insufficient evidence
where are most of the divergent boundaries found	Insufficient evidence
who said the pen is mighter than the sword	Insufficient evidence
when was the preamble of the indian constitution amended	Insufficient evidence
who is the father of amba ambika ambalika	Insufficient evidence
when was the rose that grew from concrete written	Insufficient evidence
in which year 6 major commercial banks were nationalised in india	Insufficient evidence
who has won the indy 500 the most	Insufficient evidence
actor who plays david platt in coronation street	Insufficient evidence
who wrote the song don't you ever get tired of hurting me	Insufficient evidence
who plays jj in days of our lives	Insufficient evidence
what is provided in article 368 of the constitution	Insufficient evidence
where was the adventures of the wilderness family filmed	Insufficient evidence
who founded the national alliance to end homelessness	Insufficient evidence
where did australia come in the winter olympics 2018	Insufficient evidence
who made it to the top of everest	Insufficient evidence
when does episode 7 of the tick air	Insufficient evidence
who played the dead guy in weekend at bernie's	Insufficient evidence
who sings lookin for love in all the wrong places	Insufficient evidence
who won the women's elimination chamber 2017	Insufficient evidence
who played brenda in tupac's video brenda's got a baby	Insufficient evidence
when did the philadelphia flyers win the stanley cup	Insufficient evidence
when did mac miller release best day ever	Insufficient evidence
who developed the fundamental principles of document examination	Insufficient evidence
where did the founder of hotmail work before he founded the webmail service	Insufficient evidence
who sang i can make you feel good	Insufficient evidence
when did the star wars ride open at disneyland	Insufficient evidence
where are the iron ore deposits of pakistan located	Insufficient evidence
who were known as turanis at mughal court	Insufficient evidence
who sang best things in life are free	Insufficient evidence
what is the name of the first french movie	Insufficient evidence
where are baby back ribs located on a pig	Insufficient evidence
what year did my pet monster come out	Insufficient evidence
walking dead who let the walkers in the prison	Insufficient evidence
who played michael jordan as a kid in space jam	Insufficient evidence
where does the train go from st ives	Insufficient evidence
who plays the yoga instructor on orange is the new black	Insufficient evidence
who played uncle woody on sanford and son	Insufficient evidence
where are eccrine glands found in the body	Insufficient evidence
what does thom yorke say at the end of daydreaming	Insufficient evidence
who sang the song it's such a pretty world today	Insufficient evidence
hot springs hotel in japan that's run since 705 a.d	Insufficient evidence
the earliest surviving building in india containing a true dome is	Insufficient evidence
who sings with neil young on four strong winds	Insufficient evidence
when was the three point seat belt invented	Insufficient evidence
who plays wade kinsella on hart of dixie	Insufficient evidence
who killed marquis in tale of two cities	Insufficient evidence
when was the story of an hour published	Insufficient evidence
who played shawn hunter on boy meets world	Insufficient evidence
who hosted the table tennis 2017 itf women's world cup	Insufficient evidence
who is the girl in the we don't talk anymore video	Insufficient evidence
who are the real characters of paid in full	Insufficient evidence
when did the old pound notes go out of circulation	Insufficient evidence
who did muhammad ali fight in croke park	Insufficient evidence
who was the first female general officer in the air force	Insufficient evidence
who sings sometimes you're the windshield sometimes you're the bug	Insufficient evidence
when did tony and carmela get back together	Insufficient evidence
who wrote the song in school of rock	Insufficient evidence
what is the purpose of the civil service commission	Insufficient evidence
who has tracking numbers that start with 1z	Insufficient evidence
when did sri jayawardenepura kotte become the capital	Insufficient evidence
where is the mekong river delta located in vietnam	Insufficient evidence
who sings the song julie julie julie do you love me	Insufficient evidence
who plays sandy in life of the party	Insufficient evidence
who sang love take me down to the streets	Insufficient evidence
who plays sonny's father on general hospital	Insufficient evidence
imperial russian edict or decree that had the force of law	Insufficient evidence
who is the german national soccer team coach	Insufficient evidence
who wrote the song i love you truly	Insufficient evidence
where is coral bleaching most likely to occur	Insufficient evidence
who did jesse palmer propose to on the bachelor	Insufficient evidence
where is the 9th ward in new orleans	Insufficient evidence
where does cat in the rain take place	Insufficient evidence
when did the republic of ireland leave the commonwealth	Insufficient evidence
when will batman and harley quinn be released	Insufficient evidence
who played violet in willy wonka and the chocolate factory 2005	Insufficient evidence
who has scored the most goals in international soccer	Insufficient evidence
who is the original singer of feeling good	Insufficient evidence
when did bert and ernie first appear on sesame street	Insufficient evidence
where was love on a branch line filmed	Insufficient evidence
who sang the original shake your tail feather	Insufficient evidence
the superior vena cava returns blood to the heart from the	Insufficient evidence
how do we measure the distance to other galaxies	Insufficient evidence
india has the largest deposit of which mineral	Insufficient evidence
normal range for nuchal fold at 12 weeks	Insufficient evidence
who sang he going to step on you again	Insufficient evidence
who has won the 2018 men's singles tata open maharashtra tennis tournament	Insufficient evidence
who coined the term swaraj is my birthright	Insufficient evidence
where is the skywalk located in the grand canyon	Insufficient evidence
where does the last name stevenson come from	Insufficient evidence
who had the longest tenure as chief justice of india	Insufficient evidence
who played frankie on days of our lives	Insufficient evidence
when was a sharp intake of breath made	Insufficient evidence
who was the golfer who died in a plane crash	Insufficient evidence
who sings the theme song to dog bounty hunter	Insufficient evidence
when did scotland yard become new scotland yard	Insufficient evidence
where is the rod laver cup being played	Insufficient evidence
don't be afraid of the dark creatures origin	Insufficient evidence
what part of rome is the trevi fountain in	Insufficient evidence
where did the name kentucky fried chicken come from	Insufficient evidence
where did the phrase no pain no gain come from	Insufficient evidence
who plays tom on the secret life of american teenager	Insufficient evidence
what is the highest unemployment rate ever in the united states	Insufficient evidence
when did pirates of the caribbean open at disney world	Insufficient evidence
who helped spread the ideas of the reformation	Insufficient evidence
who quarterbacked the minnesota vikings the year they won 15 games	Insufficient evidence
who wrote in the presence of the lord	Insufficient evidence
when does season 5 of bring it come back on	Insufficient evidence
who authored the contract with america plan for government	Insufficient evidence
who plays the dark fairy on once upon a time	Insufficient evidence
which is the oldest sofitel in north america	Insufficient evidence
who plays wyatt spencer on bold and the beautiful	Insufficient evidence
when did series 2 ve commodore come out	Insufficient evidence
who owns the windsor court hotel in new orleans	Insufficient evidence
what links does blues music have to the pop music we listen to today	Insufficient evidence
what is the most common extended ascii set	Insufficient evidence
who has written the poem udayavagali cheluva kannada nadu	Insufficient evidence
where was the movie the great raid filmed	Insufficient evidence
who played glenda in last of the summer wine	Insufficient evidence
when did the beatles play at shea stadium	Insufficient evidence
when do new episodes of berserk come out	Insufficient evidence
when did west brom fc change its name	Insufficient evidence
where does brian's dad live in the book hatchet	Insufficient evidence
which military action led to us boycott the 1980 olympics	Insufficient evidence
when did the first kitchenaid mixer come out	Insufficient evidence
who sings the song what was i thinking	Insufficient evidence
who founded anushilan samiti at dhaka (decca)	Insufficient evidence
who sings the end of bullet by hollywood undead	Insufficient evidence
who plays blanca in orange is the new black	Insufficient evidence
where did they film the witches of eastwick	Insufficient evidence
where did the first sweet potato come from	Insufficient evidence
who shot caesar in dawn of the planet of the apes	Insufficient evidence
who sings the song i love you i hate you	Insufficient evidence
the fusion of the male pronucleus and the female pronucleus results in development of	Insufficient evidence
who sings i'll be there for you 2018	Insufficient evidence
what is iron man's comic figure real name	Insufficient evidence
what is the main industry in buffalo ny	Insufficient evidence
when was the first battle of panipath fought	Insufficient evidence
where did kings of leon name come from	Insufficient evidence
when is the europa league round of 16 draw	Insufficient evidence
who lived in the house of the faun	Insufficient evidence
what is st jordan the patron saint of	Insufficient evidence
who is talking at the end of blame game	Insufficient evidence
what percentage of the country lives in california	Insufficient evidence
where did the bunny come from in easter	Insufficient evidence
what episode of er does sam get kidnapped	Insufficient evidence
what was the purpose of the 1864 geneva convention	Insufficient evidence
when was annapolis the capital of the united states	Insufficient evidence
what is the most popular beer brand in germany	Insufficient evidence
when did the first goosebumps book come out	Insufficient evidence
what is the name of frosty the snowman's wife	Insufficient evidence
when was it required to have a driver's license	Insufficient evidence
when did chelsea flower show move to chelsea hospital	Insufficient evidence
when did nsync bye bye bye come out	Insufficient evidence
if the president disapproves of a measure and sends it back to the congress for reconsideration	Insufficient evidence
who lines up next to the center in football	Insufficient evidence
when did the nba 3 second rule start	Insufficient evidence
what year did the movie deuces come out	Insufficient evidence
where is the best farming soil in the us and where did all the dirt come from	Insufficient evidence
who plays claire underwood's mom on house of cards	Insufficient evidence
who sang theres a rat in my kitchen	Insufficient evidence
who sang nice one cyril nice one son	Insufficient evidence
how many species of plants are found in india	Insufficient evidence
at what level is the clavicle with reference to the ribs	Insufficient evidence
who does frank kill in the wasp factory	Insufficient evidence
where was the newhart show filmed in vermont	Insufficient evidence
who is making everyone sick in minor details	Insufficient evidence
when does the full paladins game come out	Insufficient evidence
where is the guy who plays calvin on 227	Insufficient evidence
what was the purpose of the national resources planning board	Insufficient evidence
when was free movement in the eu introduced	Insufficient evidence
when was the first tower block built in england	Insufficient evidence
who is known as the father of india cricketer	Insufficient evidence
who were the pro football players in little giants	Insufficient evidence
where was the film that'll be the day filmed	Insufficient evidence
what is the name of arasamaram in english	Insufficient evidence
where did jaren jackson senior play college basketball	Insufficient evidence
where is national open university located in abuja	Insufficient evidence
who played bass on barney miller theme song	Insufficient evidence
when does between shades of gray take place	Insufficient evidence
where was the first police laboratory established in the us	Insufficient evidence
where is palm beach florida located on the map	Insufficient evidence
what college newspaper refers to itself as the oldest college newspaper in michigan	Insufficient evidence
when was the first looping roller coaster and what was wrong with it	Insufficient evidence
how far do honey bees travel from their hive	Insufficient evidence
why did zeus turned io into a cow	Insufficient evidence
who plays tom riddle in harry potter chamber of secrets	Insufficient evidence
who plays penny's boyfriend on big bang theory	Insufficient evidence
when did opp by naughty by nature come out	Insufficient evidence
what is the origin of es cells in development	Insufficient evidence
who is the lead singer of all american rejects married to	Insufficient evidence
when does the eagle fly at auburn games	Insufficient evidence
who is mulder's father on the x files	Insufficient evidence
who played willie lopez in the movie ghost	Insufficient evidence
where was the white man's burden published	Insufficient evidence
who played barry in close encounters of the third kind	Insufficient evidence
where is the new not going out filmed	Insufficient evidence
where was keep it in the closet filmed	Insufficient evidence
who is the owner of phoenix mall pune	Insufficient evidence
when do we celebrate the modern olympic games	Insufficient evidence
how many songs did lennon and mccartney write	Insufficient evidence
who did the original version of handbags and gladrags	Insufficient evidence
what is the significance of april 27 1994 in south africa	Insufficient evidence
who had the rights to the krays book	Insufficient evidence
when does carlos find out about the affair	Insufficient evidence
what is the population of eagle river wi	Insufficient evidence
when will olaf's frozen adventure be on dvd	Insufficient evidence
where does the xbox 360 controller plug in	Insufficient evidence
who is the girl in wake me up when september ends video	Insufficient evidence
who wrote the famous song say it loud i'm black and im proud	Insufficient evidence
who sings there's no smoke without a fire	Insufficient evidence
agitator wash technique is used in which type of washing machine	Insufficient evidence
who has the power to issue a subpoena	Insufficient evidence
who sings i like it like that yeah baby	Insufficient evidence
who has the most mvps in mlb history	Insufficient evidence
who published the book the presidential succession of 1910	Insufficient evidence
who is she's got a way about	Insufficient evidence
who played katie douglas on my three sons	Insufficient evidence
what is target disk mode on a mac	Insufficient evidence
the american pilot who flew nonstop across the atlantic in 33 hours in 1927 was	Insufficient evidence
when did the battle of waterloo start and end	Insufficient evidence
first person to sail around the world by the clipper route	Insufficient evidence
who played fred rutherford on leave it to beaver	Insufficient evidence
what was the theme of national science day celebrated on 28 february 2017	Insufficient evidence
when did the last surviver of the titanic die	Insufficient evidence
who sang what do you want from me first	Insufficient evidence
what is the westernmost point of the united states	Insufficient evidence
who sang cherish is the word i use to describe	Insufficient evidence
who was the 39th president of the united states of america	Insufficient evidence
who sings in the eye of the storm	Insufficient evidence
when did the song hooked on a feeling come out	Insufficient evidence
what is to all the boys ive loved before	Insufficient evidence
where was chitty chitty bang bang car made	Insufficient evidence
who did kyle play in little house on the prairie	Insufficient evidence
where does the sangamon river start and end	Insufficient evidence
what type of division makes possible the development of multilayered epidermis	Insufficient evidence
who was the first doctor to perform a heart transplant	Insufficient evidence
what was the drug on 21 jump street	Insufficient evidence
how many times has everton won the fa cup	Insufficient evidence
the general historie of virginia new england and the summer isles	Insufficient evidence
when did the ambulance service start in the uk	Insufficient evidence
who has the most gold gloves at catcher	Insufficient evidence
who played too tall in we were soldiers	Insufficient evidence
who was the host of jhalak dikhla jaa in season 2	Insufficient evidence
where was the cowboys with john wayne filmed	Insufficient evidence
the act that restricted the sale of drugs by requiring a prescription was the	Insufficient evidence
what were the demands of the populist platform of 1892	Insufficient evidence
what is unique about the digestive system in platyhelminthes	Insufficient evidence
essex town used to house the terminus of the london underground	Insufficient evidence
what movie is i cross my heart from	Insufficient evidence
who wrote the lyrics for guns n roses	Insufficient evidence
when did marks and spencer stop using the name st michael	Insufficient evidence
where does i am princess x take place	Insufficient evidence
where was the music video for jumpsuit filmed	Insufficient evidence
who was the longest prisoner held captive in vietnam	Insufficient evidence
what type of books does sidney sheldon write	Insufficient evidence
when did southwest missouri state became missouri state	Insufficient evidence
when did miss kobayashi's dragon maid come out	Insufficient evidence
who was the slytherin seeker in harry potter 1	Insufficient evidence
when did the mountain meadows massacre take place	Insufficient evidence
who played bass on i'll take you there	Insufficient evidence
when do white walkers appear in game of thrones	Insufficient evidence
what part did glenne headley play in lonesome dove	Insufficient evidence
when did china become a member of the wto	Insufficient evidence
when did canadian tire buy mark work wearhouse	Insufficient evidence
when did once upon a time in venice come out	Insufficient evidence
where is the rachel maddow show broadcast from	Insufficient evidence
where does the last name oliver originate from	Insufficient evidence
who played the first alice in the honeymooners	Insufficient evidence
who won nobel prizes in both physics and chemistry	Insufficient evidence
when do cells in the kidneys secrete renin quizlet	Insufficient evidence
who sings i'm gonna hire a wino	Insufficient evidence
who sang how do you talk to an angel	Insufficient evidence
who sang black cars look better in the shade	Insufficient evidence
who won australia's first olympic gold medal	Insufficient evidence
what's the percentage of canadian hockey players in the nhl	Insufficient evidence
when did the vw beetle body style change	Insufficient evidence
who plays gwen on as the world turns	Insufficient evidence
who sang the song give me some sunshine	Insufficient evidence
who sang i've never been loved like this before	Insufficient evidence
who sang last night a dj saved my life	Insufficient evidence
when did mcdonald's start selling happy meals	Insufficient evidence
what drug did tony soprano take in vegas	Insufficient evidence
who is the person who plays black panther	Insufficient evidence
who is the hero of film main aur charles	Insufficient evidence
where does the last name allen derive from	Insufficient evidence
how long do you have to live in brazil to become a citizen	Insufficient evidence
who plays michael's nephew on the office	Insufficient evidence
who plays gale in think like a man	Insufficient evidence
where are the headwaters of the colorado river in texas	Insufficient evidence
who is the actor that plays kurt seyit	Insufficient evidence
who played alice tinkers sister in vicar of dibley	Insufficient evidence
who is the voice of the clown in toy story 3	Insufficient evidence
where was the movie dogs of war filmed	Insufficient evidence
which mountain man rediscovered south pass and brought back important information about this trail	Insufficient evidence
diurnal motion look like from the north pole	Insufficient evidence
where is valrico florida located in the state of florida	Insufficient evidence
where was the uss gerald ford ship built	Insufficient evidence
who killed the girl in the movie horns	Insufficient evidence
when did you rock my world come out	Insufficient evidence
when did the first aquaman comic come out	Insufficient evidence
when did england stop hanging drawing and quartering	Insufficient evidence
who played andy on the cult of chucky	Insufficient evidence
when did hershey's special dark come out	Insufficient evidence
when did the fist star wars movie come out	Insufficient evidence
who sang kookie kookie lend me your comb	Insufficient evidence
what is the queen mother's full name	Insufficient evidence
the threshold on a dose-response curve is the	Insufficient evidence
who sang don't you stop the music	Insufficient evidence
who sings the oldie song i do love you	Insufficient evidence
who is responsible for preparing the rules of engagement (roe)/directive on the use of force (duf)	Insufficient evidence
the purkinje fibers are responsible for sending the electrical impulse into which area of the heart	Insufficient evidence
who owns the rehabilitation center of hollywood florida	Insufficient evidence
the name of the staff used for higher pitches	Insufficient evidence
what happened to guam during the spanish american war	Insufficient evidence
who said aint nobody got time for that	Insufficient evidence
who is the chief minister of delhi one served as the youngest minister of the haryana government	Insufficient evidence
what is the oldest horse race in england	Insufficient evidence
which president appointed four justices to the supreme court	Insufficient evidence
who did the cubs beat to go to the world series	Insufficient evidence
who sings with john denver on fly away	Insufficient evidence
where is the engine located in a smart car	Insufficient evidence
who wrote break up in a small town	Insufficient evidence
where are goods produced in the domestic system	Insufficient evidence
where was 20 million miles to earth filmed	Insufficient evidence
where did the columbus blue jackets get their name	Insufficient evidence
who plays theo carver on days of our lives	Insufficient evidence
where did the red herring phrase come from	Insufficient evidence
where was the movie the in laws filmed	Insufficient evidence
who sings in the middle of the road	Insufficient evidence
when was the last time duke won a bowl game	Insufficient evidence
when did the war start in sierra leone	Insufficient evidence
where did the oil industry began in the south in 1901	Insufficient evidence
what type of plate boundary does iceland lie on	Insufficient evidence
who wrote the song the cowboy rides away	Insufficient evidence
who was the girl that survived the titanic	Insufficient evidence
how many soul eater manga books are there	Insufficient evidence
where did the tragically hip get their name	Insufficient evidence
when did lil wayne drop his last album	Insufficient evidence
what is the meaning of the hebrew name yael	Insufficient evidence
who is the host of season 4 spring baking championship	Insufficient evidence
who played the sheriff in carry on cowboy	Insufficient evidence
who is the largest tractor manufacturer in the world	Insufficient evidence
who is pope air force base named after	Insufficient evidence
when did the last civil war vet die	Insufficient evidence
when was the last time tampa was hit with a hurricane	Insufficient evidence
what's it called when you change the lyrics of a song	Insufficient evidence
who is the guy in avicii the nights music video	Insufficient evidence
what was the purpose of the easter island statues	Insufficient evidence
where's the pga championship being held this year	Insufficient evidence
where is robb stark in season 3 episode 1	Insufficient evidence
who wrote you and me against the world	Insufficient evidence
who is the band in wish upon a star	Insufficient evidence
when did sputnik 2 come back to earth	Insufficient evidence
when was the last time that it snowed in miami	Insufficient evidence
what is an adaptation of a cave dwelling animal	Insufficient evidence
who makes up the state council in russia	Insufficient evidence
keep talking and nobody explodes how many copies	Insufficient evidence
who played the milk lady in open all hours	Insufficient evidence
who is the groom in the i write sins not tragedies video	Insufficient evidence
where did hurricane agnes make landfall in 1972	Insufficient evidence
who played brad on sabrina the teenage witch	Insufficient evidence
who owns acme feed and seed in nashville	Insufficient evidence
who was in the arms of an angel written for	Insufficient evidence
when does daddies home 2 come out on dvd	Insufficient evidence
who was the last republican mayor in chicago	Insufficient evidence
who sang the diva song on the fifth element	Insufficient evidence
religious tests for officeholding are prohibited by the	Insufficient evidence
who made the song i want to be rich	Insufficient evidence
who plays dave coaches in gavin and stacey	Insufficient evidence
where does the federal legislative branch get its power to create federal crimes	Insufficient evidence
how many black eyed pea restaurants are there	Insufficient evidence
when was the first gaelic football match played	Insufficient evidence
what is the priority when the nurse is establishing a therapeutic environment for a client	Insufficient evidence
what is the us conference of catholic bishops	Insufficient evidence
where do they grow wheat in the us	Insufficient evidence
blood sweat and tears who wrote spinning wheel	Insufficient evidence
who sang i can hear the grass grow	Insufficient evidence
who is luke air force base named after	Insufficient evidence
who plays stanford in sex and the city	Insufficient evidence
who sang since you've been gone by rainbow	Insufficient evidence
where are the superstition mountains located in arizona	Insufficient evidence
how many station roads are there in the uk	Insufficient evidence
when did they start using 925 on silver	Insufficient evidence
who had a number one hit with moon river	Insufficient evidence
the early work into the phenomenon called instinctive drift was performed by	Insufficient evidence
where did the golden globe awards take place	Insufficient evidence
what number planet is jupiter in the solar system	Insufficient evidence
who sang putting out the fire with gasoline	Insufficient evidence
when did the evacuations from dunkirk beach happen	Insufficient evidence
where did betty meet the leader of the pack	Insufficient evidence
which american colony's economy was based primarily on shipbuilding and fishing	Insufficient evidence
when did the song candy rain come out	Insufficient evidence
where was the clean bandit i miss you video filmed	Insufficient evidence
who did rumor willis play on pretty little liars	Insufficient evidence
who wrote the song kind of a drag	Insufficient evidence
who invented child safety caps on medicine bottles	Insufficient evidence
when does season 4 of the thundermans start	Insufficient evidence
when did johnny galecki first appear on roseanne	Insufficient evidence
where is vina del mar located in chile	Insufficient evidence
who sings why didn't i think of that	Insufficient evidence
what do whiskers on a box plot represent	Insufficient evidence
where was the movie murphy's romance filmed	Insufficient evidence
what episode does holly come back to the office	Insufficient evidence
when did gta 5 come out on ps4	Insufficient evidence
when does scooby doo mystery incorporated take place	Insufficient evidence
when does the shadow of the colossus remake come out	Insufficient evidence
family guy episode where stewie gets a girlfriend	Insufficient evidence
when was the first sex and the city movie made	Insufficient evidence
who is playing in the all ireland hurling final	Insufficient evidence
mobilization of an army was considered what in 1914	Insufficient evidence
where was the movie giant filmed in texas	Insufficient evidence
who discovered neptune in the late 19th century	Insufficient evidence
who discovered the first skull of a fossil ape on rusinga island	Insufficient evidence
who is the girl on lets make a deal	Insufficient evidence
legal educator and founder director of national law school of india university	Insufficient evidence
what is the source of the river niger	Insufficient evidence
where are villi found in the small intestine	Insufficient evidence
what does a county board of commissioners do	Insufficient evidence
where is lars and the real girl set	Insufficient evidence
when did the old 7 mile bridge close	Insufficient evidence
who plays nate's mom in gossip girl	Insufficient evidence
when was late night woman’s hour created	Insufficient evidence
who defeated the jets on monday night football in 1970	Insufficient evidence
where is the bachelor winter games taking place	Insufficient evidence
who tried to evaluate attitude through the social distance	Insufficient evidence
when did butterfly effect come out travis scott	Insufficient evidence
where was the hunt for the wilderpeople filmed	Insufficient evidence
when was abbey national taken over by santander	Insufficient evidence
the cno cycle dominates in which types of stars	Insufficient evidence
when is season 3 of life in pieces coming out	Insufficient evidence
what is tobias in the amazing world of gumball	Insufficient evidence
who played tooey on leave it to beaver	Insufficient evidence
when was the first photo of earth from space taken	Insufficient evidence
how long do eastern tent caterpillars stay in their cocoons	Insufficient evidence
who is flute in a midsummer night's dream	Insufficient evidence
when is carbohydrate loading recommended to be used	Insufficient evidence
where does the sporophyte of a hornwort develop	Insufficient evidence
who plays richard harrow sister on boardwalk empire	Insufficient evidence
who sang the original groovy kind of love	Insufficient evidence
where was the original amityville horror movie filmed	Insufficient evidence
who wrote jesus keep me near the cross	Insufficient evidence
where did thank you for your service take place	Insufficient evidence
who sang lead vocals on twist and shout	Insufficient evidence
what does coup de gras mean in english	Insufficient evidence
where does the action of royall tyler's play the contrast take place	Insufficient evidence
when did gst come into effect in australia	Insufficient evidence
who is the oldest monarch to be crowned	Insufficient evidence
what is the meaning of coexist bumper sticker	Insufficient evidence
what is the life expectancy of a chesapeake bay retriever	Insufficient evidence
where does arrowhead mountain spring water come from	Insufficient evidence
who founded the national association for nursery education (nane) which later became naeyc	Insufficient evidence
who sings the song i keep holding on	Insufficient evidence
who sang theme song for life of brian	Insufficient evidence
who sings the song don't turn around	Insufficient evidence
who was a free man in paris written about	Insufficient evidence
is nursing a blue collar or white collar job	Insufficient evidence
what is the car in dude where my car	Insufficient evidence
who did ian mercer play in coronation street	Insufficient evidence
when are wheel lock lug nuts commonly used	Insufficient evidence
what is the setting of shadow of the dragon	Insufficient evidence
who sang the song jean from the prime of miss jean brodie	Insufficient evidence
where did the darling family live in peter pan	Insufficient evidence
when did the first ys game come out	Insufficient evidence
who played lead guitar on still of the night	Insufficient evidence
who sings some say i have a drinking problem	Insufficient evidence
who played uncle arthur in the comedy company	Insufficient evidence
what did the gi bill provide for returning veterans	Insufficient evidence
what is the name of the compound lis	Insufficient evidence
why is there a different girl in now you see me 2	Insufficient evidence
what category of instruments do synthesizers fall in	Insufficient evidence
what is the other name of astable multivibrator	Insufficient evidence
how many episodes of black clover is there	Insufficient evidence
how long was the israeli war of independence	Insufficient evidence
where did lucy jones come in the eurovision 2017	Insufficient evidence
where did the cherry blossom trees in washington dc come from	Insufficient evidence
where is mount etna located on a map	Insufficient evidence
what is the bay of fundy known for	Insufficient evidence
rhyme that occurs at the ends of lines in poetry	Insufficient evidence
what do you use to test for lipids	Insufficient evidence
where does the strong side linebacker line up	Insufficient evidence
who won the raw women's championship at extreme rules	Insufficient evidence
when did the nintendo ds lite come out	Insufficient evidence
who discovered the heating effect of electric current	Insufficient evidence
when was the last time the eagles toured	Insufficient evidence
the extinct martian volcano olympus mons is about the size of	Insufficient evidence
who played george foreman in the movie ali	Insufficient evidence
when did lion king come out on broadway	Insufficient evidence
who is playing eric on days of our lives	Insufficient evidence
who does the voice of mcgruff the dog	Insufficient evidence
who has the most assists in college basketball history	Insufficient evidence
who led the successful america's cup campaign in 1995	Insufficient evidence
who was australia's shortest serving prime minister	Insufficient evidence
mountain range in western us home to giant sequoia	Insufficient evidence
how long does it take for titan to orbit saturn	Insufficient evidence
how many episodes in mr robot first season	Insufficient evidence
what type of government does gambia have today	Insufficient evidence
when did witney carson start dancing with the stars	Insufficient evidence
how many siberian tigers are in the wild	Insufficient evidence
where do the north and south platte rivers meet	Insufficient evidence
where does the phrase freedom of speech come from	Insufficient evidence
where did dr crusher go in season 2	Insufficient evidence
when does it rain the most in ireland	Insufficient evidence
what is the position of hindi language in the world	Insufficient evidence
who produced walk it like i talk it	Insufficient evidence
when do you find out why mary alice kill herself	Insufficient evidence
when did queen of the damned come out	Insufficient evidence
who sang heaven is just a sin away	Insufficient evidence
where is the tv show the coroner filmed	Insufficient evidence
what happens to gisele in fast and furious 6	Insufficient evidence
how far is the crease from the wicket	Insufficient evidence
when did child labor start in the philippines	Insufficient evidence
guy who traded a paper clip for a house	Insufficient evidence
who played billy in buffy the vampire slayer	Insufficient evidence
what are the last words of the oldest known copies of the gospel of mark	Insufficient evidence
who puts the dollar sign after the amount	Insufficient evidence
where was the battle of fort ticonderoga located	Insufficient evidence
who played john ross ewing in the original dallas	Insufficient evidence
what is the shape of mandatory traffic signs	Insufficient evidence
who does the anti discrimination act 1977 protected	Insufficient evidence
who owns count's kustoms in las vegas	Insufficient evidence
icici bank was set up in which year	Insufficient evidence
once upon a time season 2 episode 3	Insufficient evidence
article 25-28 of the indian constitution deal with __	Insufficient evidence
when did the newsboy strike of 1899 end	Insufficient evidence
what is the postal code for warri nigeria	Insufficient evidence
who invented candy corn and when was it first created	Insufficient evidence
who wrote i am a woman in love	Insufficient evidence
who sang the theme song to beverly hillbillies	Insufficient evidence
who organized the original creole orchestra in los angeles	Insufficient evidence
where has phoebe gone in home and away	Insufficient evidence
where was the curse of sleeping beauty filmed	Insufficient evidence
where did the orange river get its name	Insufficient evidence
when do we find out big's name	Insufficient evidence
when was the minute hand added to clocks	Insufficient evidence
where was father of the year netflix filmed	Insufficient evidence
when was the last time the mariners went to the world series	Insufficient evidence
when was the first woman admitted to harvard	Insufficient evidence
what names are given to the two main types of particle radiation found on earth	Insufficient evidence
who sang nothing compares to you with prince	Insufficient evidence
when were seats added to the green monster	Insufficient evidence
who played the original nick tilsley in coronation street	Insufficient evidence
who sang call me and i'll be around	Insufficient evidence
who sang i think it so groovy now	Insufficient evidence
when can a point of order be raised	Insufficient evidence
where is the brazilian highlands located on a map	Insufficient evidence
who played in the first monday night nfl game	Insufficient evidence
how many points does it take to win the president cup	Insufficient evidence
where is the short rib located on a cow	Insufficient evidence
what team was case keenum on before the vikings	Insufficient evidence
when did rabbits become a problem in australia	Insufficient evidence
when was the carnival of the animals written	Insufficient evidence
where was the movie the last survivors filmed	Insufficient evidence
who discovered south pass in the oregon country	Insufficient evidence
describe four different aggressive behaviors that should not be used in professional communication	Insufficient evidence
how many core editions are there of windows server 2012	Insufficient evidence
what is the tomatoes name in veggie tales	Insufficient evidence
what is the british army oath of allegiance	Insufficient evidence
who wrote leave a light on for me	Insufficient evidence
who won the first season of last comic standing	Insufficient evidence
how many episodes of the pjs are there	Insufficient evidence
who sings the theme song for dawson's creek season 3	Insufficient evidence
who plays brody on one life to live	Insufficient evidence
actress in weezer video i want you to	Insufficient evidence
who declares when a recession starts and ends	Insufficient evidence
where does the ct river start and end	Insufficient evidence
when did the seattle pilots move to milwaukee	Insufficient evidence
who played bill sikes in the 1968 film oliver	Insufficient evidence
a word where q is not followed by u	Insufficient evidence
who invented the paperclip and in what year	Insufficient evidence
who sang total eclipse of the heart in old school	Insufficient evidence
where did they film places in the heart	Insufficient evidence
who played judy hensler on leave it to beaver	Insufficient evidence
where did cliff richard come in the eurovision	Insufficient evidence
who played the twins on i love lucy	Insufficient evidence
where was the movie six days seven nights filmed	Insufficient evidence
what kind of fish did arthur treacher's use	Insufficient evidence
where is the rose garden at the white house	Insufficient evidence
when does the new la liga season start	Insufficient evidence
what is the theme of the song daylight by maroon 5	Insufficient evidence
the cost of poor quality also referred to by the acronym copq refers to the	Insufficient evidence
what key is mirrors by justin timberlake in	Insufficient evidence
when was oil first discovered in the north sea	Insufficient evidence
where did jackie bradley jr go to high school	Insufficient evidence
18. what was a lasting effect of the korean war	Insufficient evidence
when did the battle of the boyne start	Insufficient evidence
the outermost layer of the kidney is called the	Insufficient evidence
where does live free or die come from	Insufficient evidence
who plays eustace in courage the cowardly dog	Insufficient evidence
what is the present name of hindu collage	Insufficient evidence
who made patliputra the first capital of magadh	Insufficient evidence
what do the names on the eiffel tower represent	Insufficient evidence
when did the nba start using breakaway rims	Insufficient evidence
olap (online analytical processing) tools enable users to	Insufficient evidence
where was the movie den of thieves filmed at	Insufficient evidence
who sang the things we do for love	Insufficient evidence
the price of a cheese pizza and large soda at panucci's pizza	Insufficient evidence
when was keep your lamps trimmed and burning written	Insufficient evidence
when was the first us aircraft carrier built	Insufficient evidence
who is playing in the national league championship	Insufficient evidence
who played the role of shahid khan in gangs of wasseypur	Insufficient evidence
powder actuated tools are similar in operation to which other device	Insufficient evidence
who sang long legged woman dressed in black	Insufficient evidence
when was the great temple of tenochtitlan built	Insufficient evidence
who died in real life in harry potter	Insufficient evidence
when did congress meet for the first time	Insufficient evidence
who is the original singer of in christ alone	Insufficient evidence
when did the ford plant in norfolk close	Insufficient evidence
who plays canes mother on the young and the restless	Insufficient evidence
who did the vikings play in their first playoff game	Insufficient evidence
who played betty in some mothers do have them	Insufficient evidence
who played rat boy on sons of anarchy	Insufficient evidence
what type of business is the body shop	Insufficient evidence
what does senior airman mean in the air force	Insufficient evidence
where does the term stiff upper lip come from	Insufficient evidence
where is jt barrett playing in the nfl	Insufficient evidence
how many cards do you deal in canasta	Insufficient evidence
when did mcdonalds start baking their apple pies	Insufficient evidence
who sang the original i can love you like that	Insufficient evidence
who sang what do i have to do to make you love me	Insufficient evidence
when did shawn johnson win dancing with the stars	Insufficient evidence
who has won the nobel peace prize twice	Insufficient evidence
who played the female lead in the film pushpak	Insufficient evidence
where was the movie pet sematary 2 filmed	Insufficient evidence
who sings the song you got to keep your head up	Insufficient evidence
when was susan barlow killed in coronation street	Insufficient evidence
when did the $50 note come out in australia	Insufficient evidence
where did my ding a ling come from	Insufficient evidence
where did the bristol stool chart come from	Insufficient evidence
what does aunt em feed the farm hands	Insufficient evidence
who plays jennifer lopez's daughter on shades of blue	Insufficient evidence
when did germany become part of the un	Insufficient evidence
what channel is the foxhole on sirius xm	Insufficient evidence
whats the difference between powerball and powerball plus	Insufficient evidence
what's wrong with elise in mr nobody	Insufficient evidence
who sang i was born in saginaw michigan	Insufficient evidence
where was the first american eagle store located	Insufficient evidence
who sang lead on 25 or 6 to 4	Insufficient evidence
when did west brom join the premier league	Insufficient evidence
who played floyd talbert in band of brothers	Insufficient evidence
where did jim thome go to high school	Insufficient evidence
who sings the song blame it on me	Insufficient evidence
who played the doctor on little house on the prairie	Insufficient evidence
the english east india company acquired the dewani of bengal bihar and orissa by	Insufficient evidence
who goes first after a go in cribbage	Insufficient evidence
who qualified in group h fifa world cup	Insufficient evidence
when did eminem's new album come out	Insufficient evidence
who does raven symone play in the little rascals	Insufficient evidence
where did alex karev go to medical school	Insufficient evidence
what part of the ship is the hull	Insufficient evidence
why australia has animals not found anywhere else	Insufficient evidence
where does the last name montenegro come from	Insufficient evidence
who started the slogan of right to work in france	Insufficient evidence
who wrote we were soldiers once and young	Insufficient evidence
who sang sister mary robert in sister act	Insufficient evidence
who sings in the middle of a memory	Insufficient evidence
when did every child matters come into place	Insufficient evidence
who sings the cw dare to defy song	Insufficient evidence
who does the voice of sanjay and craig	Insufficient evidence
when was the old testament translated into greek	Insufficient evidence
who won the abu dhabi grand prix 2017	Insufficient evidence
the name of the first ever vax that was sold in the uk	Insufficient evidence
what episode do dean and sam meet castiel	Insufficient evidence
when is the bobsledding event in the winter olympics	Insufficient evidence
who is a pilot and what does he do	Insufficient evidence
where was the movie devil's pass filmed	Insufficient evidence
who sings the song a penny for your thoughts	Insufficient evidence
what time period is rock of ages set in	Insufficient evidence
when was the kashmir issue presented in united nation	Insufficient evidence
michael buble it's a beautiful day actress	Insufficient evidence
who sings the blue bell ice cream song	Insufficient evidence
who invented the coat of arms of trinidad and tobago	Insufficient evidence
what's the largest dam in the united states	Insufficient evidence
who built the great mound near anderson indiana	Insufficient evidence
what does the simple service discovery protocol (ssdp) do	Insufficient evidence
who sings we all die young steel dragon	Insufficient evidence
when did the us start putting ethanol in gasoline	Insufficient evidence
who wrote i'll never find another you	Insufficient evidence
when did dark shadows start airing in color	Insufficient evidence
who sings did i shave my legs for this	Insufficient evidence
when did the samsung gear s come out	Insufficient evidence
where is the path train on 33rd street	Insufficient evidence
who is the actor who plays jj on speechless	Insufficient evidence
when did birth control become legal in ireland	Insufficient evidence
who played sugar cane in beach blanket bingo	Insufficient evidence
when are the six nations 2018 fixtures announced	Insufficient evidence
where did nelson agholor go to high school	Insufficient evidence
what was the strongest hurricane to hit long island	Insufficient evidence
france’s june days were a huge defeat for which revolutionary group	Insufficient evidence
what happens to hermann at the end of the story	Insufficient evidence
who plays alex on the tv show wings	Insufficient evidence
who sang the theme song for love boat	Insufficient evidence
where was the movie fundamentals of caring filmed	Insufficient evidence
how many episodes will tada never falls in love have	Insufficient evidence
what is the song state of love and trust about	Insufficient evidence
who won the most medals in 2008 olympics	Insufficient evidence
who sings peep and the big wide world theme song	Insufficient evidence
where is the medial meniscus located in the knee	Insufficient evidence
according to the nursery rhyme in what was little poll parrot sat whilst eating toast and tea	Insufficient evidence
how many locks in the caen hill flight	Insufficient evidence
who is on the australian $10 note	Insufficient evidence
goods that can be delivered over a digital network are called	Insufficient evidence
where did argentina come in the 2002 world cup	Insufficient evidence
movies about bringing the dead back to life	Insufficient evidence
how long does it take potassium cyanide to kill you	Insufficient evidence
when did don bradman plays his last test match	Insufficient evidence
what are the characteristics of the age of oil	Insufficient evidence
who is the captain twice upon a time	Insufficient evidence
who was ollie married to in holby city	Insufficient evidence
when did brooklyn and bailey start their youtube channel	Insufficient evidence
who plays fairy godmother in once upon a time	Insufficient evidence
who invented the order of letters on a keyboard	Insufficient evidence
when did the welfare state began in britain	Insufficient evidence
what is the name of an australian wasp	Insufficient evidence
who sings it called christmas with a capital c	Insufficient evidence
who wrote the gospel song celebrate me home	Insufficient evidence
when did the motorola e4 plus come out	Insufficient evidence
when was national development council established in india	Insufficient evidence
what do the opposite sides of a dice add up to	Insufficient evidence
who plays sister bernadette on call the midwife	Insufficient evidence
where does dopamine come from in the brain	Insufficient evidence
who plays nanny plum in ben and holly's little kingdom	Insufficient evidence
where is bone marrow most commonly aspirated for diagnosis	Insufficient evidence
who wrote on the way to cape may	Insufficient evidence
when was the university of south carolina founded	Insufficient evidence
who sang honey won't you open that door	Insufficient evidence
when does dale die on the walking dead	Insufficient evidence
where does a sydney funnel web spider live	Insufficient evidence
where is possum kingdom lake located in texas	Insufficient evidence
who is the actress that plays baker on blue bloods	Insufficient evidence
when was the first case of schizophrenia discovered	Insufficient evidence
what does going to see the elephant mean	Insufficient evidence
who wrote the book playing it my way	Insufficient evidence
who won the last college football national championship	Insufficient evidence
name of the song in scent of a woman tango	Insufficient evidence
what does sodium pentothal do to the body	Insufficient evidence
who sang the song when we were young	Insufficient evidence
where was a very merry daughter of the bride filmed	Insufficient evidence
where does the sand come from on waikiki beach	Insufficient evidence
who would take on the role of the director during the renaissance and through the 19th century	Insufficient evidence
when did the tiny and hungry caterpillar pop out of the egg	Insufficient evidence
who plays deacon on the king of queens	Insufficient evidence
where was the first heart transplant performed in the united states	Insufficient evidence
who sings its to late to turn back now	Insufficient evidence
what role does finn wolfhard play in it	Insufficient evidence
who began the modern academic study of religion in the nineteenth century	Insufficient evidence
how did the toronto marlies get their name	Insufficient evidence
where does the last name nixon come from	Insufficient evidence
who is the voice of the pak n save ads	Insufficient evidence
when is children's day celebrated in nigeria	Insufficient evidence
who reveals penelope's ruse to the suitors	Insufficient evidence
what condition results in a patient being aware but unable to move	Insufficient evidence
in what present day states were the spanish missions located	Insufficient evidence
when did town lake became lady bird lake	Insufficient evidence
who is the new thomas forrester on bold and the beautiful	Insufficient evidence
where does a spider monkey live in the rainforest	Insufficient evidence
what is the meaning of the name nasreen	Insufficient evidence
when were child benefits introduced in the uk	Insufficient evidence
where did the last name nettles come from	Insufficient evidence
who sang the theme song to fireball xl5	Insufficient evidence
who established the criteria for identifying which specific organism caused a specific disease	Insufficient evidence
who founded india house in london and guided other revolutionaries	Insufficient evidence
yesterday once more (2016 film) cast	Insufficient evidence
where did pluvial lakes form during the last ice age	Insufficient evidence
who is the singer of waiting for love	Insufficient evidence
the first two characters in isin code for a security represents	Insufficient evidence
what event most affected the passage of the national environmental protection act of 1969	Insufficient evidence
when did the mamba open at worlds of fun	Insufficient evidence
when did donkey kong country returns come out	Insufficient evidence
from whom did the trobriand islanders' learn to play cricket	Insufficient evidence
what is the current version of symantec endpoint protection	Insufficient evidence
when does contraband start in lake charles la	Insufficient evidence
why did dr carter need a kidney transplant	Insufficient evidence
who played cadet alex stone in major payne	Insufficient evidence
who plays mr sweeney in one foot in the grave	Insufficient evidence
who laughs at the beginning of hungry like the wolf	Insufficient evidence
who plays chad on sonny with a chance	Insufficient evidence
when is the next season of lovesick coming out	Insufficient evidence
who sings i wanna wake up with you	Insufficient evidence
who introduced the earliest belief that life was spontaneously generated from nonliving matter	Insufficient evidence
how does de beauvoir characterize human freedom in the ethics of ambiguity	Insufficient evidence
when does the mls all star game start	Insufficient evidence
record amount of aces in a tennis match	Insufficient evidence
who wrote but you know i love you	Insufficient evidence
what is the last episode of battlestar galactica	Insufficient evidence
who sings when the walls come tumbling down	Insufficient evidence
where are the top secret drum corps from	Insufficient evidence
who's on the 20 dollar note australia	Insufficient evidence
who wrote the song the stories we could tell	Insufficient evidence
who played audra barkley in the big valley	Insufficient evidence
what happened to the american embassy in saigon	Insufficient evidence
when did the first woman shave her legs	Insufficient evidence
who sings the song i belong to you	Insufficient evidence
during the 1920 what was the goal of the united states tariffs	Insufficient evidence
who is i need money from how high	Insufficient evidence
where is puerto plata dominican republic on a map	Insufficient evidence
who plays the president in house of cards	Insufficient evidence
what type of photography did edward weston do	Insufficient evidence
who is the mother of enoch in the bible	Insufficient evidence
who is the winner of india's raw star	Insufficient evidence
when did they stop making the colt python	Insufficient evidence
ashley williams on how i met your mother	Insufficient evidence
what is at the top of the portland tram	Insufficient evidence
when was marlena possessed on days of our lives	Insufficient evidence
what are the ages for pony league baseball	Insufficient evidence
who wrote the song long line of love	Insufficient evidence
when did notre dame go to artificial turf	Insufficient evidence
where does pulled pork come from on the pig	Insufficient evidence
who won the most money on the game show jeopardy	Insufficient evidence
who smokes the hookah in alice in wonderland	Insufficient evidence
when did the first contact lenses come out	Insufficient evidence
what type of path do planets follow around the sun	Insufficient evidence
who paid for the new forth road bridge	Insufficient evidence
where does here comes the bride come from	Insufficient evidence
when did york became the capital of upper canada	Insufficient evidence
when was the first horrible histories book published	Insufficient evidence
where was the movie molly's game filmed	Insufficient evidence
when does the women's college basketball season start	Insufficient evidence
what is the purpose of a form i-9	Insufficient evidence
when was from little things big things grow written	Insufficient evidence
who killed madame defarge in a tale of two cities	Insufficient evidence
where do materials that decay or decompose come from	Insufficient evidence
who sang don't do me like that	Insufficient evidence
who invent the first stock tricker in 1867	Insufficient evidence
when was hallelujah by panic at the disco released	Insufficient evidence
when did the government of india appoint the sarkaria commission	Insufficient evidence
where does bay to breakers start and end	Insufficient evidence
when did a bronx tale open on broadway	Insufficient evidence
who played johnny sacks wife on the sopranos	Insufficient evidence
when did consuela first appear on family guy	Insufficient evidence
where is sarah off the grid house located	Insufficient evidence
when did french become official language of canada	Insufficient evidence
who is described as the father of surgery	Insufficient evidence
de novo synthesis of fatty acids occurs in	Insufficient evidence
what is the meaning of the name brendan	Insufficient evidence
which country won the sultan azlan shah hockey tournament	Insufficient evidence
where did the movie the impossible take place	Insufficient evidence
who wrote the song if i ruled the world	Insufficient evidence
when did factory farming start in the us	Insufficient evidence
when does the door in the wall take place	Insufficient evidence
effect of cascading double tuned amplifier on bandwidth	Insufficient evidence
who is the host of world of damce	Insufficient evidence
who wrote the lyrics to i'll name the dogs	Insufficient evidence
when did the us send advisors to vietnam	Insufficient evidence
where is the show claws based out of	Insufficient evidence
who was jay z talking about in song cry	Insufficient evidence
what film is the song my guy in	Insufficient evidence
who wrote give it away by george strait	Insufficient evidence
when does fundal height correlate with gestational age	Insufficient evidence
where does the dedication page go in a book	Insufficient evidence
where did the idea of limited government first appear	Insufficient evidence
who sings give me something to believe in	Insufficient evidence
what kind of offense does the patriots run	Insufficient evidence
where was born on the fourth of july filmed	Insufficient evidence
who sings let's fall to pieces together	Insufficient evidence
when did the canon eos rebel t6 come out	Insufficient evidence
when did the nhl start wearing dark jerseys at home	Insufficient evidence
sun's halo is produced by the refraction of light in	Insufficient evidence
where are world cup 2018 soccer balls made	Insufficient evidence
white flag with red border and blue star in middle	Insufficient evidence
where does the last name jara come from	Insufficient evidence
where did badminton originate from an old and similar game select one	Insufficient evidence
who did charlotte hornets trade kobe bryant for	Insufficient evidence
what is the definition of a sex offender	Insufficient evidence
where is the valuable oil called spermaceti located on a sperm whale	Insufficient evidence
who wrote you can't blame a girl for trying	Insufficient evidence
who plays ron's mom in parks and recreation	Insufficient evidence
who was the first baseball player to have their number retired	Insufficient evidence
who sang i'll still be loving you	Insufficient evidence
when was fluoride added to water in the us	Insufficient evidence
who played alf garnett's son in law	Insufficient evidence
when did long service leave start in australia	Insufficient evidence
what was the cause of the nigerian civil war	Insufficient evidence
who was the first navy chief to be awarded the medal of honor	Insufficient evidence
who is the onion knight in game of thrones	Insufficient evidence
where was the movie river's edge filmed	Insufficient evidence
who played jack in lord of the flies 1990	Insufficient evidence
who said there stands jackson like a stonewall	Insufficient evidence
who did bradley whitfird play in the post	Insufficient evidence
what movie was the song silent running in	Insufficient evidence
who is the model in duran duran rio	Insufficient evidence
who sings in the beginning of centuries by fall out boy	Insufficient evidence
what is the most 3 pointers made in a ncaa game	Insufficient evidence
when was la casa de bernarda alba written	Insufficient evidence
where is mt isa in australia on the map	Insufficient evidence
who has the most career pga tour wins	Insufficient evidence
what is the ribbon colour of vir chakra	Insufficient evidence
who made a sewing machine that became a bestseller	Insufficient evidence
when did new zealand change from miles to kilometres	Insufficient evidence
who plays larry on that's so raven	Insufficient evidence
who wrote i can't smile without you	Insufficient evidence
how many years is a doctorate degree in business administration	Insufficient evidence
chemical processes controlling the carbon flux between the ocean surface and the atmosphere	Insufficient evidence
who sings the x force song at the end of deadpool 2	Insufficient evidence
in which queensland town is the bally hooley rail tour	Insufficient evidence
where did bubba watson go to high school	Insufficient evidence
when was high hopes released panic at the disco	Insufficient evidence
who is the actor in canadian tire commercials	Insufficient evidence
who plays as lizzie in the walking dead	Insufficient evidence
what was the egyptian guide to the afterlife called	Insufficient evidence
who sang you don't know what it's like	Insufficient evidence
name for misty fog rolling in from ocean	Insufficient evidence
when did the red wings move to joe louis arena	Insufficient evidence
what three factors make up american political culture	Insufficient evidence
who sang you won't get me i'm part of the union	Insufficient evidence
who sang with paula abdul in opposites attract	Insufficient evidence
who sings rock my world little country girl	Insufficient evidence
what episode of glee does kitty join glee club	Insufficient evidence
where is the rodeo held in las vegas	Insufficient evidence
where was the first north american indigenous games held	Insufficient evidence
when did jenny from the block come out	Insufficient evidence
when did ivan the gorilla leave the b i	Insufficient evidence
when does the third season of love come out	Insufficient evidence
who sang the theme song in the movie alfie	Insufficient evidence
where does the movie air bud take place	Insufficient evidence
university of north dakota school of law ranking	Insufficient evidence
meaning of the name ishmael in the bible	Insufficient evidence
who became a spokesperson against the war in vietnam	Insufficient evidence
what is the meaning of the song games without frontiers	Insufficient evidence
what is the role of the health and safety authority	Insufficient evidence
who plays monica's friend will on friends	Insufficient evidence
which is the india's first news paper	Insufficient evidence
who does the voice of james in pokemon	Insufficient evidence
when does the town moor come to newcastle	Insufficient evidence
who sang the theme song to bat masterson	Insufficient evidence
what airline was the first to offer in-flight movies to their 1st class passengers	Insufficient evidence
how many rooms in the royal york hotel	Insufficient evidence
who wrote if you've got the money	Insufficient evidence
who plays claire on the big bang theory	Insufficient evidence
which part of the mcs produces the bow echo on radar	Insufficient evidence
when was the last time the volcano on hawaii erupted	Insufficient evidence
meaning of you ain't going nowhere lyrics	Insufficient evidence
who is on top of the atlanta capitol building	Insufficient evidence
when did the first cake mix come out	Insufficient evidence
when did the samsung galaxy 5 come out	Insufficient evidence
who sang it's good to be back	Insufficient evidence
when did the lead singer of inxs die	Insufficient evidence
what is the purpose of embalming a dead body	Insufficient evidence
what denomination is elevation church in charlotte nc	Insufficient evidence
what song did bbd sing on fresh prince	Insufficient evidence
who plays the captain in sound of music	Insufficient evidence
where was the movie a shine of rainbows filmed	Insufficient evidence
who is the actress that plays hillary on the young and the restless	Insufficient evidence
when did the deep blue sea 2 come out	Insufficient evidence
who was the first soldier killed in vietnam	Insufficient evidence
when did the first primates appear on earth	Insufficient evidence
where is the proposed pebble mine in alaska	Insufficient evidence
who does joshua rush play on the lion guard	Insufficient evidence
who did debbie allen play on a different world	Insufficient evidence
where was dancing in the dark video filmed	Insufficient evidence
who played jack parkman in major league 2	Insufficient evidence
who appoints the members of state human rights commission in india	Insufficient evidence
who has the most sheep in the world	Insufficient evidence
what is the type of government in guam	Insufficient evidence
when was kolhapur state merged into bombay province	Insufficient evidence
who wrote the song i'm so glad	Insufficient evidence
what does a sfc do in the army	Insufficient evidence
how many religions are in the world today	Insufficient evidence
who played the father on what's happening	Insufficient evidence
who played joy's mother on hot in cleveland	Insufficient evidence
when does season 3 of wakfu come out	Insufficient evidence
who voices masha in masha and the bear	Insufficient evidence
when did toot it and boot it come out	Insufficient evidence
who owns the horseshoe casino in las vegas	Insufficient evidence
where was the spiral jetty created before it disappeared due to erosion	Insufficient evidence
which constitutional power of congress was used to establish the individual mandate under obamacare	Insufficient evidence
when did the soviet union declared war on japan and invade manchuria	Insufficient evidence
who is the deputy speaker of lagos state house of assembly	Insufficient evidence
when did the last lyons corner house close	Insufficient evidence
what is the meaning of joie de vivre	Insufficient evidence
who played cassandra's mum in only fools and horses	Insufficient evidence
when does kiss me first start on channel 4	Insufficient evidence
who sang it's so hard to say goodbye to yesterday	Insufficient evidence
who wrote the song are the good times really over for good	Insufficient evidence
who plays princess jasmine on once upon a time	Insufficient evidence
when did they start building the london underground	Insufficient evidence
who does the voice of cow and chicken	Insufficient evidence
when was the last time mount konocti erupted	Insufficient evidence
who are covered by the labor code of the philippines	Insufficient evidence
what was the larger effect of the deaths of the civil rights workers in mississippi	Insufficient evidence
who sings with lionel richie on love will conquer all	Insufficient evidence
who sings the song ask me how i know	Insufficient evidence
who founded the royal academy of music answers.com	Insufficient evidence
who owns the stanley theater in new jersey	Insufficient evidence
who is the actress that plays debbie gallagher	Insufficient evidence
what do you mean by the term dewani	Insufficient evidence
who sang i'll leave the light on	Insufficient evidence
how old is ian from shameless season 1	Insufficient evidence
how many copies did back in black sell	Insufficient evidence
who was the piano player in battlestar galactica	Insufficient evidence
india won the 2017 women's asia cup hokey by defeating	Insufficient evidence
what is the tallest building in richmond virginia	Insufficient evidence
when is the predetermined manufacturing overhead rate computed	Insufficient evidence
when was the model parliament first called to meet	Insufficient evidence
the babys everytime i think of you backup singer	Insufficient evidence
what episode of house does wilson get cancer	Insufficient evidence
what was the name of mozart's first symphony	Insufficient evidence
which character was originally left out of flintstones vitamins	Insufficient evidence
who plays james nava in shades of blue	Insufficient evidence
who wrote the song love is like oxygen	Insufficient evidence
who wrote the song lord i hope this day is good	Insufficient evidence
where did will muschamp go to high school	Insufficient evidence
who played the first concert at red rocks	Insufficient evidence
who sang if i could see the rhondda one more time	Insufficient evidence
when did the movie 8 seconds come out	Insufficient evidence
british colonial rule in west africa started in the year	Insufficient evidence
when does the twisted cyclone open at six flags over georgia	Insufficient evidence
who mapped the coastline of texas in 1519	Insufficient evidence
what is the biggest recorded earthquake in history	Insufficient evidence
the meaning of three dots in a triangle	Insufficient evidence
who does ben have a baby with in eastenders	Insufficient evidence
when did mccrory's go out of business	Insufficient evidence
who is considered the founder of the theory of evolution	Insufficient evidence
who sings the theme song for freaks and geeks	Insufficient evidence
when is season 3 of bizaardvark coming out	Insufficient evidence
who hosted the 5th dead or alive tournament	Insufficient evidence
what was the edict of nantes issued in an effort to do	Insufficient evidence
when did cool ranch doritos tacos come out	Insufficient evidence
when was 10 rupee coin introduced in india	Insufficient evidence
what movie is the song falling slowly in	Insufficient evidence
when did red marauder win the grand national	Insufficient evidence
who wrote margie at the lincoln park inn	Insufficient evidence
who plays sonny kiriakis on days of our lives	Insufficient evidence
where is serendipity located in new york city	Insufficient evidence
who illustrated the original winnie the pooh books	Insufficient evidence
what is the ace star model of knowledge transformation	Insufficient evidence
who wrote my baby thinks he's a train	Insufficient evidence
when did the largest swarm of earthquakes at long valley take place	Insufficient evidence
who sang it's so funny how we don't talk anymore	Insufficient evidence
what was the celebration dedicated to athena called	Insufficient evidence
where was the first harvey's restaurant located	Insufficient evidence
how many medals did france win in 2014	Insufficient evidence
what nerve structure is just lateral to the bodies of the thoracic vertebrae	Insufficient evidence
where did the phrase file 13 come from	Insufficient evidence
which one was the last formed district of haryana	Insufficient evidence
who won the women's super g 2018 olympics	Insufficient evidence
family guy episode where peter gets a vasectomy	Insufficient evidence
who holds the record for rushing yards in a season college	Insufficient evidence
where is the witches market in la paz	Insufficient evidence
who is on the queen is dead cover	Insufficient evidence
who is the father of the air force	Insufficient evidence
who is devon's father on young and the restless	Insufficient evidence
who won season 22 of the amazing race	Insufficient evidence
when does a presidential ordinance cease to operate	Insufficient evidence
who has won the 2017 asian snooker championship	Insufficient evidence
who takes the iowa test of basic skills	Insufficient evidence
what kind of bats do they use in college baseball	Insufficient evidence
who must approve the budget created by washington dc city council	Insufficient evidence
what movie has the song the candyman can	Insufficient evidence
what kind of squash is round and white	Insufficient evidence
when did australian troops fight in new britain	Insufficient evidence
who holds the mlb record for most hbp	Insufficient evidence
where is the eastern caribbean central bank located	Insufficient evidence
when was sing something simple on the radio	Insufficient evidence
what type of radiation leaves earth as outgoing waves	Insufficient evidence
what is the name of the jewish celebrations	Insufficient evidence
where did they film once upon a time in mexico	Insufficient evidence
where is taronga's western plains zoo located	Insufficient evidence
where does the last name esquivel come from	Insufficient evidence
where does giant hogweed grow in the us	Insufficient evidence
who wrote funkier than a mosquito's tweeter	Insufficient evidence
how long does it take to film a season of planet earth	Insufficient evidence
where can you not carry a concealed weapon in south carolina	Insufficient evidence
who plays fat rhonda on that 70s show	Insufficient evidence
when does the fetus begin to develop memory	Insufficient evidence
when did facebook go public (start selling stock)	Insufficient evidence
when did red solo cups start being made	Insufficient evidence
who led the first overland expedition to san diego	Insufficient evidence
who did wes ramsey play on guiding light	Insufficient evidence
what was the first coin minted in the united states	Insufficient evidence
who is credited with coining the term sociobiology	Insufficient evidence
what kind of drug is vyvanse classified as	Insufficient evidence
who won the ladies roar of the rings	Insufficient evidence
where was the child and the fox filmed	Insufficient evidence
highest gold medal for india in commonwealth games	Insufficient evidence
where did the neuse river get its name	Insufficient evidence
who sang the song here comes the judge	Insufficient evidence
who sang don't say you don't remember	Insufficient evidence
who helped to found the royal australian historical society	Insufficient evidence
who votes for nba executive of the year	Insufficient evidence
when did realm of the mad god come out	Insufficient evidence
who sings cleveland rocks on the drew carey show	Insufficient evidence
who commanded the south sea exploring expedition from 1838 to 1842	Insufficient evidence
what is brandon's last name in dork diaries	Insufficient evidence
according to the zeeman effect the splitting of a sunspot's spectral lines is due to	Insufficient evidence
tales from the borderlands a telltale game series	Insufficient evidence
what is the marriage group in canterbury tales	Insufficient evidence
who sings if there's any justice in the world	Insufficient evidence
who has won rte sports person of the year five times	Insufficient evidence
who had founded free india centres in rome and paris	Insufficient evidence
where was the tv version of the shining filmed	Insufficient evidence
the chapters (suras) of the qur'an are arranged roughly in order of	Insufficient evidence
where did they film the movie cabin fever	Insufficient evidence
what was the supreme court ruling in engel v vitale	Insufficient evidence
which plateau lies to the west of sulaiman range	Insufficient evidence
when did allis chalmers go out of business	Insufficient evidence
when did text messaging start in the uk	Insufficient evidence
when does the buyer take title when property is financed under a land sale contract	Insufficient evidence
what is dont rain on my parade from	Insufficient evidence
where does the time change on i 65	Insufficient evidence
when did the mudslide happen in sierra leone	Insufficient evidence
who sings all i can think about is getting you home	Insufficient evidence
who is the issuing authority for nigerian passport	Insufficient evidence
who provides the funds for a loan guaranteed by the veterans' administration	Insufficient evidence
when did the samsung galaxy s7 edge come out	Insufficient evidence
when was the monarchy abolished and france declared a republic	Insufficient evidence
when did the bribery act come into force	Insufficient evidence
who sings it don't matter to me	Insufficient evidence
who believed the body was controlled by the heart	Insufficient evidence
who sits in the front row at the white house press briefing	Insufficient evidence
who sings i think i'll just stay here and drink	Insufficient evidence
who wrote have i told you that i love you	Insufficient evidence
who was the original singer of i swear	Insufficient evidence
who does mark hamill voice in regular show	Insufficient evidence
who has become the first indian to win an individual medal at the gymnastics world cup	Insufficient evidence
what do you call a samurai without master	Insufficient evidence
who painted the trees in the oma valley of biscay spain	Insufficient evidence
who played the wild boy in mad max 2	Insufficient evidence
where are the world swimming championships being held	Insufficient evidence
where was the legend of the lost filmed	Insufficient evidence
who was the voice of hr puff n stuff	Insufficient evidence
when was the first cadbury chocolate bar made	Insufficient evidence
what form of government is used in norway	Insufficient evidence
who sings even the man in the moon is crying	Insufficient evidence
where did the convention of 1833 take place	Insufficient evidence
who is the caddy in the greatest game ever played	Insufficient evidence
who did butler beat in the final four	Insufficient evidence
what channel is the highway on sirius xm	Insufficient evidence
who did boots grow up with in the orphanage	Insufficient evidence
when was the united federation of planets founded	Insufficient evidence
who wrote in the morning of my life	Insufficient evidence
how is bobby related to sam and dean	Insufficient evidence
meaning of the song beautiful day by u2	Insufficient evidence
when was the department of social development established	Insufficient evidence
when did the battle of st george's caye occur	Insufficient evidence
what was the original meaning of the term universitas	Insufficient evidence
when was lodge of the four seasons built	Insufficient evidence
what songs are in 2002 song anne marie	Insufficient evidence
who played alotta fagina in austin powers movie	Insufficient evidence
sharks rays and skates belong to what group	Insufficient evidence
who does zoey deutch play in set it up	Insufficient evidence
who won the darts in auckland new zealand	Insufficient evidence
where is the world war 1 memorial located	Insufficient evidence
when did us the duo audition for agt	Insufficient evidence
who plays the little boy in maid in manhattan	Insufficient evidence
who was the killer in the movie snowman	Insufficient evidence
when was chlorine first added to drinking water in the uk	Insufficient evidence
where is the prostate located on a woman	Insufficient evidence
how much is a piece of eight worth	Insufficient evidence
who wrote 13 books of the new testament	Insufficient evidence
who has been struck by lightning the most	Insufficient evidence
who wrote whitney houston how will i know	Insufficient evidence
who is the girl cop in super troopers	Insufficient evidence
who coined the term protoplasm for the fluid substance of the cell	Insufficient evidence
what song is virus alert a parody of	Insufficient evidence
why did turkey build a dam on the euphrates river	Insufficient evidence
who plays california's son in the office	Insufficient evidence
who is the girl in one call away	Insufficient evidence
where does the peace river start in florida	Insufficient evidence
when was the prudential building in chicago built	Insufficient evidence
when did iowa state college become iowa state university	Insufficient evidence
when is kong meng san phor kark see monastery founded	Insufficient evidence
when was the fax machine invented and by whom	Insufficient evidence
what is the highest jackpot won on pointless	Insufficient evidence
last italian driver to win a grand prix	Insufficient evidence
what time was it when the first plane hit the twin towers	Insufficient evidence
when did the first rocket go into space	Insufficient evidence
when was the canon eos rebel t6i released	Insufficient evidence
where are the oldest rocks in north america	Insufficient evidence
i can be your hero baby original singer	Insufficient evidence
who does the voice of mort on family guy	Insufficient evidence
who did the song once bitten twice shy	Insufficient evidence
where did 4th impact come in the x factor	Insufficient evidence
what is the meaning of listen by beyonce	Insufficient evidence
what event began the second front in world war ii	Insufficient evidence
what is the girl ducks name in ducktales	Insufficient evidence
which instrument is used to measure the speed of light	Insufficient evidence
when does disney's freaky friday come out	Insufficient evidence
who is the guy in the don't leave music video	Insufficient evidence
who plays brian in the office season 9	Insufficient evidence
1 kilobyte is equal to how many bytes	Insufficient evidence
1 marla is equal to how many yard	Insufficient evidence
why did number the stars win the newbery medal	Insufficient evidence
what is the origin of the name basil	Insufficient evidence
who discovered penicillin and how did he make the discovery	Insufficient evidence
how many colleges are in the state of maryland	Insufficient evidence
who makes the kentucky derby garland of roses	Insufficient evidence
the cincinnati red stockings first loss was to which baseball club	Insufficient evidence
where does a hamster live in the wild	Insufficient evidence
who has the most hat tricks in cricket	Insufficient evidence
when was the united church of zambia formed	Insufficient evidence
where did the portuguese establish brazilian sugar plantations	Insufficient evidence
when did christianity come to the british isles	Insufficient evidence
who plays coby in packed to the rafters	Insufficient evidence
in billings original version chester was written for	Insufficient evidence
when did the norfolk broads become a national park	Insufficient evidence
when did dental floss come on the market	Insufficient evidence
which emperor started the second persian invasion of greece	Insufficient evidence
who sings i'm begging you for mercy	Insufficient evidence
when do the presidents run at nationals park	Insufficient evidence
when did the blues last win super rugby	Insufficient evidence
where do canadian seagulls go in the winter	Insufficient evidence
difference between 0 and o on serial number	Insufficient evidence
when did iced coffee become popular in the us	Insufficient evidence
where do we see the coat of arms	Insufficient evidence
who played mr green jeans on captain kangaroo	Insufficient evidence
who was the song night shift dedicated to	Insufficient evidence
where was the movie wish you well filmed	Insufficient evidence
when does season 2 of between come out on netflix	Insufficient evidence
how long can i live in india with oci	Insufficient evidence
where was the film conflict of wings filmed	Insufficient evidence
what is the meaning of the name paige	Insufficient evidence
where is the nerve located in a tooth	Insufficient evidence
who was involved in the moral reform movement	Insufficient evidence
when did the king kong ride burn down	Insufficient evidence
who built the temple of amun at karnak	Insufficient evidence
when was the idaho state capitol building built	Insufficient evidence
who plays shannon on how i met your mother	Insufficient evidence
what did the marshall islanders use stick charts for until the 1950s	Insufficient evidence
when did the anti smacking law came in	Insufficient evidence
where was the movie cahill us marshal filmed	Insufficient evidence
what did the reciprocal trade agreements act of 1934 give the president the power to do	Insufficient evidence
who did the astros trade for brandon backe	Insufficient evidence
when did lollipop by lil wayne come out	Insufficient evidence
where do the detroit tigers have spring training	Insufficient evidence
who sings the song i am a warrior	Insufficient evidence
how many helicopters did the soviets lose in afghanistan	Insufficient evidence
the first experimental laboratory in psychology in the united states was founded by	Insufficient evidence
in which date the sangeet natak academy recognised satriya nritya	Insufficient evidence
what mental disorder does sybil's mother have	Insufficient evidence
most fluid in the body is found where	Insufficient evidence
how are lacrimal secretions drain from the surface of the eyeball	Insufficient evidence
what is civil peace by chinua achebe about	Insufficient evidence
when was the women's boat race first televised	Insufficient evidence
who was the last pow released from vietnam	Insufficient evidence
when did the puerto rican day parade start	Insufficient evidence
where do partial seizures originate in the brain	Insufficient evidence
who was the guy that shot himself on tv	Insufficient evidence
who won tag team championship at wrestlemania 34	Insufficient evidence
who is natalie on orange is the new black	Insufficient evidence
an example of monocot showing secondary growth in stem is	Insufficient evidence
when was landscape with the fall of icarus written	Insufficient evidence
when was dark they were and golden eyed published	Insufficient evidence
hannah montana episode choosing between jake and jesse	Insufficient evidence
the early effect in a bjt is caused by	Insufficient evidence
when was harvest moon by neil young released	Insufficient evidence
when did the grateful dead stop using the wall of sound	Insufficient evidence
who said pain is what the patient says it is	Insufficient evidence
when was the idea for putting war criminals on trial first developed	Insufficient evidence
who owns the aquarius casino in laughlin nv	Insufficient evidence
how many sheep to make a bale of wool	Insufficient evidence
what is the meaning of nil battey sannata	Insufficient evidence
where is mesh placed in inguinal hernia repair	Insufficient evidence
where did sarah alto come in x factor	Insufficient evidence
an important ottonian church was built at hildesheim under	Insufficient evidence
how many fred astaire dance studios are there	Insufficient evidence
what is the date of the nrl grand final	Insufficient evidence
what part of atlanta is gwinnett county in	Insufficient evidence
who played honey on wind at my back	Insufficient evidence
who did george harrison wrote the song something for	Insufficient evidence
who sang with you i'm born again	Insufficient evidence
what is surrey with the fringe on top	Insufficient evidence
who wrote the song the king is gone	Insufficient evidence
who sings the song i can dream about you	Insufficient evidence
where was the movie the tall man filmed	Insufficient evidence
where does the last name enriquez come from	Insufficient evidence
what type of joint is the proximal tibiofibular	Insufficient evidence
who sets the requirements within the intelligence cycle	Insufficient evidence
where was the movie first kill filmed at	Insufficient evidence
who plays patty in malcolm in the middle	Insufficient evidence
methods of post marketing surveillance in clinical research	Insufficient evidence
when did albert einstein publish his first paper	Insufficient evidence
where did the name mungo jerry come from	Insufficient evidence
when was the first episode of morse aired	Insufficient evidence
who sings there's no place i'd rather be	Insufficient evidence
who sang when i fall in love with you	Insufficient evidence
who directed the famous tv serial tandoori nights	Insufficient evidence
what is the song new years day about	Insufficient evidence
where does the brazos river empty into the gulf of mexico	Insufficient evidence
what is the father name in swiss family robinson	Insufficient evidence
who used to present one man and his dog	Insufficient evidence
which property is used ti identify the electric charge on the object	Insufficient evidence
who votes for the winners of los premios juventud	Insufficient evidence
what are the different cultures in new orleans	Insufficient evidence
what place in australia has the record for the wettest year	Insufficient evidence
working edge of an alidate is known as	Insufficient evidence
when did no mans sky come to xbox	Insufficient evidence
what does it mean to be in the catbird seat	Insufficient evidence
where are the lifters located in an engine	Insufficient evidence
when do millennials end and gen z start	Insufficient evidence
when did the genre of installation art start to gain acceptance	Insufficient evidence
who sang i won't take less than your love	Insufficient evidence
when did nico and the niners come out	Insufficient evidence
what is the meaning of the name dayna	Insufficient evidence
when did the bride of chucky come out	Insufficient evidence
who plays melissa horton on days of our lives	Insufficient evidence
who won the 2007 little league world series	Insufficient evidence
where is the ogden hotel in las vegas	Insufficient evidence
which is the highest glacier in the world	Insufficient evidence
who sings the song lay it all on me now	Insufficient evidence
who wrote beat it on down the line	Insufficient evidence
what kind of plane does the secretary of state fly on	Insufficient evidence
when does the north american butterfly association count butterflies in the u. s. each year	Insufficient evidence
where are the four corners of the united states	Insufficient evidence
who developed his approach to personality based on the reticular activation system	Insufficient evidence
where is the us embassy located in italy	Insufficient evidence
when was the last time the kitchener rangers won the memorial cup	Insufficient evidence
who sang you're the one that i want with arthur mullard	Insufficient evidence
before the spanish took over who owned the land that is now mexico	Insufficient evidence
who plays liam in season 1 of black mirror	Insufficient evidence
most road maps are what kind of map	Insufficient evidence
when did salt lake city became the capital of utah	Insufficient evidence
who wrote tonight the heartache's on me	Insufficient evidence
who was the first african american woman elected to congress	Insufficient evidence
when did ireland change from miles to kilometers	Insufficient evidence
when did cup o noodles change to cup noodles	Insufficient evidence
who designed and sent the first christmas card	Insufficient evidence
who played old geena davis in a league of their own	Insufficient evidence
where was indian independence league formed in 1942	Insufficient evidence
who sang just to be close to you	Insufficient evidence
who won the 2017 qatar motogp grand prix	Insufficient evidence
who sang the song you are my starship	Insufficient evidence
when was the first honda car sold in america	Insufficient evidence
what type of relationship is represented by the scatter plot	Insufficient evidence
where does the leader of the opposition live	Insufficient evidence
who sang the original version of rockin robin	Insufficient evidence
where was the movie woody wood pecker filmed	Insufficient evidence
who sings lips of an angel country version	Insufficient evidence
when was the last time wales won the rugby world cup sevens	Insufficient evidence
who plays andy's dad in the office	Insufficient evidence
who sang she's acting single i'm drinkin doubles	Insufficient evidence
who is the girl in the video i don't want this night to end	Insufficient evidence
who set up fort defiance and then later named it glenwood springs	Insufficient evidence
when did the samsung galaxy core prime come out	Insufficient evidence
what is the most common crime committed in australia	Insufficient evidence
who is the minister of agriculture in south africa	Insufficient evidence
the office season 6 episode 1 guest stars	Insufficient evidence
number of cities and towns in rhode island	Insufficient evidence
who wrote the song a world without love	Insufficient evidence
what is the route number of the lincoln highway	Insufficient evidence
when was the bible first translated into french	Insufficient evidence
who sang i've got you under my skin first	Insufficient evidence
when is the major league baseball home run hitting contest	Insufficient evidence
who was named india crickter of the century by wisden	Insufficient evidence
who signed an alliance between germany and italy	Insufficient evidence
where is mall of asia located in the philippines	Insufficient evidence
who sings the song there is no arizona	Insufficient evidence
this nb town has a giant axe statue	Insufficient evidence
who was the treasurer of the united states in 1950	Insufficient evidence
where was the movie come and find me filmed	Insufficient evidence
who fired the first shot at bunker hill	Insufficient evidence
who says by the pricking of my thumbs	Insufficient evidence
where does the last name stephenson originate from	Insufficient evidence
the gestalt principle of proximity refers to the idea that	Insufficient evidence
what happened to darrell from ice road truckers	Insufficient evidence
what movie is the song all star from	Insufficient evidence
where is dr k exotic animal er located	Insufficient evidence
when were electric christmas tree lights first used	Insufficient evidence
when was lagos annexed by the colonial masters	Insufficient evidence
who sang hey girl don't bother me	Insufficient evidence
who killed henry in the time traveler's wife	Insufficient evidence
who sang you gotta show me love	Insufficient evidence
twilight zone stopover in a quiet town cast	Insufficient evidence
where did the battle of lake george take place	Insufficient evidence
how many new zealand athletes in winter olympics	Insufficient evidence
where was the first monday night raw held	Insufficient evidence
what is the plain of jars in laos	Insufficient evidence
who did jordi vilasuso play on guiding light	Insufficient evidence
the biggest centre of iron and steel industry in china is	Insufficient evidence
what was the first episode of the waltons called	Insufficient evidence
who plays devon butler in cop and a half	Insufficient evidence
who sang this time i'm in it for love	Insufficient evidence
what is the name of the oldest business in rockhampton	Insufficient evidence
when were the stocks last used in england	Insufficient evidence
when is 200 rupees note introduced in india	Insufficient evidence
tin bhiga lease by india to bangladesh was a part of	Insufficient evidence
who plays clay's son on one tree hill	Insufficient evidence
where did they film all the pretty horses	Insufficient evidence
who is the president of the university of virginia	Insufficient evidence
who drove the mellow yellow car in nascar	Insufficient evidence
when do the salmon run in lake tahoe	Insufficient evidence
who sings this ain't no thinkin thing	Insufficient evidence
who did lucy jo hudson play in hollyoaks	Insufficient evidence
the two major lineages that make up the living amniota are	Insufficient evidence
who does the voice of zoom on the flash	Insufficient evidence
who were the artists who made the first cajun record	Insufficient evidence
where did the name cedar rapids come from	Insufficient evidence
who was the congress president when india became free	Insufficient evidence
release date of kya kool hai hum 3	Insufficient evidence
when is freestyle skiing in the 2018 olympics	Insufficient evidence
british show about the end of the world	Insufficient evidence
where does the lily of the valley grow	Insufficient evidence
when did myrtle beach air force base close	Insufficient evidence
where do the blood vessels in the mesenteries lead	Insufficient evidence
who wrote i'd rather drink muddy water	Insufficient evidence
how does california economy rank in the world	Insufficient evidence
what movie has the song upside down in it	Insufficient evidence
when is national i c e cream day	Insufficient evidence
who plays marlins wife on the show marlon	Insufficient evidence
who wrote i've got to be me	Insufficient evidence
what does the prefix tre mean in cornwall	Insufficient evidence
when was islamic banking system introduced in pakistan	Insufficient evidence
the movement of an aircraft about its normal axis is called	Insufficient evidence
least amount of pitches thrown in mlb game	Insufficient evidence
what is the origin of the name rhoda	Insufficient evidence
what mountain range runs along the borders of italy france and switzerland	Insufficient evidence
what are the main components of a crm system	Insufficient evidence
what states plan created the house of representatives	Insufficient evidence
who sings its not easy to be me	Insufficient evidence
who wrote i drove all night roy orbison	Insufficient evidence
once upon a time song from what musical	Insufficient evidence
where does drag me to hell take place	Insufficient evidence
who wrote she used to love me alot	Insufficient evidence
when was the code of criminal procedure introduced in india	Insufficient evidence
when was the first nuclear power plant built in canada	Insufficient evidence
which type of algae do carrageenans come from	Insufficient evidence
where does the baby on board sign go	Insufficient evidence
where was the clock tower in back to the future filmed	Insufficient evidence
who voices friday in captain america civil war	Insufficient evidence
who sings if i could kiss you tonight	Insufficient evidence
what is the gold by manchester orchestra about	Insufficient evidence
who proposed the modern synthetic theory of evolution	Insufficient evidence
what is the population of desmet south dakota	Insufficient evidence
what city does home improvement take place in	Insufficient evidence
when was beverly cleary's first book published	Insufficient evidence
who played the role of 'chandrakanta' in the serial 'chandrakanta'	Insufficient evidence
how much money does paris make from tourism	Insufficient evidence
what is the mascot of oregon state university	Insufficient evidence
the tribute money depicts a scene from the	Insufficient evidence
when did sophia the robot get her citizenship	Insufficient evidence
who is the founder of the mexican mafia	Insufficient evidence
mf global's huge losses in 2011 were a result of	Insufficient evidence
where is the super cup being played 2017	Insufficient evidence
what was on the bottom of the barrel in breaking bad	Insufficient evidence
1701 act of settlement heirs to the throne	Insufficient evidence
who wrote the song fishing in the dark	Insufficient evidence
who plays mike ehrmantraut on better call saul	Insufficient evidence
little big shots australia channel 7 air date	Insufficient evidence
who won the most medals in the 1960 winter olympics	Insufficient evidence
where is the great british sewing bee filmed	Insufficient evidence
who scored the most goals against man utd	Insufficient evidence
when was the current department for education formed	Insufficient evidence
who said if you find yourself in a hole stop digging	Insufficient evidence
what is the airport in cabo san lucas	Insufficient evidence
who sings with michael buble on quando quando quando	Insufficient evidence
who is the actor who plays liam in benidorm	Insufficient evidence
who wrote just you and me by chicago	Insufficient evidence
where did the phillips screwdriver get its name	Insufficient evidence
where does the elder scrolls online take place	Insufficient evidence
who does the coal mining safety & health act apply to	Insufficient evidence
who is trying to kill bea in wentworth	Insufficient evidence
how do you write the date in japan	Insufficient evidence
where are rod cells located in the retina	Insufficient evidence
how many medals did new zealand win at the 2014 commonwealth games	Insufficient evidence
who is the first vice chancellor of sikkim university	Insufficient evidence
what style of electronic dance music developed in chicago	Insufficient evidence
where was the deep end of the ocean filmed	Insufficient evidence
who did holly matthews play in waterloo rd	Insufficient evidence
who did villanova lose to in the 2017 tournament	Insufficient evidence
who is the lead singer of the flying pickets	Insufficient evidence
when was the first £50 note issued	Insufficient evidence
rem sleep is also called paradoxical sleep because	Insufficient evidence
who has the most gold medals in gymnastics	Insufficient evidence
where was irving berlin when he wrote white christmas	Insufficient evidence
who is mr clarke in the looming tower	Insufficient evidence
where was the music video what if filmed	Insufficient evidence
who played miss yvonne on pee wee's playhouse	Insufficient evidence
who played piano on oh you pretty things	Insufficient evidence
at the apex of cahokia the population stood at	Insufficient evidence
who wrote love's gonna make it alright	Insufficient evidence
who does the album art for circa survive	Insufficient evidence
where did dr cox go to medical school	Insufficient evidence
where was the movie charlie st. cloud filmed	Insufficient evidence
who sang the song let's groove tonight	Insufficient evidence
who played the first kryten in red dwarf	Insufficient evidence
when did american chopper go off the air	Insufficient evidence
in which part of the u.s. is the majority of state boundaries based upon natural features	Insufficient evidence
where does medea go at the end of the play	Insufficient evidence
where does the charlie in charliecard come from	Insufficient evidence
who sang there ain't nobody here but us chickens	Insufficient evidence
when did david luiz go back to chelsea	Insufficient evidence
who owns the digital pay tv service called startimes	Insufficient evidence
who was the first public protector in south africa	Insufficient evidence
who owns the hollywood casino in columbus ohio	Insufficient evidence
who sang love won't let me wait	Insufficient evidence
the term magnificent seven is another name for	Insufficient evidence
when did ron banks of the dramatics die	Insufficient evidence
movies with the word orange in the title	Insufficient evidence
who sings the theme song to grizzly adams	Insufficient evidence
when did power rangers jungle fury come out	Insufficient evidence
how far is pollock la from alexandria la	Insufficient evidence
who sings bj and the bear theme song	Insufficient evidence
when is the advance auto parts clash at daytona	Insufficient evidence
who played simon on as the world turns	Insufficient evidence
who plays animal mother in full metal jacket	Insufficient evidence
why was the deed of cession important to fijis history	Insufficient evidence
who plays uncle josh in girl meets world	Insufficient evidence
cocoon man book strange things about the johnsons	Insufficient evidence
where did the dakota tribe live in minnesota	Insufficient evidence
who is the first to flee in the battle of maldon and why did he flee	Insufficient evidence
who won the world baseball classic this year	Insufficient evidence
when did the first syrian refugees come to canada	Insufficient evidence
which major u.s. company was attacked by the wannacry randsomware	Insufficient evidence
where was the world record lake trout caught	Insufficient evidence
what does the word redemption mean in the bible	Insufficient evidence
who wrote as the deer panteth for the water	Insufficient evidence
what is the song brown eyed girl about	Insufficient evidence
who wrote the song ps i love you	Insufficient evidence
where does the term here here come from	Insufficient evidence
what is a landed immigrant status in canada	Insufficient evidence
when did six flags new orleans shut down	Insufficient evidence
what episode of supernatural does crowley first appear in	Insufficient evidence
who voiced chip skylark on fairly odd parents	Insufficient evidence
where did super dave osborne get his start	Insufficient evidence
who sings the song step into my world	Insufficient evidence
who sings save it for a rainy day	Insufficient evidence
where did the concept of human rights come from	Insufficient evidence
the princess bride i am inigo montoya quote	Insufficient evidence
currently how many schools make up the tiger schulmann's organization	Insufficient evidence
the inventor of the popular roll-film camera was	Insufficient evidence
who came third in the 2018 grand national	Insufficient evidence
what is the most famous sport in russia	Insufficient evidence
who won the 2016-17 hsbc world rugby 7s series	Insufficient evidence
who played rachel lynde in anne of green gables	Insufficient evidence
who wrote i've done everything for you	Insufficient evidence
who sang the song i want you to stay	Insufficient evidence
escape from germany in a hot air balloon	Insufficient evidence
a pioneer in the field of eye witness research	Insufficient evidence
who won the woman's single title in the world badminton championship in glasgow	Insufficient evidence
who was the first person to ever dab	Insufficient evidence
who sang the song what might have been	Insufficient evidence
who sings she's just a small town girl	Insufficient evidence
where was the movie nim's island filmed	Insufficient evidence
when did in real life become a band	Insufficient evidence
who owns eddie v's in la jolla	Insufficient evidence
who was the founder of two nation theory	Insufficient evidence
how much percent of energy is produced in india by using coal	Insufficient evidence
green red and yellow flag with star in the middle	Insufficient evidence
who sings for eric in happy feet two	Insufficient evidence
who does lennie choose in the sky is everywhere	Insufficient evidence
when did the song girl fight come out	Insufficient evidence
the national institutes of health is a federal agency that is responsible for	Insufficient evidence
who played eugene tooms in the x files	Insufficient evidence
when did i didn't do it start	Insufficient evidence
who said a place for everything and everything in its place	Insufficient evidence
who won the title of femina miss india 2017	Insufficient evidence
who was the last woman to be hanged in ireland	Insufficient evidence
where was the headquarters for the continental army	Insufficient evidence
when does the under 20s rugby world cup start	Insufficient evidence
how long do finch eggs take to hatch	Insufficient evidence
who was the first leader of the universities mission to central africa	Insufficient evidence
what u.s. legend of the old west became a sports editor for the new york morning telegraph	Insufficient evidence
who said the phrase handle it handle it	Insufficient evidence
actor that plays mr. noodle on sesame street	Insufficient evidence
who wrote the song rest your love on me	Insufficient evidence
what did mr blobby beat to number 1	Insufficient evidence
where does the condamine river start and finish	Insufficient evidence
who sings love me like you mean it	Insufficient evidence
who started first ever bus service in madras	Insufficient evidence
who do researchers think the capulet family is based on	Insufficient evidence
who played cathy in the movie petals on the wind	Insufficient evidence
who is on the cover of enema of the state	Insufficient evidence
who do you play as in gone home	Insufficient evidence
who is the manager of the washington nationals baseball team	Insufficient evidence
what caused the malay world to be divided into two countries now known as malaysia and indonesia	Insufficient evidence
what is the name of the annual awards given exclusively to gospel artists	Insufficient evidence
when did arts and crafts became tools used in occupational therapy	Insufficient evidence
who sings famous last words of a fool	Insufficient evidence
in sg iron graphite will be in the form of	Insufficient evidence
who sings every little thing that you do	Insufficient evidence
when did the wave hill walk off occur	Insufficient evidence
when is the last time auburn won in baton rouge	Insufficient evidence
who sang the song push it to the limit	Insufficient evidence
what type of oil to use for sharpening stone	Insufficient evidence
when did the constituent assembly hold its first session	Insufficient evidence
how many dukes of edinburgh have there been	Insufficient evidence
when does the movie dog days come out	Insufficient evidence
what kind of frog is green with black spots	Insufficient evidence
what is the highest point on vancouver island	Insufficient evidence
the land of steady habits where was it filmed	Insufficient evidence
who is wennerstrom in the girl with the dragon tattoo	Insufficient evidence
who originally sang have some madeira my dear	Insufficient evidence
u.s. ambassador killed in the line of duty	Insufficient evidence
how many letters are in the hungarian alphabet	Insufficient evidence
where does rabbit live in winnie the pooh	Insufficient evidence
what do you call a queen in egypt	Insufficient evidence
the sunken spanish treasure fleet (florida usa)	Insufficient evidence
how many mini games in mario party switch	Insufficient evidence
why is the greatest number of species found in the ecotone	Insufficient evidence
where is the solar plexus located on the body	Insufficient evidence
aisi deewangi dekhi nahi kahi serial actress name	Insufficient evidence
who wrote the song my heroes have always been cowboys	Insufficient evidence
who wrote if drinkin don't kill me	Insufficient evidence
where is the resort dirty dancing was filmed	Insufficient evidence
where is the deepest part of the atlantic ocean located	Insufficient evidence
when did spain take over the canary islands	Insufficient evidence
my sassy girl korean drama number of episodes	Insufficient evidence
when is bravest warriors season 3 coming out	Insufficient evidence
nursery rhyme i've been to london to visit the queen	Insufficient evidence
when did the first fungi appear on earth	Insufficient evidence
when did the plane crash on the m1	Insufficient evidence
when was the palace pier in brighton built	Insufficient evidence
who sings i just want to use your love	Insufficient evidence
who is responsible for selecting a public school superintendent	Insufficient evidence
when was the last time someone was executed in the state of california	Insufficient evidence
what side of the road do they drive on in gibraltar	Insufficient evidence
who did renee estevez play on the west wing	Insufficient evidence
where is the world's largest concentration of sea mounts found	Insufficient evidence
when did old 5p go out of circulation	Insufficient evidence
what is the percentage of upper middle class in america	Insufficient evidence
when did the indiana jones ride open at disneyland	Insufficient evidence
who said and down the stretch they come	Insufficient evidence
what are the little butterflies that look like monarchs	Insufficient evidence
what is the moral of the two pots	Insufficient evidence
who plays dennis in dennis the menace strikes again	Insufficient evidence
what do you call a quarter pounder in france	Insufficient evidence
where does chicken licken get there chicken from	Insufficient evidence
who grants a city charter to a community	Insufficient evidence
who played madeline bassett in jeeves and wooster	Insufficient evidence
when did grand theft auto 3 come out	Insufficient evidence
when did the new alex box stadium open	Insufficient evidence
where does the mayor of new york work	Insufficient evidence
where was the movie my cousin rachel filmed	Insufficient evidence
when did roughing the kicker become a rule	Insufficient evidence
actor who plays happy on sons of anarchy	Insufficient evidence
who sings i'll do anything for you	Insufficient evidence
who sang my name is jack and i live in the back	Insufficient evidence
who played mary ellen rogers on leave it to beaver	Insufficient evidence
who won pfa player of the year 2015	Insufficient evidence
when was the dubai metro green line opened to public	Insufficient evidence
where is the port of palm beach florida	Insufficient evidence
where was the law and jake wade filmed	Insufficient evidence
who killed omar's boyfriend in the wire	Insufficient evidence
how many stories is the westin in atlanta	Insufficient evidence
who is pyramid head in silent hill movie	Insufficient evidence
who sings no matter how high i get	Insufficient evidence
how many lakes in crow wing county mn	Insufficient evidence
where does the term dutch uncle come from	Insufficient evidence
where are the new winchester model 70s made	Insufficient evidence
when did elvis record if i can dream	Insufficient evidence
who is the well spoken man on top gear	Insufficient evidence
how many wastewater treatment plants are there in the us	Insufficient evidence
who sings we are coming to your city	Insufficient evidence
what is the meaning of the name halley	Insufficient evidence
off balance sheet items for credit risk assessment	Insufficient evidence
how old are the counselors in friday the 13th	Insufficient evidence
what film did barbra streisand win for best director	Insufficient evidence
who sings the song it's a living thing	Insufficient evidence
who has designed the symbol of indian currency	Insufficient evidence
when did the first gi joe come out	Insufficient evidence
what is the meaning of r and d	Insufficient evidence
who is the singer of tere sang yaara	Insufficient evidence
who plays the author in house of cards	Insufficient evidence
what is richard's last name in tommy boy	Insufficient evidence
what kind of government does israel have today	Insufficient evidence
what is the theme song for the tv show s.w.a.t	Insufficient evidence
who is credited as the founder of entomology as a science	Insufficient evidence
who invented the first gear driven calculating machine	Insufficient evidence
who has the most around the horn wins	Insufficient evidence
alteration of consciousness during deep sea diving is known as	Insufficient evidence
who plays ron in a very potter musical	Insufficient evidence
who wrote that's why god made the radio	Insufficient evidence
who played the father in papa don't preach	Insufficient evidence
what is the discovery institute's center for science and culture agenda with regard to evolution	Insufficient evidence
how are state court judges in georgia selected	Insufficient evidence
la belle indifference describes which feature of a psychological disorder	Insufficient evidence
when did bruce forsyth finish strictly come dancing	Insufficient evidence
how many grammy awards does r kelly have	Insufficient evidence
who sings the song can you woo woo woo	Insufficient evidence
who did elton john write philadelphia freedom for	Insufficient evidence
when did goa daman and diu become a part of india	Insufficient evidence
where does the cisterna chyli collects lymph from	Insufficient evidence
who sang i didn't sleep at all last night	Insufficient evidence
where did the boo radleys get their name	Insufficient evidence
where does the last name santamaria come from	Insufficient evidence
who put the drugs in the bag brokedown palace	Insufficient evidence
korean movie about a man on an island	Insufficient evidence
vani vilasa sagara dam popularly known as mari kanive is over which river	Insufficient evidence
who won the 1963 little league world series	Insufficient evidence
who sang fings ain't what they used to be	Insufficient evidence
who played the medical examiner on law and order	Insufficient evidence
who is the girl in marc anthony video you sang to me	Insufficient evidence
trade or functional discounts are offered by manufacturers to	Insufficient evidence
who wrote my kinda party by jason aldean	Insufficient evidence
is sailor moon crystal a remake or continuation	Insufficient evidence
what is a turbo on a diesel truck	Insufficient evidence
what is the purpose of egg wash in baking	Insufficient evidence
who invested in the green fresh patch pitch	Insufficient evidence
who is merle haggard singing about in the song leonard	Insufficient evidence
where does the show here and now take place	Insufficient evidence
when does nathan for you season 4 come out	Insufficient evidence
who played the violin in the red violin	Insufficient evidence
who played ben's wife cindy on the waltons	Insufficient evidence
purpose of the rule of nines when treating burn victims	Insufficient evidence
who did johnny ruffo play on home and away	Insufficient evidence
where do you find the wrap around spider	Insufficient evidence
when did don't trust me come out	Insufficient evidence
who was the first indian to cross english channel	Insufficient evidence
what is the name of the plain in westmoreland	Insufficient evidence
where is area code 931 located in usa	Insufficient evidence
when did the age of consent change in canada	Insufficient evidence
who played dr kildare in the tv series	Insufficient evidence
list the three goals pursued by human service organizations	Insufficient evidence
when was the last time sunderland were relegated	Insufficient evidence
where are the ailerons located on a plane	Insufficient evidence
where did european colonization of australia and oceania begin	Insufficient evidence
what is a life prison sentence in the uk	Insufficient evidence
where did the first recorded speed skating race take place in canada	Insufficient evidence
what exit does hov lane start on lie	Insufficient evidence
what is the percentage of asian population in the us	Insufficient evidence
ascites is one of the late features of	Insufficient evidence
who plays chloe's mom on days of our lives	Insufficient evidence
who sings when my baby smiles at me i go to rio	Insufficient evidence
what galactic cluster is the milky way in	Insufficient evidence
where was the durand cup football tournament first played	Insufficient evidence
a language used for describing the appearance of a printed page is called	Insufficient evidence
what is the role of the ventral root	Insufficient evidence
who wrote the song one in a million	Insufficient evidence
who invented the iconic sperry boat shoes we love as today	Insufficient evidence
in day of the locust where is tod hackett originally from	Insufficient evidence
who sang take me for a night in new york	Insufficient evidence
who was awarded param vir chakra during un peacekeeping missions	Insufficient evidence
who played the traveler in star trek the next generation	Insufficient evidence
where did they film the ghost and the darkness	Insufficient evidence
who sings give me just a little more time	Insufficient evidence
who wrote the song miracles by jefferson starship	Insufficient evidence
where is the site of the glomerulus and bowman's capsule located	Insufficient evidence
when was chasing cars played in grey's anatomy	Insufficient evidence
the cathedral hull allows a boat to do what	Insufficient evidence
who was the first black student admitted to the university of mississippi	Insufficient evidence
which is the new player in kerala blasters	Insufficient evidence
when are the closing ceremonies for the paralympic games	Insufficient evidence
where did motionless in white get their name	Insufficient evidence
when does the serpent's shadow take place	Insufficient evidence
who sang you wont find another fool like me	Insufficient evidence
who sang i wanna fall in love with you	Insufficient evidence
who made the song that's just my baby daddy	Insufficient evidence
joanne froggatt coronation street who did she play	Insufficient evidence
who wrote i see the moon the moon sees me	Insufficient evidence
where does the last name tobias come from	Insufficient evidence
what does the letters in sos stand for	Insufficient evidence
who played the guitar in rock around the clock	Insufficient evidence
when is the last time matchbox 20 toured	Insufficient evidence
the stimulus package proposed by the bush administration in early 2008 relied upon	Insufficient evidence
when did the moto z droid come out	Insufficient evidence
who is the well known photographer of telangana	Insufficient evidence
who was chris fountains partner on dancing on ice	Insufficient evidence
when did mutual of omaha wild kingdom air	Insufficient evidence
what channel is live from daryl's house on	Insufficient evidence
who wrote get ready cause here i come	Insufficient evidence
who sang let the sideshow begin hurry hurry	Insufficient evidence
who sang didn't we have a lovely time the day we went to bangor	Insufficient evidence
who was u of m quarterback in 1993	Insufficient evidence
who played felix in once upon a time	Insufficient evidence
when does krillin come back to life in dragon ball	Insufficient evidence
in what year did brothers first start selling pear cider at glastonbury festival	Insufficient evidence
who sings daddy never was the cadillac kind	Insufficient evidence
what is the definition of a turbidity current quizlet	Insufficient evidence
when does after hours trading start and end	Insufficient evidence
who is responsible for starting the nordic games and presenting the idea for the winter olympics	Insufficient evidence
who was the dictator who ruled spain for 40 years	Insufficient evidence
when was the first samsung mobile phone released	Insufficient evidence
what is the average gaa in the nhl	Insufficient evidence
write two words as examples of borrowed words in english	Insufficient evidence
who was the first elected president of poland	Insufficient evidence
who was buried at the african burial ground	Insufficient evidence
who controlled the house and the senate in 1997	Insufficient evidence
who played lexie carver on days of our lives	Insufficient evidence
where is the house used in dark shadows	Insufficient evidence
how i met your mother the robin episode number	Insufficient evidence
who holds the baby in a catholic baptism	Insufficient evidence
how many games in a japanese baseball season	Insufficient evidence
who came up with the blood type diet	Insufficient evidence
who does the voice over in threat level midnight	Insufficient evidence
where did free rural mail delivery service begin in the us	Insufficient evidence
who is the actress who played ophelia on the royals	Insufficient evidence
reasonable ground for believing that a person should be arrested or searched	Insufficient evidence
when did dade county become miami dade county	Insufficient evidence
who is the bad guy in the negotiator	Insufficient evidence
what is the alcohol content of malibu rum	Insufficient evidence
how many episodes of sea patrol are there	Insufficient evidence
the ataxic form of cerebral palsy results from damage to the	Insufficient evidence
when was the equality and human rights commission established	Insufficient evidence
who sang i'm just a ghost in this house	Insufficient evidence
where did they film jingle all the way	Insufficient evidence
where was let me clear my throat recorded	Insufficient evidence
what is the function of the accounting standard​ setters	Insufficient evidence
when was why am i always the bridesmaid written	Insufficient evidence
when did the u.s. government recognize pi day as a holiday	Insufficient evidence
who plays white josh on crazy ex girlfriend	Insufficient evidence
where does revenge of the bridesmaids take place	Insufficient evidence
when might we be able to demonstrate superhuman strength	Insufficient evidence
who wrote the lord knows i'm drinking	Insufficient evidence
what are the protests in st louis about	Insufficient evidence
who sings the wow wow wubbzy theme song	Insufficient evidence
when did the cubist movement start and end	Insufficient evidence
who wrote peace is flowing like a river	Insufficient evidence
when was dream of a sunday afternoon made	Insufficient evidence
who has been appointed as the first president of brics promoted new development bank	Insufficient evidence
a sound of thunder what is the sound of thunder at the end of the story	Insufficient evidence
who does miranda cosgrove play in despicable me	Insufficient evidence
who played rachel's boss kim on friends	Insufficient evidence
when was st patrick's day first celebrated	Insufficient evidence
what is the point of the staar test	Insufficient evidence
when do rigsby and van pelt get back together	Insufficient evidence
when did the coyotes change from phoenix to arizona	Insufficient evidence
when is coming of age day in korea	Insufficient evidence
who sings the song it's just an illusion	Insufficient evidence
which major city was founded by spanish colonist in 1718	Insufficient evidence
who controlled the house and senate in 2010	Insufficient evidence
where does the coin go in a french drop	Insufficient evidence
what kind of gearbox do rally cars use	Insufficient evidence
who played father role in munna bhai mbbs	Insufficient evidence
who wrote ain't wastin time no more	Insufficient evidence
the la plata river basin of south america is also known as	Insufficient evidence
tree in a bud appearance in ct scan	Insufficient evidence
when were cctv cameras first used in the uk	Insufficient evidence
when did the tenancy deposit scheme start in scotland	Insufficient evidence
how many marvel civil war comics are there	Insufficient evidence
who sang ava gardner's part in showboat	Insufficient evidence
demi lovato tell me you love me key	Insufficient evidence
who said what if they gave a war and nobody came	Insufficient evidence
in addition to hypothesis testing effect size calculations are recommended as a way to assess	Insufficient evidence
what combination of design principles is used in the cross page from the lindisfarne gospels	Insufficient evidence
where did the nets play in new jersey	Insufficient evidence
when does women's world cup qualifying start	Insufficient evidence
what part of the brain does glutamate affect	Insufficient evidence
who wrote trew law and what was it about	Insufficient evidence
who wrote soldier of love for the launch	Insufficient evidence
canadian charter of rights and freedoms language rights	Insufficient evidence
who sang one tin soldier in billy jack	Insufficient evidence
who says science in she blinded me with science	Insufficient evidence
how many seats are required for punjab government	Insufficient evidence
when did pablo sandoval go back to the giants	Insufficient evidence
who sang i'll be over you by toto	Insufficient evidence
who wrote the song this is my country	Insufficient evidence
who has first introduced the concept of merit goods and when	Insufficient evidence
one of the first american psychologists to advocate a behavioral approach was	Insufficient evidence
who wrote queen of my double wide trailer	Insufficient evidence
where does stu get married in the hangover	Insufficient evidence
when did yamaha start making 4 stroke outboard motors	Insufficient evidence
when was the last time ohio state won a national championship in basketball	Insufficient evidence
when did ebola break out in sierra leone	Insufficient evidence
where are the kjolen mountains located on a map	Insufficient evidence
basic dimensions for npt american national taper pipe threads	Insufficient evidence
when was sociology's code of ethics first published quizlet	Insufficient evidence
when did wendy's release the vanilla frosty	Insufficient evidence
a necker cube is an example of a(n)	Insufficient evidence
sony xperia xa1 when did it come out	Insufficient evidence
who sings youre the biggest part of me	Insufficient evidence
where is the prado museum located in spain	Insufficient evidence
who sang bass on let me be there	Insufficient evidence
who sings i don't want to play house	Insufficient evidence
when did the 2nd constituent assembly come into being pak301	Insufficient evidence
who is the lead singer of fitz and the tantrums	Insufficient evidence
which group was instrumental in getting the 1956 georgia state flag changed	Insufficient evidence
who won the rugby 7 in las vegas	Insufficient evidence
who represents fresno in the california assembly and state senate	Insufficient evidence
nature is the healer of disease in greek	Insufficient evidence
who won the little league world series in 1966	Insufficient evidence
who does the secretary of the air force report to	Insufficient evidence
who wrote the song mary in the morning	Insufficient evidence
when did the french come to the caribbean	Insufficient evidence
who formed part of the process of setting up the freedom charter	Insufficient evidence
what kind of hot dogs does rutt's hut use	Insufficient evidence
what does ers the card game stand for	Insufficient evidence
who sings with nickelback in she keeps me up	Insufficient evidence
where did the last name alexander come from	Insufficient evidence
what part of the pig do pork wings come from	Insufficient evidence
who did taylor swift write back to december about	Insufficient evidence
when did iron brew change to irn bru	Insufficient evidence
when was tar creek named a superfund site	Insufficient evidence
what was the unilateral declaration of independence in southern rhodesia in 1965	Insufficient evidence
who set sail from the mayflower steps in 1620	Insufficient evidence
when does ripper street start on bbc 2	Insufficient evidence
what is the name of the flying fish	Insufficient evidence
who sings the girl part in we made you by eminem	Insufficient evidence
who won the 1964 little league world series	Insufficient evidence
where is the jubilee river flood channel located	Insufficient evidence
what state is flag day a national holiday	Insufficient evidence
who wrote the song heaven help us all	Insufficient evidence
how many coaches on a college football team	Insufficient evidence
who plays annabeth in the lightning thief musical	Insufficient evidence
where is the rio grande river located in jamaica	Insufficient evidence
where is the statue from midnight in the garden of good and evil	Insufficient evidence
who sang shout in the movie animal house	Insufficient evidence
the free surface of a rotating fluid is	Insufficient evidence
who sings stop look listen to your heart	Insufficient evidence
is aqua a shade of blue or green	Insufficient evidence
who owns the bank of america building in san francisco	Insufficient evidence
who developed the sixteen personality factor questionnaire (16 pf) ​	Insufficient evidence
which english word is thought to be the origin of the word pidgin	Insufficient evidence
when did the fix by nelly come out	Insufficient evidence
when did ju ju on that beat come out	Insufficient evidence
horse shoe arches were an important architectural feature of	Insufficient evidence
when does the next series of lucky man start	Insufficient evidence
what is the largest provincial park in ontario	Insufficient evidence
when is ft how to spend it published	Insufficient evidence
who is credited with having coined the term platonic love	Insufficient evidence
who played brian in dr quinn medicine woman	Insufficient evidence
when is a car classed as vintage in ireland	Insufficient evidence
where was the film high plains drifter filmed	Insufficient evidence
paraiso by smokey mountain what is the song all about	Insufficient evidence
who did kansas city lose to last year in the playoffs	Insufficient evidence
who sang the song gimme gimme good lovin	Insufficient evidence
who did aberdeen beat in the super cup	Insufficient evidence
the area in which crop is grown at a particular time or crop season is called	Insufficient evidence
what is the recording academy's full name	Insufficient evidence
where is the steve harvey talk show filmed at	Insufficient evidence
who did the rockets trade for kyle lowry	Insufficient evidence
when did the government take all the gold	Insufficient evidence
where was the first krispy kreme store located	Insufficient evidence
when did the new season of colony start	Insufficient evidence
odalisque is a turkish term and can be defined as	Insufficient evidence
what does the name kyra mean in japanese	Insufficient evidence
who sang if the devil danced in empty pockets	Insufficient evidence
how many big ten championships does michigan state have	Insufficient evidence
the flaplike opening in the interatrial septum of the fetus	Insufficient evidence
when does the memory keeper daughter take place	Insufficient evidence
who sings jesus and momma always loved me	Insufficient evidence
who was the character hannibal lecter based on	Insufficient evidence
who wrote the song good directions by billy currington	Insufficient evidence
when was the steam powered paddle boat invented	Insufficient evidence
when did cavity wall insulation become part of building regulations	Insufficient evidence
the mali epic of son jara is the cultural history of	Insufficient evidence
where did walter hear about the million dollar distress sale mansion	Insufficient evidence
who sang the song uncle tom's cabin	Insufficient evidence
who played primrose in the darling buds of may	Insufficient evidence
what do you call a lion headed monster	Insufficient evidence
who gave the slogan jai hind to the nation	Insufficient evidence
what is the meaning of the word toronto	Insufficient evidence
who played the original floyd the barber on the andy griffith show	Insufficient evidence
where did charles grandison finney launch his spectacular revivals	Insufficient evidence
who sings something coming in west side story	Insufficient evidence
who plays adrienne on days of our lives	Insufficient evidence
what's the population of walnut grove minnesota	Insufficient evidence
when did the first tablet computer come out	Insufficient evidence
where does the last name tobar come from	Insufficient evidence
where did most loyalists go after the revolution	Insufficient evidence
when did the song thunder rolls come out	Insufficient evidence
the african prime minister who first came to power in ghana	Insufficient evidence
when was the last time the erta ale volcano erupted	Insufficient evidence
when did they change the wind chill formula	Insufficient evidence
where is the longest bridge located in africa	Insufficient evidence
how much points did lavar ball average in college	Insufficient evidence
when did smosh get bought by a company	Insufficient evidence
when did iron maiden release their first album	Insufficient evidence
where is the darts being held in las vegas	Insufficient evidence
when did the babysitters club books come out	Insufficient evidence
who is named as responsible for the st james massacre	Insufficient evidence
where is lalit kala academy rabindra bhavan situated	Insufficient evidence
how many students in virginia beach public schools	Insufficient evidence
when was the first version of word released	Insufficient evidence
where is the tpc sawgrass golf course located	Insufficient evidence
when is puerto rico competing in the winter olympics	Insufficient evidence
what is the relationship between south africa and china	Insufficient evidence
where does the name de souza come from	Insufficient evidence
who wrote the song tell it like it is	Insufficient evidence
when was nigeria security and civil defence corps established	Insufficient evidence
where are jonathan and charlotte britains got talent from	Insufficient evidence
when was the ngi system first used by the fbi	Insufficient evidence
who paid to make the documentary what the health	Insufficient evidence
who plays nim in return to nim's island	Insufficient evidence
who wrote the song dimming of the day	Insufficient evidence
what was ian fleming's last bond book	Insufficient evidence
who sings the song let me love you tonight	Insufficient evidence
who sings i just wanted you to know	Insufficient evidence
name the largest national park in east africa	Insufficient evidence
who created the magnetic stripe on credit cards	Insufficient evidence
who was you make loving fun written about	Insufficient evidence
the side chain for valine is classified as a	Insufficient evidence
how big is the denny sanford premier center	Insufficient evidence
the whmis logo was developed to represent the partnership of	Insufficient evidence
who is bardia in till we have faces	Insufficient evidence
who sang sleeping single in a double bed	Insufficient evidence
who is the founder of clean up australia day wikipedia	Insufficient evidence
when was google translate launched for the first time	Insufficient evidence
where do you get license plates in ontario	Insufficient evidence
who won the first gold medal at the winter olympics	Insufficient evidence
who played stacks on bj & the bear	Insufficient evidence
what is the meaning of the name denise	Insufficient evidence
when did shania twain released come on over	Insufficient evidence
when did the baiji river dolphin become extinct	Insufficient evidence
where was the movie boy filmed in new zealand	Insufficient evidence
who set up the first stockyard for texas cattle in abilene kansas	Insufficient evidence
who commanded the crew of seven of the columbia on the 38th flight of the shuttle on sts-35	Insufficient evidence
who is on the cover of the contra album	Insufficient evidence
who is the protagonist in the last action hero film	Insufficient evidence
first person to be made an honorary citizen of the united states	Insufficient evidence
how many different species of hedgehogs are there	Insufficient evidence
where did the new york giants first play	Insufficient evidence
where did the red sox get phillips from	Insufficient evidence
where do x-ray telescopes have to be placed in order to view objects in space	Insufficient evidence
who is the head of the secret service	Insufficient evidence
where is the portugal fort build in 1503	Insufficient evidence
cells attracted to the site of infection by il-8 are	Insufficient evidence
where did the battle of roberts ridge take place	Insufficient evidence
the circular muscle of the iris uses which parasympathetic receptor	Insufficient evidence
who plays david harrington on the haves and have nots	Insufficient evidence
where were the first oreo cookie sold in the us	Insufficient evidence
where did le'veon bell go to high school	Insufficient evidence
who wrote the theme song for the tv show mash	Insufficient evidence
who wrote the song in the shelter of his arms	Insufficient evidence
who sings the song everybody's talkin at me	Insufficient evidence
when does the adventures of kid danger come out	Insufficient evidence
where was one more from the road recorded	Insufficient evidence
who sings it's late in the evening	Insufficient evidence
who sang the songs in the movie your cheatin heart	Insufficient evidence
when did the eminem show cd come out	Insufficient evidence
when was the medical card introduced in ireland	Insufficient evidence
who wrote the love that i have is all that i have	Insufficient evidence
who does the voice of sully in uncharted	Insufficient evidence
mera joota hai japani song from which movie	Insufficient evidence
what kind of a dog is spuds mackenzie	Insufficient evidence
where did duke get the name blue devils	Insufficient evidence
when did jerry become larry on parks and rec	Insufficient evidence
who won afl mark of the year 2017	Insufficient evidence
who sang for the rest of my life	Insufficient evidence
where did they film the general's daughter	Insufficient evidence
when is agatha christie's crooked house set	Insufficient evidence
when did the liberals take power in canada	Insufficient evidence
when did the north african elephant became extinct	Insufficient evidence
who won the little league world series 2017	Insufficient evidence
where does the book black and white take place	Insufficient evidence
when does the arena football season start 2017	Insufficient evidence
who lead the second military coup in nigeria	Insufficient evidence
when was the golden nugget in atlantic city built	Insufficient evidence
what type of bridge is the west gate bridge	Insufficient evidence
what are the big waves in hawaii called	Insufficient evidence
who invented the trigger for the atomic bomb	Insufficient evidence
who has been honoured with the pulitzer prize for music 2018	Insufficient evidence
who wrote more than this by one direction	Insufficient evidence
who is the girl in zz top legs video	Insufficient evidence
who was mcclellan air force base named after	Insufficient evidence
when does jack of red hearts come out	Insufficient evidence
when does buffy tell her mom she's the slayer	Insufficient evidence
us president that could write with both hands	Insufficient evidence
where did the light brown apple moth came from	Insufficient evidence
when did the movie staying alive come out	Insufficient evidence
what animal is on the australian ten cent piece	Insufficient evidence
who played jade on days of our lives	Insufficient evidence
what is the net worth of the gupta family	Insufficient evidence
when did not your father's root beer come out	Insufficient evidence
who sings the song i'm going down	Insufficient evidence
what is the most common drug to incapacitate someone	Insufficient evidence
who played george hazard in north and south	Insufficient evidence
who sings the song go big or go home	Insufficient evidence
which is the oldest municipal corporation in india	Insufficient evidence
in which ww11 battle was the gothic line of defence breached	Insufficient evidence
where is the georgia dome located in atlanta	Insufficient evidence
where does the water for lake las vegas come from	Insufficient evidence
who played benny in my babysitters a vampire	Insufficient evidence
where were cane toads first introduced in australia	Insufficient evidence
who did david hasselhoff play on young and restless	Insufficient evidence
where was the movie bullet for a badman filmed	Insufficient evidence
who is the girl in she's so mean video	Insufficient evidence
when did buy you a drink come out	Insufficient evidence
themes in wole soyinka the lion and the jewel	Insufficient evidence
who played baby moses in the ten commandments	Insufficient evidence
who plays dale on king of the hill	Insufficient evidence
who did tony gordon kill in coronation street	Insufficient evidence
how many medals did canada win at the 2014 olympics	Insufficient evidence
who won the battle of fisher's hill	Insufficient evidence
who was the first national chairman of the proscribed social democratic party	Insufficient evidence
when was the first mcdonald's opened in canada	Insufficient evidence
who sang for tony in west side story movie	Insufficient evidence
who wrote the way you make me feel janelle monae	Insufficient evidence
who wrote you're the cream in my coffee	Insufficient evidence
where was the adventures of sherlock holmes published	Insufficient evidence
where is the comb located on the chicken	Insufficient evidence
when does kuroko no basket movie come out	Insufficient evidence
who is on the cover of american beauty american psycho	Insufficient evidence
what is the dominant strategy in an ascending bid (or english) auction	Insufficient evidence
which part of the golden eagle is gold	Insufficient evidence
who won the espy for best nba player	Insufficient evidence
who plays eva on the bold and the beautiful	Insufficient evidence
what is the canada us air quality agreement	Insufficient evidence
how many hotels are in new york city	Insufficient evidence
who sings do it til you're satisfied	Insufficient evidence
when did bilingual education start in the us	Insufficient evidence
who is the kung fu master in kill bill	Insufficient evidence
who played ricky's mom on silver spoons	Insufficient evidence
when was new super mario bros wii made	Insufficient evidence
who played topsy in uncle tom's cabin 1927	Insufficient evidence
what does the abc in abc liquor stand for	Insufficient evidence
who wrote only daddy that'll walk the line	Insufficient evidence
who plays sally on flight of the conchords	Insufficient evidence
where does a black tip reef shark live	Insufficient evidence
when did memphis state became university of memphis	Insufficient evidence
when did central pacific railroad trains first pass over donner summit	Insufficient evidence
who did natalie hall play in pretty little liars	Insufficient evidence
who played gupta in only when i laugh	Insufficient evidence
who is credited with establishing the constantine chapter	Insufficient evidence
who said the answer lies in the soil	Insufficient evidence
who has won the 2017 formula monaco grand prixs world championship	Insufficient evidence
who wrote the song till the storm passes by	Insufficient evidence
the technical name for the sense of balance or equilibrium	Insufficient evidence
who played julia on as the world turns	Insufficient evidence
who shifted the capital of magadh from rajagrih of patliputra	Insufficient evidence
when did every light in the house is on come out	Insufficient evidence
who played the title role in maisie raine	Insufficient evidence
when was the reflecting pool in washington dc built	Insufficient evidence
what is the use of cursor in database	Insufficient evidence
where is the town of fortitude supposed to be	Insufficient evidence
who played jimmy olsen in the original superman	Insufficient evidence
when did oreo os cereal first come out	Insufficient evidence
when was the last time two hurricanes hit the united states	Insufficient evidence
who is the killer in along came a spider	Insufficient evidence
who performed the first successful heart transplant in australia	Insufficient evidence
alternative pathway of complement activation is initiated by	Insufficient evidence
how many schools are in greenville county school district	Insufficient evidence
who hosted the tv show *jeena isi ka naam hain*	Insufficient evidence
how many chiefs signed the declaration of independence	Insufficient evidence
what are the nearest cross streets to the carnegie deli	Insufficient evidence
when does the jaguar f pace come out	Insufficient evidence
what does the p stand for in p45	Insufficient evidence
who played dogberry in much ado about nothing	Insufficient evidence
when did rugby league go professional in australia	Insufficient evidence
who pays for paid family leave in california	Insufficient evidence
who played bo buchanan on one life to live	Insufficient evidence
what is the population of the fargo moorhead area	Insufficient evidence
who wins season 11 of the amazing race	Insufficient evidence
when did the first rainbow vacuum come out	Insufficient evidence
what is the function of pharyngeal pouches in aquatic chordates	Insufficient evidence
actor who played william beech in goodnight mr tom	Insufficient evidence
when did pokemon diamond and pearl come out	Insufficient evidence
in india which businessman had pilot license number one	Insufficient evidence
journal of the kansas entomological society impact factor	Insufficient evidence
a famous feature of the national theatre's olivier stage is its	Insufficient evidence
where in the constitution are civil liberties protected	Insufficient evidence
who won the 2017 sultan azlan shah hockey championship organised in malaysia	Insufficient evidence
when was the first dollar general store opened	Insufficient evidence
how abundant is calcium in the earth's crust	Insufficient evidence
who wrote the book 'silent spring ' inspiring a new environmental movement	Insufficient evidence
what episode of southpark does cartman sing poker face	Insufficient evidence
where is the tv show single handed filmed	Insufficient evidence
who sings how do you solve a problem like maria	Insufficient evidence
when did josh join red hot chili peppers	Insufficient evidence
where is the university of oregon state located	Insufficient evidence
when is descendants 3 going to be on disney channel	Insufficient evidence
who wrote i'm a dreamer by living joy	Insufficient evidence
who is the girl in she's so lovely video	Insufficient evidence
who sings let it rock let it roll	Insufficient evidence
when did the flood on spring creek occur	Insufficient evidence
who sings the country song down on my knees	Insufficient evidence
what type of music did vernon dalhart sing before switching to country music	Insufficient evidence
where did dierks bentley go to high school	Insufficient evidence
where is agatha christie ordeal by innocence filmed	Insufficient evidence
what commodity formed the economic backbone of bengal in the eighteenth century	Insufficient evidence
where did the battle of romani take place	Insufficient evidence
who owned the farmhouse where the two commanders of the civil war met to end the war	Insufficient evidence
who was the last baton carrier at the opening ceremony of the 2014 commonwealth games	Insufficient evidence
who were the survivors of the sosoliso plane crash	Insufficient evidence
when did the battle of hamel start and end	Insufficient evidence
when was golf first played in the olympics	Insufficient evidence
where is the main post office in norwich	Insufficient evidence
rad52 is involved in which type of dna damage repair	Insufficient evidence
who designed the labyrinth that houses the minotaur	Insufficient evidence
where is the first reading held for a bill	Insufficient evidence
when did the young bucks join bullet club	Insufficient evidence
what is the english name of sapota fruit	Insufficient evidence
where is the canadian music hall of fame located	Insufficient evidence
how much did matt damon win in rounders	Insufficient evidence
who wrote round and round by tevin campbell	Insufficient evidence
where was the movie the long hot summer filmed	Insufficient evidence
where does the last name ruiz come from	Insufficient evidence
when did the original freaky friday come out	Insufficient evidence
who is the song missing you by diana ross about	Insufficient evidence
when did raging waters san dimas first open	Insufficient evidence
when was the last touch of frost made	Insufficient evidence
what does the thermal cycler do in pcr	Insufficient evidence
on which national holiday are the padma awards given	Insufficient evidence
how many episodes in kyle xy season 1	Insufficient evidence
when is the 2018 canadian figure skating championships	Insufficient evidence
who was considered for the role of gabbar first	Insufficient evidence
what is the purpose of the fecl3 test	Insufficient evidence
where do most chinese live in los angeles	Insufficient evidence
in which state rastriya rakshak dal was established	Insufficient evidence
who played eric olsen on north of 60	Insufficient evidence
who sings the theme song for mcleod's daughters	Insufficient evidence
who plays missy in love's enduring promise	Insufficient evidence
where is the urethral opening located in females	Insufficient evidence
animal that live both on land and in water	Insufficient evidence
who sang the song the little white cloud that cried	Insufficient evidence
who wrote the song the old bog road	Insufficient evidence
what is the biggest john deere tractor in the world	Insufficient evidence
who wrote the anti-war song draft dodge rag	Insufficient evidence
when do the mistral winds blow in provence	Insufficient evidence
who sang we're in the army now	Insufficient evidence
how many juvenile offenders are there in the us	Insufficient evidence
how many troops did australia send to korea	Insufficient evidence
who made the bamboo organ in las pinas	Insufficient evidence
what breed of dog has won the most best in show crufts	Insufficient evidence
who is considered as senior citizen in india	Insufficient evidence
who is the jacobs school of music named after	Insufficient evidence
who did fernando tatis hit 2 grand slams off of	Insufficient evidence
when does death of superman come out 2018	Insufficient evidence
what is the most obese province in canada	Insufficient evidence
when was the last time a magician won agt	Insufficient evidence
who sings god's problem child with willie	Insufficient evidence
how many animals are at the cleveland zoo	Insufficient evidence
what christian denomination was illegal in the colony of virginia	Insufficient evidence
where did the idea of retirement come from	Insufficient evidence
what do you get with my coke rewards	Insufficient evidence
when did the full throttle saloon burn down	Insufficient evidence
when did the tamils arrived in sri lanka	Insufficient evidence
where does fight the good fight come from	Insufficient evidence
where was in the name of the king filmed	Insufficient evidence
what is the largest province in bicol region	Insufficient evidence
the population of the oceania / pacific region is approximately	Insufficient evidence
what is the alcohol content of dr mcgillicuddy	Insufficient evidence
who signed the wrong scorecard at the masters	Insufficient evidence
who played lucy's son on the lucy show	Insufficient evidence
what does 1 2 3 4 5 mean in basketball	Insufficient evidence
what was the outcome of the naval battle between the bonhomme richard and the serapis	Insufficient evidence
which type of soil is formed by leaching process	Insufficient evidence
where does helicase separate the strands of dna	Insufficient evidence
who is the winner of sbse bda kalakaar	Insufficient evidence
who wrote the song there goes my baby by charlie wilson	Insufficient evidence
where was the netflix movie like father filmed	Insufficient evidence
where was it's a boy girl thing filmed	Insufficient evidence
who owns the m casino in las vegas	Insufficient evidence
what is the real name of karan luthra	Insufficient evidence
where is the london school of economics located	Insufficient evidence
what type of wine is made from concord grapes	Insufficient evidence
when did the first episode of rugrats air	Insufficient evidence
what was sarah lancaster name in coronation street	Insufficient evidence
what's the population of north platte nebraska	Insufficient evidence
who shifted the capital from hanamkonda to warangal	Insufficient evidence
when did the jaguar e pace come out	Insufficient evidence
when did pudsey the dog win britain's got talent	Insufficient evidence
the zygapophyseal joints of the vertebral column are classified as	Insufficient evidence
when did come dine with me first start	Insufficient evidence
who does the voice of santa on american dad	Insufficient evidence
when did anchor butter stop being from new zealand	Insufficient evidence
where was beneath the 12 mile reef filmed	Insufficient evidence
when did what's the 411 come out	Insufficient evidence
who sang the song easy come easy go	Insufficient evidence
what was the point of the skinner box	Insufficient evidence
who drained the marshes of medoc in bordeaux france planting small vineyards	Insufficient evidence
where does the uterine artery anastomoses with the ovarian artery	Insufficient evidence
who sang i wanna be with you	Insufficient evidence
who plays bug in my soul to take	Insufficient evidence
when did the movie country bears come out	Insufficient evidence
who sang i love you baby 90s song	Insufficient evidence
who sings the song i'm coming over	Insufficient evidence
where did the story so far get their name	Insufficient evidence
who was the song baby blue written about	Insufficient evidence
when was the bee gees one for all tour	Insufficient evidence
how many mps voted for the eu referendum	Insufficient evidence
who put peter rabbit's father in a pie	Insufficient evidence
where was two thousand acres of sky filmed	Insufficient evidence
this was invented at london club called the cat whiskers	Insufficient evidence
how many seconds do you have to throw a grenade	Insufficient evidence
who won the wwe championship elimination chamber 2015	Insufficient evidence
in which state is the mukheshwar temple situated	Insufficient evidence
the simpsons episode where marge plays online game	Insufficient evidence
who wrote the song put another log on the fire	Insufficient evidence
who lead the first revolt against british in assam	Insufficient evidence
when did mike she schefsky start coaching at duke	Insufficient evidence
what was commemoration day in uae earlier known as	Insufficient evidence
who sings the song me and god with josh turner	Insufficient evidence
where was the tv series hamish macbeth filmed	Insufficient evidence
what is the purpose and authority of kansas supreme court	Insufficient evidence
what is the meaning of situ in chemistry	Insufficient evidence
where does the last name roche come from	Insufficient evidence
what is the national bird of costa rica	Insufficient evidence
what radio station is the mexico soccer game on	Insufficient evidence
where does the steve wilkos show take place	Insufficient evidence
who is the male singer in total eclipse of the heart	Insufficient evidence
one criticism of the usa patriot act is that	Insufficient evidence
what is the movie the constant gardener about	Insufficient evidence
who sings rip it up and start again	Insufficient evidence
what is the meaning of the name adelaide	Insufficient evidence
what kind of bbq sauce does burger king use	Insufficient evidence
when did season 2 of good morning call come out	Insufficient evidence
who played the waitress in the movie michael	Insufficient evidence
who sang never gonna fall in love again	Insufficient evidence
where did the gabbie show go to college	Insufficient evidence
when was the bunker built at the greenbrier	Insufficient evidence
the famous slogan developed by the us department of transportation for designated drivers is	Insufficient evidence
how many costas are there in the uk	Insufficient evidence
when did pizza hut start charging for delivery	Insufficient evidence
when does the twenty one pilots tour end	Insufficient evidence
what language do they speak in the grand cayman islands	Insufficient evidence
who is frank supposed to be in donnie darko	Insufficient evidence
who played mrs. bellows on i dream of jeannie	Insufficient evidence
what is last resort by papa roach about	Insufficient evidence
the development of a mid-latitude cyclone according to the norwegian model begins along the​	Insufficient evidence
who played honey in how i met your mother	Insufficient evidence
who played pedro in the movie napoleon dynamite	Insufficient evidence
what was the attendance at the 2017 belmont stakes	Insufficient evidence
mippa was enacted in 2008 and is an acronym for	Insufficient evidence
what is the principal objective of a political party	Insufficient evidence
who is the actress that plays the darkness in supernatural	Insufficient evidence
who was the first indian to climb mount everest without carrying an oxygen cylinder	Insufficient evidence
they call us monsters where are they from	Insufficient evidence
the music of louis jordan and his tympany five is an example of	Insufficient evidence
who is the president of nicaragua right now	Insufficient evidence
a joey is the baby of what animal	Insufficient evidence
when does ender's game take place book	Insufficient evidence
where does the cochlear nerve transmit impulses to	Insufficient evidence
instructions not included what did maggie die of	Insufficient evidence
formal balance is another word for which type of balance	Insufficient evidence
who won season three of the rap game	Insufficient evidence
what is the function of development bank of the philippines	Insufficient evidence
where is the american athletic conference championship game held	Insufficient evidence
grey's anatomy who killed the burn victim	Insufficient evidence
when was direct rule introduced in northern ireland	Insufficient evidence
when did the radio become popular in canada	Insufficient evidence
who played emilio on days of our lives	Insufficient evidence
where was the movie digging to china filmed	Insufficient evidence
when did the república de yucatán declare independence from mexico	Insufficient evidence
when did the second basic principles committee presents its final report	Insufficient evidence
where is the national museum of the philippines located	Insufficient evidence
who sings with eric church mixed drinks about feelings	Insufficient evidence
who was the first resident university poet in the uk	Insufficient evidence
world's largest uranium reserves found in india	Insufficient evidence
who played alan michael spaulding on guiding light	Insufficient evidence
what is the volume of a spherical shell	Insufficient evidence
what illness did catherine have in wuthering heights	Insufficient evidence
when was the wellness recovery action plan developed	Insufficient evidence
what percentage of djiboutian workforce are employed in agriculture	Insufficient evidence
when was chinese drywall used in the us	Insufficient evidence
where was the movie the matchmaker filmed in ireland	Insufficient evidence
what bible translation does the orthodox church use	Insufficient evidence
what was wrong with keith in the movie keith	Insufficient evidence
who played amelia earhart in star trek voyager	Insufficient evidence
when did lumbering and mining become important in michigan	Insufficient evidence
a disease is considered as rare disease if	Insufficient evidence
who is scott air force base named after	Insufficient evidence
where is the calf of the leg located	Insufficient evidence
when do england play cricket in sri lanka	Insufficient evidence
who lives the longest in the united states	Insufficient evidence
whats the name of the kellogg's rooster	Insufficient evidence
who sang you are the love of my life	Insufficient evidence
when was the administration of justice act passed	Insufficient evidence
how many times did vinny win sports jeopardy	Insufficient evidence
what album is man of the world on fleetwood mac	Insufficient evidence
where was paper planes filmed in western australia	Insufficient evidence
who won season 1 of the glee project	Insufficient evidence
who wrote i always get lucky with you	Insufficient evidence
who took control of the florida national bank in 1929	Insufficient evidence
in which topology is the central connecting device known as a multistation access unit (mau)	Insufficient evidence
who sings what a beautiful world this would be	Insufficient evidence
where is the pitch lake located in trinidad and tobago	Insufficient evidence
where is port au prince located in haiti	Insufficient evidence
where was the movie dolphin tale 2 filmed	Insufficient evidence
where is the door of no return located	Insufficient evidence
who bombed guernica during the spanish civil war	Insufficient evidence
who sang i was kaiser bill's batman	Insufficient evidence
where would the greatest resistance to airflow be found	Insufficient evidence
who sings shake it like a salt shaker	Insufficient evidence
when did wirral postcode change from l to ch	Insufficient evidence
who is the captain of the giants netball team	Insufficient evidence
who played betsy in the white cliffs of dover	Insufficient evidence
with reference to the body of the scapula where is the corocoid process located	Insufficient evidence
where was panic at the disco miss jackson filmed	Insufficient evidence
who played cousin millie on father knows best	Insufficient evidence
who did man city beat to win the league	Insufficient evidence
what is the meaning of the name otto	Insufficient evidence
what is the meaning of chetan in hindi	Insufficient evidence
in the canterbury tales who is the prioress	Insufficient evidence
who does gary cole play in family guy	Insufficient evidence
international cricket player sushma verma belongs to which district of himachal pradesh	Insufficient evidence
when was don go breaking my heart backstreet	Insufficient evidence
who sang lonely is a man without love	Insufficient evidence
where does the name joy division come from	Insufficient evidence
where does lost in the barrens take place	Insufficient evidence
when does twenty one pilots release their new album	Insufficient evidence
what three main things does a soundscape include	Insufficient evidence
poems of the past and present thomas hardy	Insufficient evidence
who played ed shames in band of brothers	Insufficient evidence
when did slavery end in the state of florida	Insufficient evidence
when does percy get his memory back in the son of neptune	Insufficient evidence
who wrote the song i overlooked an orchid	Insufficient evidence
what kind of rose is used to make rose water	Insufficient evidence
why is one to one ratio transformer used	Insufficient evidence
what is the mascot for the new orleans saints	Insufficient evidence
main function of the office of war mobilization during ww2	Insufficient evidence
who is the original singer of la bamba	Insufficient evidence
who is the man who biked to the south pole	Insufficient evidence
who sang i wouldn't have missed it for the world	Insufficient evidence
where was welcome to the jungle movie filmed	Insufficient evidence
when did the uk join as a member in international criminal police commission	Insufficient evidence
when does state champs new album come out	Insufficient evidence
where did the last name puckett come from	Insufficient evidence
who is the original singer of only a fool breaks his own heart	Insufficient evidence
where did most of the fighting take place in ww1	Insufficient evidence
who wrote somebody bigger than you and i	Insufficient evidence
where are h1 receptors found in the body	Insufficient evidence
who is piper from orange is the new black married to	Insufficient evidence
when are the queens birthday honours 2018 announced	Insufficient evidence
when did the dockers play in the grand final	Insufficient evidence
where does the last name leonard originate from	Insufficient evidence
when waves approach the shore and enter shallow water	Insufficient evidence
what are the two breeds which were crossed to make the columbia	Insufficient evidence
pillared halls where the buddhist monks worshipped were known as	Insufficient evidence
when did humans begin to live in san francisco	Insufficient evidence
who was the first child born after migration (hijrat)	Insufficient evidence
tu is tarah se meri zindagi mein shamil hai movie name	Insufficient evidence
when was the last time the generals beat the globetrotters	Insufficient evidence
who plays aladdin in once upon a time	Insufficient evidence
who sang what the life song in geetha govindam	Insufficient evidence
where is the mass of blood located in a subdural hematoma	Insufficient evidence
where does the last name cash come from	Insufficient evidence
where does night of the iguana take place	Insufficient evidence
how many lobes does a neutrophil nucleus have	Insufficient evidence
who lived in the western part of the land claimed by the colony of georgia	Insufficient evidence
who founded the first early childhood education program	Insufficient evidence
how many mandals are there in karimnagar district	Insufficient evidence
who is amy on good morning america married to	Insufficient evidence
how many hms hood's have there been	Insufficient evidence
who played guitar on midnight at the oasis	Insufficient evidence
why is the big brother show called big brother	Insufficient evidence
when is vip 2 release date in india	Insufficient evidence
where does the water from the la river come from	Insufficient evidence
who is the boy in blues brothers 2000	Insufficient evidence
who played marta in the sound of music	Insufficient evidence
black box testing is applicable to which level of testing	Insufficient evidence
where is the game show the wall australia filmed	Insufficient evidence
when is the meyerowitz stories coming to netflix	Insufficient evidence
who is betagold in the gospel according to larry	Insufficient evidence
who sings will you still love me the same	Insufficient evidence
how much did zoolander 2 cost to make	Insufficient evidence
who wrote remember me i'm the one who loves you	Insufficient evidence
who does yankumi end up with in gokusen	Insufficient evidence
who sang you just don't love me no more	Insufficient evidence
who wrote hard habit to break by chicago	Insufficient evidence
who was the first person to find gold in colorado	Insufficient evidence
who is the director of lord of the rings	Insufficient evidence
who sings new york city with the chainsmokers	Insufficient evidence
when did the samsung gear fit 2 come out	Insufficient evidence
who played michael corleone's son in godfather 2	Insufficient evidence
when did the padres come to san diego	Insufficient evidence
when do anchoring filaments open spaces between endothelial cells in lymph capillaries	Insufficient evidence
who has won the 2018 formula 1 chinese grand prix tournament	Insufficient evidence
who wrote but for the grace of god	Insufficient evidence
who has the highest reported iq in history	Insufficient evidence
when was the last juvenile executed in the us	Insufficient evidence
who is langley air force base named for	Insufficient evidence
where was surplus grain stored in indus valley cities	Insufficient evidence
who had the right to vote after 1884	Insufficient evidence
how many shipwrecks are there in the great lakes	Insufficient evidence
the aids memorial quilt is an example of quizlet	Insufficient evidence
what is the meaning of raj mistri in english	Insufficient evidence
where are hogs and pigs raised in the world	Insufficient evidence
who sings the song a girl like you	Insufficient evidence
at which canadian arena was duran duran's video for the reflex filmed	Insufficient evidence
who sings i want to kiss you in the morning	Insufficient evidence
when did scotland abolish the authority of the pope	Insufficient evidence
when did foster care start in the uk	Insufficient evidence
in quebec which bill of rights takes precedence that of quebec or that of canada	Insufficient evidence
who started his career as the editor of the criterion in 1922	Insufficient evidence
the view that god's imminent divine judgment and the end of the world is near is	Insufficient evidence
when did kliff kingsbury play for texas tech	Insufficient evidence
who played 99 in get smart the movie	Insufficient evidence
who built the port city of berenice on the red sea	Insufficient evidence
what is slow motion by third eye blind about	Insufficient evidence
what season of big brother was vanessa on	Insufficient evidence
who developed what is considered to be the industry standard for assessing and diagnosing sociopathy	Insufficient evidence
who has won the most number of kerala state film award	Insufficient evidence
what is the name of hanuman's father	Insufficient evidence
who lives in a house like this song	Insufficient evidence
who sang the songs in the helen morgan story	Insufficient evidence
who plays kuzco in the emperor's new school	Insufficient evidence
when was the last time radford was in march madness	Insufficient evidence
what do you call a car without a roof	Insufficient evidence
who sang joey i'm not angry anymore	Insufficient evidence
who wrote rock me gently rock me slowly	Insufficient evidence
when did the movie small soldiers come out	Insufficient evidence
for helical gear the helix angle generally ranges from	Insufficient evidence
what does nha stand for in the medical field	Insufficient evidence
when does the playclock start in the nfl	Insufficient evidence
when was the derby last run on a wednesday	Insufficient evidence
who published the health and social care act 2012	Insufficient evidence
chemist who contributed towards the discovery of oxygen	Insufficient evidence
who played beverly lasalle on all in the family	Insufficient evidence
who does nat wolff play in death note	Insufficient evidence
the radio waves which are received after reflection from ionosphere are called	Insufficient evidence
who sings on right turn by alice in chains	Insufficient evidence
what is the highest elevation in florida peninsula	Insufficient evidence
how many divisions did the us army have in ww2	Insufficient evidence
who plays jonathan turner in boy meets world	Insufficient evidence
what is the biggest cash crop in kentucky	Insufficient evidence
where does the last name fox come from	Insufficient evidence
when will the man who killed don quixote be released	Insufficient evidence
in 1991 what country declared great while sharks a legally protected species	Insufficient evidence
who sang the bed you made for me	Insufficient evidence
who sings night time is the right time	Insufficient evidence
who plays the theme tune to hetty wainthropp	Insufficient evidence
where did brazil come in the world cup 2010	Insufficient evidence
what's the name of the pittsburgh steelers coach	Insufficient evidence
who sings let it be in across the universe	Insufficient evidence
under the stafford act declaration process who requests federal assistance	Insufficient evidence
who plays trina sister on real husbands of hollywood	Insufficient evidence
who played aunt pittypat in gone with the wind	Insufficient evidence
where did the church of god come from	Insufficient evidence
the difference between the vestibular folds and the vocal folds is that the vestibular folds	Insufficient evidence
who is considered the backbone of police services	Insufficient evidence
what is the main theme of a clockwork orange	Insufficient evidence
where are the green mountains located on a map	Insufficient evidence
where does the name salisbury steak come from	Insufficient evidence
who owns the ride the ducks in branson	Insufficient evidence
when did sourav ganguly made his odi debut	Insufficient evidence
when is the big 12 football championship game	Insufficient evidence
when did f w woolworth go out of business	Insufficient evidence
groundnut is mostly grown in which part of nigeria	Insufficient evidence
where was conquest of the planet of the apes filmed	Insufficient evidence
what is the name of the trophies awarded at the annual montreal fireworks festival	Insufficient evidence
who plays paul on days of our lives	Insufficient evidence
what brand of clothing has a whale logo	Insufficient evidence
who was the last man hung in australia	Insufficient evidence
who played for the boston milwaukee and atlanta braves	Insufficient evidence
where do trumpeter swans go in the winter	Insufficient evidence
ravi teja raja the great movie release date	Insufficient evidence
what movie was the song never say never in	Insufficient evidence
who is the greatest pool player of all time	Insufficient evidence
what is the priesthood in the mormon church	Insufficient evidence
who captained england for the centenary cricket test sereis in 1977	Insufficient evidence
where is klimt's tree of life located	Insufficient evidence
where does thunder bay get its name from	Insufficient evidence
when was the last time norway was in the world cup	Insufficient evidence
the moral of the story of the lion and the mouse	Insufficient evidence
a long chain of amino acids linked by peptide bonds is a	Insufficient evidence
what was added to the illinois state flag in 1969	Insufficient evidence
how many tiger projects are there in maharashtra	Insufficient evidence
what percentage of the us is home schooled	Insufficient evidence
last episode of one foot in the grave	Insufficient evidence
when was the first ever zumba instructor training conducted	Insufficient evidence
buffy the vampire slayer season 4 episode 20	Insufficient evidence
who does the voiceover for ice road truckers	Insufficient evidence
the largest meteorite ever found on earth has a mass of how many kg	Insufficient evidence
who raised oliver twist until he was 9 years old	Insufficient evidence
role of national human right commission in nigeria	Insufficient evidence
where was the worlds strongest gust of wind recorded	Insufficient evidence
timing of serial jiji maa on star bharat	Insufficient evidence
where do the us women's gymnastics team train	Insufficient evidence
what is the solvency ratio for insurance company	Insufficient evidence
on which status quo album did the song 'marguerita time' appear in	Insufficient evidence
what are the stories based on the isle of youth	Insufficient evidence
dodgers second baseman with four silver slugger awards	Insufficient evidence
what is it called when a soldier is sent home	Insufficient evidence
what is chelsea real name from that so raven	Insufficient evidence
who declared thanksgiving a national holiday in canada	Insufficient evidence
where do they feed the birds in mary poppins	Insufficient evidence
where was the movie day of the outlaw filmed	Insufficient evidence
who sang what we need is a great big melting pot	Insufficient evidence
when did the 5d mark iv come out	Insufficient evidence
what is the meaning of bandar in english	Insufficient evidence
what is the common makeup of a hydrogen atom	Insufficient evidence
who did the packers lose to in the 2016 playoffs	Insufficient evidence
what is the close up program in washington dc	Insufficient evidence
where in the oceans are siliceous oozes typically found	Insufficient evidence
who has to ask the queen's permission to marry	Insufficient evidence
who is the managing director of access bank	Insufficient evidence
where would you find the ocean of storms	Insufficient evidence
who brought the first lemon seeds to america	Insufficient evidence
who wrote the song burning ring of fire	Insufficient evidence
the largest indian glacier i.e. siachen occur in	Insufficient evidence
what is the generation between x and millennial	Insufficient evidence
who launched australia's first national daily newspaper	Insufficient evidence
what type of coaxial fitting is commonly used for cable tv	Insufficient evidence
what's the name of the target dog	Insufficient evidence
where was a major strike held in poland	Insufficient evidence
who wrote one day i'll fly away	Insufficient evidence
when does the movie summer of 84 come out	Insufficient evidence
what do they call snowboarders in johnny tsunami	Insufficient evidence
where did the paragon park roller coaster go	Insufficient evidence
who helped resolve the dispute between virginia and maryland	Insufficient evidence
who sings the song don't tell me you love me	Insufficient evidence
what is the name of the circus in if i ran the circus	Insufficient evidence
where did you know what i mean vern come from	Insufficient evidence
when did the argos move to bmo field	Insufficient evidence
what is the meaning of the name parul	Insufficient evidence
where did the first settlers of astoria move there from	Insufficient evidence
who sang looking through the window of love	Insufficient evidence
where does the song wind the bobbin up come from	Insufficient evidence
where was the st louis world fair held	Insufficient evidence
when were manatees put on the endangered list	Insufficient evidence
who broadened the doctrine of philosophy of language	Insufficient evidence
how many times has india hosted asian games	Insufficient evidence
when was the first wind farm built in australia	Insufficient evidence
the commercials that run across the bottom third of a tv screen are called	Insufficient evidence
uae minister of foreign affairs and international cooperation	Insufficient evidence
where are the walking legs of crustaceans found	Insufficient evidence
who wrote the national anthem of antigua and barbuda	Insufficient evidence
where did tommy battle go to high school	Insufficient evidence
which side of lake anna is the hot side	Insufficient evidence
misfits who does simon lose his virginity to	Insufficient evidence
who plays mama hattie on love thy neighbor	Insufficient evidence
when was the bells by edgar allan poe written	Insufficient evidence
who owns the times and the sunday times	Insufficient evidence
nothing more the stories we tell ourselves release date	Insufficient evidence
where is gifford pinchot state park in pennsylvania	Insufficient evidence
where was the john wayne movie hondo filmed	Insufficient evidence
what is the meaning of lrt in the philippines	Insufficient evidence
who was the teacher who died on the challenger	Insufficient evidence
who did david ryall play in call the midwife	Insufficient evidence
what does the star on the jordan flag mean	Insufficient evidence
what is the meaning of name iram in urdu	Insufficient evidence
where does the poop go in a space shuttle	Insufficient evidence
when did george patton compete in the olympics	Insufficient evidence
when did the range rover evoque come out	Insufficient evidence
what does the word meter mean in poetry	Insufficient evidence
how many horse hairs are on a violin bow	Insufficient evidence
what in greek orthodox church is a diocese	Insufficient evidence
who had founded the indian home rule society	Insufficient evidence
who is the first master chef of india	Insufficient evidence
which is the most powerful god in hinduism	Insufficient evidence
when did the show little bear come out	Insufficient evidence
who played ed hall on one life to live	Insufficient evidence
when did meghalaya formed its first coalition government	Insufficient evidence
when were electric trains introduced in the uk	Insufficient evidence
who is the founder of khan academy of hugli popular free online education platform	Insufficient evidence
man who climbed mount everest with no legs	Insufficient evidence
when did the song mony mony come out	Insufficient evidence
who did the voice of cita on bet	Insufficient evidence
who votes for acc player of the year	Insufficient evidence
what kind of car is jazz from transformers	Insufficient evidence
who did dos anjos beat for the title	Insufficient evidence
what happened to the group brighter side of darkness	Insufficient evidence
when did women get the vote in switzerland	Insufficient evidence
name the president of india who inaugurated the birla planetarium	Insufficient evidence
when was the last time the dbacks went to the playoffs	Insufficient evidence
who is the book of titus written to	Insufficient evidence
where is battleground 2017 going to be at	Insufficient evidence
who sings i hope that we can be together soon	Insufficient evidence
the kinked demand curve in oligopoly is used to explain	Insufficient evidence
who opposed the two factor theory of intelligence	Insufficient evidence
who was the first person to settle dodge city	Insufficient evidence
name the village of telangana in which coal was found for the first time	Insufficient evidence
what is the meaning of hundreds of thousands	Insufficient evidence
where does an ignition interlock device plug into	Insufficient evidence
winner of show me the money season 4	Insufficient evidence
who sings is someone else calling you baby	Insufficient evidence
official residence of south african president in cape town	Insufficient evidence
what is the name of the uva mascot	Insufficient evidence
where does the last name chambers come from	Insufficient evidence
function of department of social welfare and development in the philippines	Insufficient evidence
little house on the prairie mr edwards wife	Insufficient evidence
when did wells fargo buy first interstate bank	Insufficient evidence
at canterbury cathedral the shrine of is today marked by a single	Insufficient evidence
when did bounce out with that come out	Insufficient evidence
who played beth on mary tyler moore show	Insufficient evidence
when did us beat england in world cup	Insufficient evidence
where do you palpate the posterior tibial pulse	Insufficient evidence
who holds the record for most free throws made in a row	Insufficient evidence
rebecca how to get away with a murderer actress	Insufficient evidence
where was once i was a beehive filmed	Insufficient evidence
where are chief cells found in the stomach	Insufficient evidence
who sings the song i want you to stay	Insufficient evidence
who played little luke in the real mccoys	Insufficient evidence
what type of chemicals are dhea and androstenedione	Insufficient evidence
where is the bay hill golf course located	Insufficient evidence
who is known as the father of physical education in india	Insufficient evidence
what was the purpose of the zeppelin in ww1	Insufficient evidence
when was the last time china was in the world cup	Insufficient evidence
how many species of mangroves are there in australia	Insufficient evidence
the school of gymnastics is called in athens as	Insufficient evidence
who sings i'll take care of you	Insufficient evidence
what is the song zoot suit riot about	Insufficient evidence
who sang i got my mind made up	Insufficient evidence
who does denise marry on the cosby show	Insufficient evidence
where does the arizona trail start and end	Insufficient evidence
who played larry mondello in leave it to beaver	Insufficient evidence
who played marco dane on one life to live	Insufficient evidence
how many islands are there in the polynesian triangle	Insufficient evidence
what does the united states mission to the united nations do	Insufficient evidence
who sings the song breathe from grey's anatomy	Insufficient evidence
who played the girl in karate kid 3	Insufficient evidence
what is the meaning of the name pascal	Insufficient evidence
what helped protect constantinople from invasion by land	Insufficient evidence
the kid from the big apple filming location	Insufficient evidence
what is put on top of tiger bread	Insufficient evidence
who is the girl in the vermilion video	Insufficient evidence
who sang too many fish in the sea	Insufficient evidence
what is the meaning of potential in physics	Insufficient evidence
when was i look at the world written	Insufficient evidence
where did the first wisconsin state fair take place	Insufficient evidence
who plays noel kahn in pretty little liars	Insufficient evidence
who sang i'll sail this ship alone	Insufficient evidence
who sang the original version of my maria	Insufficient evidence
who is john writing to in 3 john	Insufficient evidence
when do they issue a small craft advisory	Insufficient evidence
who is known as iron woman of india	Insufficient evidence
when did charles buy gad's hill place	Insufficient evidence
why did new york city become the center of the garment industry in the united states	Insufficient evidence
when did the bank of the united states fail	Insufficient evidence
who sang the song stand up for the champion	Insufficient evidence
when did silver birch win the grand national	Insufficient evidence
when was the city of coral springs founded	Insufficient evidence
who voices the monkey in the pg tips advert	Insufficient evidence
where does the last name curtis come from	Insufficient evidence
the musketeers' trophy is awarded to the winner of men's singles title in	Insufficient evidence
where does laughter come from in the body	Insufficient evidence
who sang if you're looking for a way out	Insufficient evidence
who played charlotte lucas in bbc pride and prejudice	Insufficient evidence
who lit the torch for the 2018 winter olympics	Insufficient evidence
who sings a little dive bar in dahlonega	Insufficient evidence
where are they playing the memorial golf tournament	Insufficient evidence
tenderness on pressure at mcburney point is a diagnostic indicator of	Insufficient evidence
where does the last name mullins come from	Insufficient evidence
who plays judith on 3rd rock from the sun	Insufficient evidence
how did the calusa tribe get their food	Insufficient evidence
man's best friend movie what kind of dog	Insufficient evidence
who wrote we are standing on holy ground	Insufficient evidence
who played uncle peter in reeves and mortimer	Insufficient evidence
when was the last time burnley qualified for europe	Insufficient evidence
when is the sunday times rich list 2018 published	Insufficient evidence
who plays leroy jethro gibbs father on ncis	Insufficient evidence
where was the first ocean wave energy pilot power plant installed in india	Insufficient evidence
who won the mtv box cricket league 2018	Insufficient evidence
who played betty ramsey on i love lucy	Insufficient evidence
who sings the rhythm is going to get you	Insufficient evidence
man who ran for president with boot on head	Insufficient evidence
who plays dr maxfield in the vampire diaries	Insufficient evidence
who played the role of shakuni in mahabharat 2013	Insufficient evidence
who played duncan in monarch of the glen	Insufficient evidence
what does the word peloton mean in english	Insufficient evidence
what is the song feed the machine about	Insufficient evidence
what is the largest outdoor mall in america	Insufficient evidence
who wrote the song ask the blind man he saw it all	Insufficient evidence
what does the n on cortexs head mean	Insufficient evidence
who is the editor of the canberra times	Insufficient evidence
who owns gloria jeans coffee shops in australia	Insufficient evidence
who played big sam in gone with the wind	Insufficient evidence
who is the girl in the aha take on me video	Insufficient evidence
where did they film hot tub time machine	Insufficient evidence
what does the td in td ameritrade stand for	Insufficient evidence
when does the odds ratio approximate the relative risk	Insufficient evidence
what episode of glee does david try to kill himself	Insufficient evidence
who sang now is the time to get things right	Insufficient evidence
when does kindred spirits come back on 2017	Insufficient evidence
where did the name locks heath come from	Insufficient evidence
who played claudia in how i met your mother	Insufficient evidence
who is alma the younger in the book of mormon	Insufficient evidence
where is the hinge joint located in the human body	Insufficient evidence
when was the last time israel won the eurovision	Insufficient evidence
who wrote the song when i get carried away	Insufficient evidence
who stars in the 2016 nollywood film surulere	Insufficient evidence
where does the last name urbina come from	Insufficient evidence
how many students attend deer creek high school	Insufficient evidence
when is the lizzie borden movie coming out	Insufficient evidence
who is sara harvey in pretty little liars	Insufficient evidence
what type of bridge is the infinity bridge	Insufficient evidence
what is the difference between a raven and a crow in australia	Insufficient evidence
how many sampath bank branches in sri lanka	Insufficient evidence
what was the highest number of u.s. soldiers in south vietnam at one time	Insufficient evidence
who plays dr russell on grey's anatomy	Insufficient evidence
when did canada withdraw from the kyoto protocol	Insufficient evidence
who was the founder of the varmana dynasty	Insufficient evidence
when did zagreb become the capital of croatia	Insufficient evidence
who played the killer in scary movie 1	Insufficient evidence
when was the ferris wheel in paris built	Insufficient evidence
where did they film the roy rogers show	Insufficient evidence
when did the halfpenny go out of circulation in ireland	Insufficient evidence
number of weddings per year in the us	Insufficient evidence
the oxygen flow rate for a nasal cannula should not exceed	Insufficient evidence
where is the red dog saloon in alaska	Insufficient evidence
who plays dixie in the fox and the hound 2	Insufficient evidence
who came up with the theory of endosymbiosis	Insufficient evidence
what level of hockey are the humboldt broncos	Insufficient evidence
when did the london docklands go into decline	Insufficient evidence
who funds the frontier centre for public policy	Insufficient evidence
when was krakauer considered a success as a writer	Insufficient evidence
who played dr loveless in wild wild west movie	Insufficient evidence
who is the first female engineer in india	Insufficient evidence
who played the witch in hr puff n stuff	Insufficient evidence
when were state pensions introduced in the uk	Insufficient evidence
themes in my mother said i never should	Insufficient evidence
who sings the song i'm on my way	Insufficient evidence
for a patient who is short of breath and is experiencing cardiac problems a helpful position may be	Insufficient evidence
when did meadowlark lemon play for the globetrotters	Insufficient evidence
when did the weather channel start naming winter storms	Insufficient evidence
who sang the song your nobody called today	Insufficient evidence
who sang i've got the key i've got the secret	Insufficient evidence
who played detective green on law and order	Insufficient evidence
when did gas monkey bar and grill open	Insufficient evidence
who wrote the music for muppets most wanted	Insufficient evidence
who wrote the song am i losing you	Insufficient evidence
where do wax worms live in the wild	Insufficient evidence
who wrote the assyrian came down like a wolf on the fold	Insufficient evidence
degree of workability is high when slump is	Insufficient evidence
who voiced edward kenway in assassin creed 4	Insufficient evidence
who is the mayor of salt lake city utah	Insufficient evidence
how many villages are there in phek district	Insufficient evidence
who played mickey pearce in only fools and horses	Insufficient evidence
where is the born place of cp pallipuram	Insufficient evidence
gestational sac but no yolk sac and embryo	Insufficient evidence
when did the modern slavery act come into force	Insufficient evidence
who is regarded as the first law giver	Insufficient evidence
who does liliana mumy play in the loud house	Insufficient evidence
what is the forest spirit in princess mononoke	Insufficient evidence
who hosted the reality show called mr. personality	Insufficient evidence
who sings the song i feel like bustin loose	Insufficient evidence
who is the host of top chef canada	Insufficient evidence
tortug'air is which country's national flag carrier	Insufficient evidence
when was the bull leaping bronze statue found	Insufficient evidence
what is the meaning of the word beowulf	Insufficient evidence
where was the movie fathers and daughters filmed	Insufficient evidence
fairground ride where you stick to the wall	Insufficient evidence
who did jessica mcnamee play in home and away	Insufficient evidence
who played peter on days of our lives	Insufficient evidence
who wrote the music for a bridge too far	Insufficient evidence
what does walls by kings of leon mean	Insufficient evidence
where is located the house of the hart to hart	Insufficient evidence
when was the first mall built in india	Insufficient evidence
which tribe was allied with the british in the battle of queenston	Insufficient evidence
when was the first solar powered calculator invented	Insufficient evidence
when was most of the continental us deforested	Insufficient evidence
where did the tour de france start in 1954	Insufficient evidence
who wrote like a fox on the run	Insufficient evidence
when did baseball players stop leaving their gloves on the field	Insufficient evidence
when did the first pair of beats come out	Insufficient evidence
more recent versions of flywire are made of a thread comprised of what material	Insufficient evidence
who sings the song the bluest eyes in texas	Insufficient evidence
when is bring your dog to work day	Insufficient evidence
in against the sun what type of plane is shown in the movie	Insufficient evidence
when was oriental life insurance company established in india	Insufficient evidence
when was south oak cliff high school built	Insufficient evidence
when was the big walker mountain tunnel built	Insufficient evidence
where was the first air force base located	Insufficient evidence
who plays nick on the young and the restless	Insufficient evidence
where did twin explosion that took place in quick succession on april 14 2006	Insufficient evidence
who migrated to south australia in the colonial era	Insufficient evidence
where was the first world youth day held	Insufficient evidence
who played jenny wolek on one life to live	Insufficient evidence
when did the simpsons get a new intro	Insufficient evidence
where is the kola peninsula located on a map	Insufficient evidence
who plays nurse rose on grey's anatomy	Insufficient evidence
when does the movie flat liners come out	Insufficient evidence
where is shoal creek golf course in alabama	Insufficient evidence
actresses who played margo hughes on as the world turns	Insufficient evidence
who is the writer of a century is not enough	Insufficient evidence
who sang i won't give up on you	Insufficient evidence
who plays tom on halt and catch fire	Insufficient evidence
what is the song kill a word about	Insufficient evidence
when did amsterdam become capital of the netherlands	Insufficient evidence
what is the meaning of nandini in english	Insufficient evidence
2) what type of nutrition do euglenids have	Insufficient evidence
who sang i love you yes i do	Insufficient evidence
who is the actress who plays mary in coronation street	Insufficient evidence
where was the movie across the line filmed	Insufficient evidence
who was the second prime minister of kenya	Insufficient evidence
what is the song wide open spaces about	Insufficient evidence
when was new york taken by the british	Insufficient evidence
where does the river alt start and end	Insufficient evidence
what is the mass of the last supper	Insufficient evidence
when did daddy die from the dog whisperer	Insufficient evidence
when do the trolls first appear in homestuck	Insufficient evidence
where was it came from outer space filmed	Insufficient evidence
the injection of a drug with a needle is called	Insufficient evidence
indian who played a very important role in world communist movement	Insufficient evidence
shahrukh khan & aamir khan together in a film	Insufficient evidence
knoop hardness test is used to measure the hardness of	Insufficient evidence
miss world japan 2016 is a great grand child of a former chief minister of	Insufficient evidence
who played andy garvey in little house on the prairie	Insufficient evidence
who does blaine sing to in silly love songs	Insufficient evidence
who wrote the song if that isn't love	Insufficient evidence
what is the name of the game in love 020	Insufficient evidence
who has won the chennai open atp men's singles	Insufficient evidence
vice president of the confederacy during the civil war	Insufficient evidence
what song did katrina and the waves win eurovision with	Insufficient evidence
who played carmen's boyfriend on george lopez	Insufficient evidence
where does the blue poison dart frog live	Insufficient evidence
where are the icbms in the us located	Insufficient evidence
bank of england base rate what does it mean	Insufficient evidence
rick and morty episode where rick freezes time	Insufficient evidence
where did don't talk to me or my son again come from	Insufficient evidence
who is the owner of v6 telugu news channel	Insufficient evidence
who does the voice of kaos in skylanders	Insufficient evidence
who was the last person to be hanged in northern ireland	Insufficient evidence
why is there a welsh community in patagonia	Insufficient evidence
how many episodes in season 4 of rectify	Insufficient evidence
how many rv parks are there in the united states	Insufficient evidence
who plays doug witter on dawson's creek	Insufficient evidence
who played mr dewey on saved by the bell	Insufficient evidence
where does the last name calderon originate from	Insufficient evidence
where did nick from new girl go to college	Insufficient evidence
who plays elliot in a very murray christmas	Insufficient evidence
who tells rachel that ross slept with chloe	Insufficient evidence
first blues artist to play the electric guitar	Insufficient evidence
a flat utensil on which we food to eat	Insufficient evidence
who explored the entire mississippi to the gulf of mexico	Insufficient evidence
first jet to land on an aircraft carrier	Insufficient evidence
who sings the song my love is alive	Insufficient evidence
who wrote what a feeling by one direction	Insufficient evidence
what is the tallest building in miami florida	Insufficient evidence
where is air vented from a hydronic heating system	Insufficient evidence
what breed of dog was zoltan hound of dracula	Insufficient evidence
what term is used to describe a childs inability to see the world	Insufficient evidence
what is the name of the restaurant that insults you	Insufficient evidence
what is the population of yankton south dakota	Insufficient evidence
you were never really here uk release date	Insufficient evidence
how far is the gulfstream from charleston sc	Insufficient evidence
where had the man set a fire in 2006 for which he was also arrested and charged	Insufficient evidence
boston bruins retired his number 4 in 1979 robert	Insufficient evidence
where is the whistle stop cafe from the movie fried green tomatoes	Insufficient evidence
when does dr. hahn leave grey's anatomy	Insufficient evidence
who did lia williams play in the missing	Insufficient evidence
when was crawl out through the fallout made	Insufficient evidence
when did grant's vodka change to glens	Insufficient evidence
where is airport high school in south carolina	Insufficient evidence
who plays lily in power rangers jungle fury	Insufficient evidence
who gets cut in half in bone tomahawk	Insufficient evidence
who sings tell me if you still care	Insufficient evidence
who was the lead singer of new birth	Insufficient evidence
where was the movie seven days in utopia filmed	Insufficient evidence
what is the meaning of the name demetrius	Insufficient evidence
who did the music for the last unicorn	Insufficient evidence
what engine does a 2003 honda accord have	Insufficient evidence
when was the ford sierra launched in the uk	Insufficient evidence
when was the first open university established in india	Insufficient evidence
who founded the royal academy of music answers	Insufficient evidence
who sang amen in lilies of the field	Insufficient evidence
what is the characteristic feature of bouchard's nodes	Insufficient evidence
how do you spell the girl's name louis	Insufficient evidence
who wrote the song unthinkable for alicia keys	Insufficient evidence
when was a ceasefire agreement signed in darfur	Insufficient evidence
where does tempe town lake water come from	Insufficient evidence
who are responsible for enforcing the weights and measures act	Insufficient evidence
who sang the song rub it in rub it in	Insufficient evidence
who sings it don't hurt like it used to	Insufficient evidence
who wrote the song miles and miles of texas	Insufficient evidence
where does the river roch begin and end	Insufficient evidence
when did team spirit win the grand national	Insufficient evidence
who wrote the opening number for the 2013 tony awards	Insufficient evidence
which two us senators proposed and helped pass the investment platform roth ira	Insufficient evidence
what kind of clams are used for clam strips	Insufficient evidence
who is the current chairman of the ntsb	Insufficient evidence
who sang there no one quite like grandma	Insufficient evidence
who sings oh santa in a christmas melody	Insufficient evidence
who divided the interior of the earth into 3 zones sial sima nife	Insufficient evidence
how many different species of birds are there in australia	Insufficient evidence
what is the origin of the name dominic	Insufficient evidence
what do you call a person who tastes food	Insufficient evidence
when does the school year start in taiwan	Insufficient evidence
who was donald fisher married to in home and away	Insufficient evidence
who was inducted into the national inventors hall of fame first	Insufficient evidence
who is the girl in the walking after you video	Insufficient evidence
who left the joint in the parking lot the office	Insufficient evidence
according to daniel 7 what did daniel see in his dream	Insufficient evidence
who wrote the song i let her lie	Insufficient evidence
who did peter egan play in downton abbey	Insufficient evidence
who plays sonny's dad on days of our lives	Insufficient evidence
how long is the bio sat subject test	Insufficient evidence
what ocean zone does the frilled shark live in	Insufficient evidence
who sings must be the music that's turning me on	Insufficient evidence
how many games did the oakland raiders win last year	Insufficient evidence
who played trinity in sons of anarchy season 3	Insufficient evidence
party cove lake of the ozarks mile marker	Insufficient evidence
who played paul in monarch of the glen	Insufficient evidence
when does edge of the empire take place	Insufficient evidence
who is the rapper that wears a clock	Insufficient evidence
where was the movie pink cadillac filmed at	Insufficient evidence
what is the name of thor s hammer	Insufficient evidence
who said we are not retreating we're advancing in another direction	Insufficient evidence
what is the first step in the marketing research procedure	Insufficient evidence
when did the new shape kia sportage come out	Insufficient evidence
who played the lawyer in parks and recreation	Insufficient evidence
where does the water from turner falls come from	Insufficient evidence
how many species of bats are there in australia	Insufficient evidence
who wrote safe and sound by capital cities	Insufficient evidence
who is the most decorated marine in history	Insufficient evidence
who is known as the father of strategy management	Insufficient evidence
where did the ioway tribe live in iowa	Insufficient evidence
when was the first pair of headphones invented	Insufficient evidence
global 500 award is given for rare achievement in the field of	Insufficient evidence
what is an animal that has a segmented body	Insufficient evidence
what kind of animal is squidward on spongebob	Insufficient evidence
who is often considered the first feminist psychologist	Insufficient evidence
when did london win the 2012 olympic bid	Insufficient evidence
who sang i got bills i gotta pay	Insufficient evidence
who plays the voice of steel in max steel	Insufficient evidence
who wrote sunday will never be the same	Insufficient evidence
who was the first american killed in afghanistan	Insufficient evidence
where did the dog strangling vine come from	Insufficient evidence
who won the missouri valley conference this year	Insufficient evidence
who sang i wanna go outside in the rain	Insufficient evidence
who did batman fight in marvel vs dc	Insufficient evidence
who plays edward meechum in house of cards	Insufficient evidence
how many colleges and universities in the uk	Insufficient evidence
when is the start of pba commissioner's cup 2018	Insufficient evidence
where was the trail of the lonesome pine filmed	Insufficient evidence
in classical conditioning the term neutral stimulus is used to indicate that a stimulus	Insufficient evidence
who is playing in the cure bowl 2017	Insufficient evidence
when did they start making fuel injected dirt bikes	Insufficient evidence
who sings the song you light up my life	Insufficient evidence
who played in the movie the man who fell to earth	Insufficient evidence
who did lincoln play in home and away	Insufficient evidence
in the episode homer alone where is marge sent for a weekend break	Insufficient evidence
what football team did al bundy play for	Insufficient evidence
who was the first guitarist to use a wah wah pedal	Insufficient evidence
what is red hot chili peppers snow about	Insufficient evidence
who played the guitar solo on midnight at the oasis	Insufficient evidence
who does the bc employment standards act apply to	Insufficient evidence
when did good guys go out of business	Insufficient evidence
who wrote the song don't take the girl	Insufficient evidence
who sings i left something turned on at home	Insufficient evidence
what does first aid in disk utility do	Insufficient evidence
who has the best bowling average in test cricket	Insufficient evidence
independence of judiciary is pertinent because it accords the judiciary the power to	Insufficient evidence
what part of boston is umass boston in	Insufficient evidence
who won the first wanna be a vj contest on mtv	Insufficient evidence
what was the last year ford made tractors	Insufficient evidence
when did the yamaha xt250 get fuel injection	Insufficient evidence
when was the first hard disk is made available for macintosh computers	Insufficient evidence
where is the mls all star game being played	Insufficient evidence
who played kowalski on voyage to the bottom of the sea	Insufficient evidence
who wrote please don't tell me how the story ends	Insufficient evidence
where does the heat from geothermal energy come from	Insufficient evidence
who played archie bunker on all in the family	Insufficient evidence
who is the winner of top model india	Insufficient evidence
who sings the song i hate my life	Insufficient evidence
who was conferred with dcl an honorary degree by oxford university	Insufficient evidence
when was here i am to worship written	Insufficient evidence
march of the penguins is an example of	Insufficient evidence
during the 1920s the united states economy move through which phase of the business cycle	Insufficient evidence
who has the most home runs in red sox history	Insufficient evidence
who designed the church of the holy cross in southwest germany	Insufficient evidence
when is a case allocated to its appropriate track	Insufficient evidence
the boy scout who built a nuclear reactor	Insufficient evidence
who was the bobby hopper tunnel named after	Insufficient evidence
who is the owner of being human brand	Insufficient evidence
what channel did faction move to on sirius xm	Insufficient evidence
who makes the diesel engine for land rover	Insufficient evidence
who played betsy stewart on as the world turns	Insufficient evidence
who won last year’s timico cheltenham gold cup	Insufficient evidence
2000 film starring imelda staunton and peter postlethwaite	Insufficient evidence
where was the first ever bitcoin atm machine installed	Insufficient evidence
when was the guns and roses riot in st louis	Insufficient evidence
who played roy disney in walt before mickey	Insufficient evidence
how many stories is the tallest building in nigeria	Insufficient evidence
who played the role of anant velankar in the movie ardh satya	Insufficient evidence
who sings will you ever see the day	Insufficient evidence
what album is palm trees by flatbush zombies on	Insufficient evidence
who came up with the hammer and sickle	Insufficient evidence
who played superman in the hindi version of the film in 1987	Insufficient evidence
what is the meaning of the name fernanda	Insufficient evidence
when did the united nations designate henderson island a world heritage site	Insufficient evidence
who runs the brothel in game of thrones	Insufficient evidence
title given to the eldest son of the king of france	Insufficient evidence
when did roller derby first appear in the press	Insufficient evidence
what region of the world is sudan in	Insufficient evidence
where did kent hrbek go to high school	Insufficient evidence
who was the voice of carlton the doorman	Insufficient evidence
what is the meaning of my name adrian	Insufficient evidence
who wrote all the way home tamar braxton	Insufficient evidence
when was the last time the spurs won less than 50 games	Insufficient evidence
who plays the director of funny girl in glee	Insufficient evidence
when one of a kitten's eyes was sewn shut the main changes in the visual system affected the	Insufficient evidence
who laid the cornerstone of the us capitol	Insufficient evidence
what are the financial plans that governments and businesses prepare yearly	Insufficient evidence
where does the last name boren come from	Insufficient evidence
what are the duties of a church usher	Insufficient evidence
where was the film ring of bright water filmed	Insufficient evidence
when did the 5th circuit became the 11th circuit	Insufficient evidence
what animal lives in the center of the puerto rican coat of arms	Insufficient evidence
priyanka chopra got national award for which movie	Insufficient evidence
who was the first ghanaian to become a lawyer	Insufficient evidence
where are caucasus mountains located on a map	Insufficient evidence
who sings do you mind if i stroke you up	Insufficient evidence
11. what was the legislative assembly of czarist russia from 1905 to 1917 called	Insufficient evidence
what is plug and play installation of windows	Insufficient evidence
who was shane park named after in detroit	Insufficient evidence
when was the first synthetic blood approved for human use	Insufficient evidence
who does max greenfield play in ice age	Insufficient evidence
where is blanco canyon from the movie the big country	Insufficient evidence
who plays zach in the big bang theory	Insufficient evidence
when did john terry first play for chelsea	Insufficient evidence
when was pslv launched for the first time	Insufficient evidence
when did equal pay for equal work begin	Insufficient evidence
who did john stape kill in coronation st	Insufficient evidence
who wrote double shot of my baby's love	Insufficient evidence
what day does the chester chronicle come out	Insufficient evidence
who scored winning run in 1997 world series	Insufficient evidence
who identified several general guiding principles for moral behavior	Insufficient evidence
what is the full form of p r i	Insufficient evidence
who wrote the song all i have to offer you is me	Insufficient evidence
when was the first comprehensive school opened in england	Insufficient evidence
when did the fire falls stop in yosemite	Insufficient evidence
who starred in the movie angels in the outfield	Insufficient evidence
when was ethnomethodology used for the first time	Insufficient evidence
who started the chant i believe that we will win	Insufficient evidence
how many uk number ones has boyzone had	Insufficient evidence
who played mary mae ward on general hospital	Insufficient evidence
how long is the roosevelt bridge in stuart fl	Insufficient evidence
who played jordan on the bernie mac show	Insufficient evidence
when do you hand in a term paper	Insufficient evidence
who sang shall we dance in the king and i	Insufficient evidence
where was the movie the way west filmed	Insufficient evidence
who played nancy in little house on the prairie	Insufficient evidence
in which year the nationalisation of subsidiary bank of the state bank of india was done	Insufficient evidence
where does the snake river in minnesota start	Insufficient evidence
when was the soil and water conservation act passed	Insufficient evidence
who was the first host of first take	Insufficient evidence
which information service provides market share information for an investor	Insufficient evidence
how many citizenships can you have in switzerland	Insufficient evidence
sri lanka cricket team highest score in test	Insufficient evidence
where was the very first tarzan movie filmed in 1917	Insufficient evidence
what is the genus edition of trivial pursuit	Insufficient evidence
what is a cake of raisins in the bible	Insufficient evidence
who sang live fast love hard die young	Insufficient evidence
who is on the cover of the very best of the smiths album	Insufficient evidence
how many ip addresses in a 8 block	Insufficient evidence
who sang i'll cry if i want to	Insufficient evidence
where do 2 000 musicians from over 20 countries play each july	Insufficient evidence
who plays tris prior in the movie divergent	Insufficient evidence
what flag is black with a white cross	Insufficient evidence
the baker plan for addressing the debt crisis was based on the assumption that	Insufficient evidence
when did medical center of the rockies open	Insufficient evidence
who plays cindy sanders in freaks and geeks	Insufficient evidence
orion was killed by a massive scorpion sent by gaea after he	Insufficient evidence
when was the place de la bastille built	Insufficient evidence
who composed the music of the national anthem of mauritius	Insufficient evidence
where does aero contractors fly from in lagos	Insufficient evidence
where did king of prussia get its name	Insufficient evidence
where does the last name zacarias come from	Insufficient evidence
when did communication scholars start to research new technologies like the internet	Insufficient evidence
when did it become legal to own gold again	Insufficient evidence
where is sagawa express co. ltd's headquarters located	Insufficient evidence
why were 11 miles of the cuckoo trail sold in 1986	Insufficient evidence
last cardinals pitcher to throw a no hitter	Insufficient evidence
when was the first combatives field manual written	Insufficient evidence
when was the north dakota state capitol built	Insufficient evidence
where does the cuckoo bird lay its eggs	Insufficient evidence
what episode of adventure time is lemongrab in	Insufficient evidence
who played chips girlfriend polly on my three sons	Insufficient evidence
when did coco pops come out in the uk	Insufficient evidence
who won season 4 of the amazing race	Insufficient evidence
who did ed sheeran wrote nancy mulligan about	Insufficient evidence
who played howard in last of the summer wine	Insufficient evidence
a promise in exchange for a promise is an example of	Insufficient evidence
what type of loan is the perkins loan	Insufficient evidence
where does the last name ewing come from	Insufficient evidence
when did the lead singer of survivor die	Insufficient evidence
who won the roller derby world cup 2018	Insufficient evidence
where did they film the movie summer rental	Insufficient evidence
where did rolling out the red carpet come from	Insufficient evidence
how many games did okc win last year	Insufficient evidence
when did the last steam train run on the london underground	Insufficient evidence
where does the last name monaghan come from	Insufficient evidence
where does ford rank in the auto industry	Insufficient evidence
the first weekly bengali newspaper samachar darpan was published by	Insufficient evidence
where does the steller's sea eagle live	Insufficient evidence
who played elvis in the movie elvis and me	Insufficient evidence
when was the last time mount cameroon erupted	Insufficient evidence
when did parents just don't understand come out	Insufficient evidence
who wrote the song let the good times roll	Insufficient evidence
where was the killers read my mind filmed	Insufficient evidence
who does michael marry in the wedding plan	Insufficient evidence
who played scott in buffy the vampire slayer	Insufficient evidence
who sang i like driving in my car	Insufficient evidence
what does milli mean in the metric system	Insufficient evidence
what was built in an effort of cooperation between north and south korea	Insufficient evidence
who wrote the poem the days of wine and roses	Insufficient evidence
what is ralph angels real name on queen sugar	Insufficient evidence
who is the host of big beach builds	Insufficient evidence
what does m and m stand for in medicine	Insufficient evidence
who wrote it was almost like a song	Insufficient evidence
who was the lead singer of ram jam	Insufficient evidence
what is the meaning of nilesh in hindi	Insufficient evidence
who scored the first ever goal at pride park	Insufficient evidence
who sings burgers & fries & cherry pies	Insufficient evidence
how do you say zero fear in spanish	Insufficient evidence
who was buried in the rock-cut tombs at beni-hasan	Insufficient evidence
judas priest defenders of the faith tour dates	Insufficient evidence
who wrote the song paint me a birmingham	Insufficient evidence
what is the busiest station on the london underground	Insufficient evidence
when did the song selfish by rihanna come out	Insufficient evidence
when do you need a hearing conservation program	Insufficient evidence
who wrote the song something's gotta give	Insufficient evidence
where does the napa valley wine train go	Insufficient evidence
when do we find out who killed amy barnes	Insufficient evidence
where is the patent process referenced in the constitution of the united states	Insufficient evidence
what year did molissa fenley perform state of darkness	Insufficient evidence
how many fraternities and sororities are at miami university	Insufficient evidence
who led the revolt of 1857 in allahabad	Insufficient evidence
who does victoria justice play in zoey 101	Insufficient evidence
who sings she only smokes when she drinks	Insufficient evidence
what ship was used in the movie magnum force	Insufficient evidence
who is principal secretary to prime minister of india	Insufficient evidence
how many embassies are there in washington dc	Insufficient evidence
when did from the d to the a release	Insufficient evidence
where does the last name atkinson come from	Insufficient evidence
where is the 2017 mountain west championship game played	Insufficient evidence
when does the movie eigth grade come out	Insufficient evidence
which american inventor invented the commercial telegraph based on joseph henry work	Insufficient evidence
where is oxbridge academy located in south africa	Insufficient evidence
who is known as the father of homeopathy	Insufficient evidence
when does the movie woman walks ahead come out	Insufficient evidence
what vertebra is at the level of the iliac crest	Insufficient evidence
who wrote a good heart is hard to find	Insufficient evidence
when did arthur fowler steal the christmas money	Insufficient evidence
who is the childhood prodigy who mastered the mandolin	Insufficient evidence
who sang i love to laugh in mary poppins	Insufficient evidence
who sings she ain't worth the whiskey	Insufficient evidence
when did mario kart come out on wii	Insufficient evidence
who wrote in the heart of the night	Insufficient evidence
what was bill cosby's job in the cosby show	Insufficient evidence
how many eiffel towers are there in the world	Insufficient evidence
where does the san fermin festival take place	Insufficient evidence
who plays jacqueline in the devil wears prada	Insufficient evidence
who sang please don't talk to the lifeguard	Insufficient evidence
who does tom have an affair with desperate housewives	Insufficient evidence
synthetic approaches to instruction are also known as what kind of approach to instruction	Insufficient evidence
when is the constellation perseus visible in the northern hemisphere	Insufficient evidence
what number does the bars of tres zapotes represent	Insufficient evidence
when did o level grades change from numbers to letters	Insufficient evidence
where does my grandmother asked me to tell you shes sorry take place	Insufficient evidence
first secretary of defense for the united states	Insufficient evidence
who voiced uncle ted on bobby's world	Insufficient evidence
who was the second pope of the catholic church	Insufficient evidence
when is the world figure skating championships 2018	Insufficient evidence
when did bill knapps go out of business	Insufficient evidence
when does the champions league group stages start	Insufficient evidence
macbeth drama in kannada was written by which author	Insufficient evidence
who did the panthers lose to in the playoffs last year	Insufficient evidence
where does the movie revolutionary road take place	Insufficient evidence
on what day of the year is the sun near the star regulus (alpha leo)	Insufficient evidence
when do symptoms of axon damage show up	Insufficient evidence
what is the top of a pyramid called	Insufficient evidence
what does nec aspera terrent mean in english	Insufficient evidence
how many dd's discount stores are there	Insufficient evidence
who is the girl in crawling linkin park video	Insufficient evidence
what continent is new zealand part of map	Insufficient evidence
according to john hopkins university what is the color of the universe	Insufficient evidence
who played aunt ethel on sanford and son	Insufficient evidence
begum akhtar specialised in which form of vocal music	Insufficient evidence
how much data does the large hadron collider produce	Insufficient evidence
acral gangrene is a complication of which disease	Insufficient evidence
where did the idea of a messiah come from	Insufficient evidence
who plays emily and katie's dad in skins	Insufficient evidence
where did the denver broncos coach come from	Insufficient evidence
who sings the song if i die before i wake feed jake	Insufficient evidence
who selects georgia's state superintendent of schools	Insufficient evidence
who pitched the first no-hitter in orioles history	Insufficient evidence
what type of currency is used in afghanistan	Insufficient evidence
who sings zoom zoom zoom and a boom boom	Insufficient evidence
who owns the old course hotel st andrews	Insufficient evidence
who is talking at the beginning of wale matrimony	Insufficient evidence
super glue was discovered by accident during development research on what	Insufficient evidence
where is the nehru boat race held in india	Insufficient evidence
what is the system of government in indonesia	Insufficient evidence
what does nam mo a di da phat mean	Insufficient evidence
what is the population of co op city	Insufficient evidence
who played sax on a million love songs	Insufficient evidence
when did st george last win the grand final	Insufficient evidence
when do the swallows go back to capistrano	Insufficient evidence
where is the harley davidson street 750 made	Insufficient evidence
who did the brewers get for khris davis	Insufficient evidence
the negro act of 1740 was a reaction to what	Insufficient evidence
when did full throttle open at six flags	Insufficient evidence
this person was a long-standing leader of the dravidian movement	Insufficient evidence
when was the temple of hercules victor built	Insufficient evidence
who plays papi jr in beverly hills chihuahua 2	Insufficient evidence
the barkana waterfalls is located in which state	Insufficient evidence
how many rings does kenny the jet smith have	Insufficient evidence
how many seasons of young dracula are there	Insufficient evidence
who's the captain of the new jersey devils	Insufficient evidence
where did andy sail to in the office	Insufficient evidence
who is credited with bringing intelligence testing to the united states	Insufficient evidence
give an example of an application use of thermal death time	Insufficient evidence
who sang one step forward two steps back	Insufficient evidence
in damon and pythias why does damon offer to take pythias's place in prison	Insufficient evidence
the current value in the arc welding is decided by	Insufficient evidence
the first model playground in the united states was	Insufficient evidence
who sings got you where i want you	Insufficient evidence
who wrote hell is the impossibility of reason	Insufficient evidence
when does rebel in the rye come out	Insufficient evidence
who was the leader of the french in the french and indian war	Insufficient evidence
when did the sony alpha a6000 come out	Insufficient evidence
who does the voice of paulie the bird	Insufficient evidence
where is the location of the dining room in relation to kitchen and serving area	Insufficient evidence
where did hurricane edith make landfall in 1971	Insufficient evidence
down by the river lyrics milky chance meaning	Insufficient evidence
who sings the dumb ways to die song	Insufficient evidence
when is mating season for white tailed deer	Insufficient evidence
what kind of processor is in a ps4	Insufficient evidence
where would phase contrast microscopy improve image quality	Insufficient evidence
how many number 1 hits did van halen have	Insufficient evidence
what does it mean when you flood your engine	Insufficient evidence
the washing or irrigating of the sinuses of patients who are failing to respond to treatment	Insufficient evidence
when did the international house of prayer start	Insufficient evidence
what is a echogenic focus on an ultrasound	Insufficient evidence
who sang hold on to what you got	Insufficient evidence
who plays chris on fear the walking dead	Insufficient evidence
who sang loving you has made me bananas	Insufficient evidence
who did oliver valentine marry in holby city	Insufficient evidence
trains from kings cross to central station sydney	Insufficient evidence
when is the jim jefferies show coming back to comedy central	Insufficient evidence
when was model secondary school for the deaf founded	Insufficient evidence
when did the maverick at cedar point open	Insufficient evidence
what county is st vincent's hospital in oregon	Insufficient evidence
what is the death penalty in south korea	Insufficient evidence
what is meant by segmentation in image processing	Insufficient evidence
who owns the golden lamb in lebanon ohio	Insufficient evidence
where does the last name roybal come from	Insufficient evidence
who sings timber i'm falling in love	Insufficient evidence
what does tmz stand for on the tv show	Insufficient evidence
when was the federal bureau of narcotics (now the dea) established	Insufficient evidence
most points by nhl player in one game	Insufficient evidence
who wrote lord have mercy on the working man	Insufficient evidence
two examples where low voltage transformers are used	Insufficient evidence
when was the r10+20 summit in rio de janeiro held	Insufficient evidence
when did david akers kick the 63 yard field goal	Insufficient evidence
what does the sun represent on the uruguay flag	Insufficient evidence
ambulatory is a term used in health care to describe	Insufficient evidence
who played mr. willoughby in sense and sensibility	Insufficient evidence
where does the river irk start and finish	Insufficient evidence
who gave a speech to the democratic national convention in 1984	Insufficient evidence
what is the oldest street in the philippines	Insufficient evidence
who sang the song oh what a lonely boy	Insufficient evidence
the intermaxillary segment formed by the fusion of the	Insufficient evidence
author of the hymn great is thy faithfulness	Insufficient evidence
who played the detective in little boy blue	Insufficient evidence
who killed missy in a bend in the road	Insufficient evidence
who said have you no sense of decency	Insufficient evidence
why was the battle of carnifex ferry important	Insufficient evidence
ajay devgan preity zinta and madhuri dixit movie	Insufficient evidence
who invented the submarine during the civil war	Insufficient evidence
when did athens emerges as wealthiest greek city state	Insufficient evidence
what is the origin of the name marilyn	Insufficient evidence
who sings i feel love with the blue man group	Insufficient evidence
where did the battle of corinth take place	Insufficient evidence
when did brent barry won the dunk contest	Insufficient evidence
what type of joint connects the incus with the malleus	Insufficient evidence
when was the day that the pubs ran dry in the poem 9-3	Insufficient evidence
who designed the traffic circle in long beach ca	Insufficient evidence
the oligodynamic effect is a phenomenon that describes	Insufficient evidence
where does kfc get their chicken in south africa	Insufficient evidence
who was the first executive president of guyana	Insufficient evidence
who was the famous scientist that ran the research lab moseley went to in manchester	Insufficient evidence
who plays the lion in the movie zookeeper	Insufficient evidence
when did radio shack change to the source	Insufficient evidence
what is the processor for google nexus 5	Insufficient evidence