{
  "start_time": 1758211840.7772121,
  "end_time": 1758211840.7792058,
  "total_duration_s": 0.0019936561584472656,
  "note_count": 5,
  "candidate_count": 0,
  "selected_edge_count": 0,
  "llm_pool_stats": {
    "calls": 0,
    "by_backend": {
      "lmstudio": 0,
      "ollama": 0
    }
  }
}